id,label
9297,0.628813
1196,0.440592
1425,0.428328
1755,0.630801
11041,0.639847
1476,0.642226
4906,0.336554
8299,0.359930
9589,0.572359
11837,0.444560
10530,0.341415
9373,0.529868
6357,0.426446
11805,0.623704
3959,0.364696
10328,0.358098
7615,0.552787
3318,0.335296
1481,0.638151
7735,0.601712
1351,0.569663
11397,0.418359
8414,0.679635
2013,0.467647
11019,0.595068
926,0.343100
5963,0.311047
8282,0.375630
7414,0.398111
1759,0.591183
3104,0.438994
4631,0.604817
121,0.391093
10928,0.344955
2313,0.575908
12077,0.347748
1211,0.594900
11310,0.648046
4128,0.318334
5983,0.525548
356,0.598781
7246,0.642266
4083,0.604532
7455,0.630631
12391,0.600999
7671,0.578955
11121,0.570121
10990,0.664461
9251,0.324534
2158,0.636262
4079,0.338642
4027,0.625655
9542,0.362454
7229,0.326357
11012,0.593344
12270,0.557573
10882,0.605446
9890,0.604053
3544,0.594649
118,0.569358
6470,0.348668
8485,0.564686
2560,0.588030
8513,0.490622
11146,0.636026
309,0.414184
7402,0.366630
4029,0.390207
10964,0.318400
3500,0.596026
4215,0.659411
8897,0.585354
5752,0.639018
2990,0.635613
10265,0.432824
2586,0.354586
1917,0.659486
6677,0.364475
6912,0.639715
7516,0.604884
8858,0.416227
2786,0.572475
2816,0.332189
10675,0.461176
10403,0.680524
112,0.611848
594,0.629022
2272,0.621639
5745,0.334243
10889,0.415222
7814,0.643635
2530,0.340496
12459,0.632173
810,0.542863
4693,0.633004
1648,0.438787
8157,0.643945
8695,0.563198
1036,0.599781
9815,0.614903
7617,0.322781
2797,0.345941
9600,0.535445
4505,0.316392
7692,0.337062
1498,0.622710
6574,0.590640
9613,0.640203
11081,0.655016
10507,0.445507
6249,0.636524
12051,0.569075
214,0.619707
9233,0.625836
6660,0.422667
8944,0.572145
6946,0.462848
5201,0.377659
10770,0.572093
11583,0.367313
5361,0.603263
2980,0.329263
10471,0.399952
10830,0.332727
6228,0.332215
8175,0.475574
6254,0.609280
2956,0.618279
1852,0.408764
2050,0.598552
7454,0.647083
3206,0.608655
2749,0.425760
392,0.503858
5106,0.387029
12107,0.574206
2531,0.369583
6096,0.346334
10246,0.617494
5037,0.336554
4503,0.367329
11217,0.557797
4635,0.652720
11693,0.419778
4926,0.593696
10289,0.336774
7371,0.626032
6886,0.617574
2525,0.487077
6286,0.371757
568,0.601472
8749,0.348428
5959,0.544723
11581,0.492311
11642,0.610413
7071,0.410038
10504,0.615311
8630,0.564559
10003,0.613645
5133,0.489651
1033,0.533651
7905,0.328638
12447,0.501480
4822,0.627856
9780,0.369647
9481,0.605473
8056,0.582548
435,0.630631
9647,0.665424
11452,0.617294
6688,0.546622
10277,0.543398
270,0.631381
2604,0.423784
11328,0.343917
2787,0.648065
1903,0.653155
11467,0.333331
5518,0.374888
12115,0.404346
3595,0.659167
12088,0.585285
6689,0.348308
8988,0.393563
6952,0.568650
1604,0.330136
4999,0.622953
5092,0.588447
3324,0.382353
5582,0.371778
5718,0.547179
9072,0.606320
6145,0.413179
7494,0.676410
3482,0.619627
5933,0.359099
2195,0.567743
9034,0.336106
4424,0.589185
3604,0.424785
9255,0.587217
4783,0.562706
8183,0.620379
2651,0.576571
12499,0.668885
10186,0.505479
3975,0.434295
2361,0.540091
4117,0.437445
3349,0.459192
10798,0.643802
696,0.360107
5908,0.640271
6151,0.618919
1789,0.579012
7158,0.603103
2046,0.591058
11469,0.652265
1715,0.561951
1718,0.310972
8263,0.626589
3280,0.313439
2645,0.592095
4874,0.591034
5484,0.591959
2643,0.611491
8941,0.367737
6710,0.648011
11960,0.594102
10189,0.606358
10236,0.343859
6408,0.490755
4242,0.635303
6483,0.421855
911,0.390549
6209,0.586079
7786,0.405612
1650,0.562270
3747,0.495265
7785,0.627364
10238,0.537858
7534,0.656807
5177,0.607969
5598,0.417432
6573,0.603390
10781,0.362494
6786,0.615353
11486,0.633810
12268,0.612588
1431,0.582965
3253,0.580262
11650,0.627285
7011,0.403113
3170,0.580366
393,0.454373
11957,0.574360
320,0.390282
10086,0.656127
8674,0.468036
6059,0.323818
10243,0.591677
8602,0.338121
8569,0.618946
4836,0.635452
1376,0.609872
7567,0.636313
5945,0.378148
6533,0.339553
3209,0.644711
7924,0.361902
1277,0.324592
2658,0.383628
1663,0.467771
7580,0.655923
11679,0.412952
4805,0.648358
773,0.599714
1875,0.368206
2798,0.577000
10979,0.542854
10000,0.574134
6775,0.593614
4352,0.649495
3660,0.511204
8278,0.567136
8636,0.614082
4058,0.465202
12312,0.332233
3478,0.612493
8094,0.332074
8346,0.637281
9626,0.502946
461,0.534643
1901,0.403503
6213,0.451826
9204,0.611616
2637,0.425639
8906,0.381570
2255,0.609179
4017,0.488836
3196,0.588695
7326,0.631104
3063,0.366165
8407,0.602760
9522,0.321392
3554,0.630325
11677,0.638087
11068,0.413424
1612,0.660991
4714,0.514123
10845,0.552531
8373,0.344374
9733,0.400322
8759,0.589544
11143,0.672314
156,0.315540
4068,0.351996
8697,0.594610
7257,0.570262
196,0.562658
12408,0.340502
1122,0.637707
2577,0.618852
10474,0.563355
12076,0.637412
4797,0.628498
679,0.558625
2987,0.456069
10058,0.535956
9774,0.602565
4729,0.640561
7978,0.398458
351,0.393998
3127,0.318136
933,0.333946
5036,0.573637
8553,0.318820
9802,0.322993
3757,0.588958
11788,0.333027
379,0.599010
10790,0.548812
300,0.368024
5410,0.584368
10857,0.610942
11739,0.419416
1959,0.346917
8556,0.580422
9511,0.325611
8008,0.617285
5027,0.304641
7611,0.336858
4229,0.600648
7340,0.349590
1526,0.606032
1303,0.449438
6473,0.652165
7080,0.550499
4487,0.410329
1464,0.379187
1841,0.610899
10152,0.362063
11003,0.463971
605,0.322187
12075,0.643112
9205,0.344860
504,0.325254
3355,0.584382
4063,0.558064
8487,0.322215
8362,0.633377
4433,0.340378
65,0.611619
10870,0.483076
8905,0.396423
7855,0.367029
1700,0.314183
9381,0.660848
1441,0.328314
11935,0.592851
891,0.569577
11779,0.340115
12380,0.624671
2423,0.379838
7006,0.630207
7114,0.606312
6641,0.561558
4298,0.369235
1188,0.569258
6711,0.398799
10016,0.518652
3279,0.573799
5490,0.670702
11906,0.623365
1300,0.322602
752,0.595326
4726,0.599133
8370,0.574396
1687,0.633182
7639,0.363121
1471,0.617894
5918,0.396748
6692,0.327299
9715,0.496366
11834,0.419388
9393,0.612218
4163,0.416471
3140,0.473106
894,0.471914
4727,0.527323
3081,0.447488
8209,0.342170
2414,0.337603
2016,0.352336
3247,0.584631
1475,0.384633
8108,0.582747
7284,0.481302
4181,0.328066
9942,0.361116
9194,0.360039
3121,0.364314
7059,0.684755
3689,0.463317
3330,0.401727
467,0.591495
3516,0.321142
12259,0.579394
7009,0.387116
6867,0.425012
3099,0.642897
9632,0.337134
11709,0.588631
9725,0.429949
7441,0.416853
471,0.346050
8727,0.609655
12097,0.422844
5804,0.620653
2089,0.382649
819,0.638412
6176,0.604122
8589,0.632365
12324,0.514341
7190,0.647562
404,0.334927
9974,0.354454
8313,0.322823
7736,0.592238
7045,0.321959
10982,0.558849
9091,0.396138
6782,0.385923
12440,0.640918
7958,0.329514
3267,0.482845
2210,0.638940
7180,0.658651
336,0.343409
7275,0.419744
6047,0.623179
6739,0.350460
10856,0.318007
4188,0.331675
371,0.538074
3903,0.341211
278,0.487125
4138,0.605078
7394,0.332719
4127,0.344189
4198,0.611189
3066,0.621629
8193,0.600261
7481,0.347915
2744,0.640672
9986,0.562730
11438,0.619558
6607,0.627781
10316,0.600341
1960,0.370915
5013,0.458443
8761,0.504140
8369,0.617936
3415,0.330169
11641,0.359093
4526,0.600760
1743,0.574648
821,0.618989
5225,0.548222
1129,0.511893
2062,0.651759
6925,0.354903
12016,0.325779
423,0.626937
10131,0.571428
3036,0.336472
8611,0.632503
391,0.399881
12006,0.591924
6854,0.513308
8404,0.388361
5204,0.360742
1894,0.456055
2390,0.430245
6745,0.637896
8842,0.653411
8663,0.625377
4991,0.354852
8771,0.611725
5793,0.354567
4528,0.469994
10611,0.388085
5114,0.569858
1779,0.401516
11062,0.619306
6491,0.628815
7111,0.613490
1482,0.530058
11545,0.390518
7130,0.665920
4347,0.605141
7324,0.390085
12432,0.661456
11625,0.625399
5100,0.618410
1731,0.405760
12114,0.636520
3507,0.628802
7226,0.615708
3039,0.581270
6953,0.631497
1249,0.329962
3971,0.373757
2022,0.320340
5219,0.359411
3285,0.333241
977,0.505264
2717,0.573231
11211,0.507040
7507,0.438701
11859,0.406443
4964,0.343489
5781,0.438527
8620,0.600924
2523,0.600314
5912,0.350576
4112,0.370465
3662,0.534021
11790,0.553720
3230,0.321993
10933,0.320857
2614,0.624292
10052,0.415927
1930,0.549053
7816,0.607512
12495,0.335345
2421,0.340115
10584,0.549816
8859,0.332207
2218,0.372300
12389,0.345491
5461,0.333295
7636,0.554663
2724,0.564885
4221,0.385835
2934,0.315706
9252,0.436560
5234,0.632010
9794,0.340363
5110,0.412684
3810,0.619202
11630,0.607838
5402,0.624743
11958,0.512861
732,0.597128
1949,0.576673
10396,0.609009
6155,0.592643
2542,0.427318
10410,0.357753
4523,0.392411
2565,0.368896
3442,0.619187
152,0.439150
2811,0.484482
10295,0.444060
1279,0.642443
10907,0.608046
8803,0.473647
8393,0.340262
10066,0.398104
4240,0.586863
8597,0.349361
1773,0.565864
3826,0.590952
8728,0.605389
8643,0.586261
216,0.588755
7146,0.435668
10543,0.385944
2236,0.579027
6935,0.315617
11813,0.356435
7260,0.570194
9924,0.317699
3856,0.305118
10177,0.535395
11588,0.346352
8676,0.593870
2667,0.366717
1272,0.624977
251,0.601542
4297,0.602810
4105,0.438568
9159,0.634881
5855,0.478151
10254,0.642766
5058,0.430971
4887,0.609951
12370,0.326828
4480,0.644023
7078,0.580296
7173,0.333364
11716,0.613122
4986,0.666191
4878,0.328009
1611,0.430704
6261,0.502575
10681,0.324329
2454,0.397447
9361,0.635636
8330,0.326187
677,0.314654
3618,0.322091
7685,0.386088
4040,0.563906
1246,0.424389
2105,0.344415
10720,0.612689
10330,0.368837
102,0.599312
9610,0.409633
10488,0.574595
226,0.575824
10181,0.583197
10641,0.641737
8817,0.591422
537,0.409719
7741,0.507825
649,0.343063
5048,0.530022
9105,0.548526
11072,0.444754
3834,0.434435
2698,0.386809
8747,0.378257
448,0.344686
3743,0.327054
4967,0.359034
2644,0.552876
12417,0.408805
9279,0.567764
2467,0.654093
4596,0.566289
6625,0.553521
1698,0.330771
2215,0.609275
4763,0.590967
6475,0.590317
1068,0.633700
2154,0.614089
9693,0.327662
6038,0.609440
6638,0.432963
3200,0.626117
1235,0.595930
1818,0.382700
11896,0.443021
1512,0.611930
2722,0.636675
10640,0.653350
2143,0.631528
1046,0.337361
5884,0.577693
322,0.624703
7338,0.596389
9607,0.644434
8787,0.346812
10114,0.297965
6770,0.320809
6687,0.341779
6224,0.633237
7749,0.329541
9145,0.395605
5290,0.333375
9060,0.331963
9087,0.457270
7179,0.611098
1345,0.345138
1474,0.426229
2776,0.540230
480,0.515189
4039,0.443288
3693,0.623202
5314,0.561026
2017,0.353648
3900,0.395317
6212,0.323768
12199,0.615971
2904,0.528537
10273,0.358173
10118,0.327251
9215,0.331901
1484,0.327430
211,0.647038
12222,0.615466
1703,0.591311
1977,0.593493
1587,0.459485
3374,0.611747
10989,0.330017
9723,0.558012
2085,0.547938
5927,0.396778
12044,0.401432
7689,0.328018
9833,0.577335
3302,0.593297
3751,0.565228
4767,0.595019
218,0.328985
209,0.456948
4213,0.378677
2026,0.392354
6885,0.624634
3767,0.440035
8392,0.661634
2245,0.410314
10535,0.471901
7109,0.317581
12314,0.624159
9804,0.322189
562,0.349624
5969,0.547559
11473,0.590014
11986,0.584159
5913,0.356200
12179,0.587724
10207,0.586405
186,0.385189
4227,0.399496
6149,0.412150
5211,0.318537
6863,0.335684
4581,0.627205
2766,0.640321
9014,0.447860
10097,0.618334
7745,0.519305
8349,0.322033
8135,0.355225
7451,0.548890
10478,0.595982
11205,0.642967
4912,0.621620
992,0.592562
4846,0.601685
6208,0.618811
1084,0.387848
6218,0.520177
5183,0.401171
3912,0.339206
7073,0.583074
5622,0.336077
2225,0.417513
7446,0.598472
11429,0.529196
7531,0.581146
10411,0.411906
4682,0.438636
1038,0.567033
7927,0.643538
10756,0.591465
10379,0.582978
4733,0.589459
5865,0.335875
2248,0.354908
3849,0.658064
7364,0.623393
7217,0.356455
8353,0.332622
7854,0.400295
5760,0.534798
4910,0.370819
1266,0.388518
5349,0.613655
11283,0.587174
6845,0.379530
9189,0.616097
3530,0.607834
1853,0.644482
1019,0.641647
1942,0.385045
9704,0.393340
4593,0.601940
10274,0.330586
7013,0.636435
5174,0.456558
3014,0.317874
2237,0.331525
1406,0.324815
4051,0.373646
10325,0.455264
792,0.583130
1387,0.633648
1270,0.364100
8297,0.378581
10392,0.313744
3683,0.339053
6141,0.577875
3163,0.323183
5118,0.657349
8605,0.329775
5798,0.650825
4342,0.573733
8954,0.434991
5972,0.579812
9004,0.541414
1909,0.607382
6086,0.595640
11509,0.427139
11123,0.671262
3131,0.397105
4097,0.414152
12261,0.314615
3788,0.575240
2595,0.572939
10424,0.420925
808,0.545812
1926,0.331601
4210,0.638951
11477,0.485465
12183,0.556193
981,0.665791
5915,0.592441
1432,0.588251
2584,0.450446
10569,0.621927
2834,0.627909
4191,0.547654
6725,0.605054
2906,0.320106
833,0.596311
8940,0.611005
10691,0.368999
3966,0.599164
1386,0.616764
5309,0.310359
7343,0.677209
9912,0.594591
6202,0.374430
2261,0.546667
9646,0.600368
6673,0.333016
9079,0.542050
8545,0.625740
2827,0.591826
5014,0.514076
7522,0.352170
4043,0.546459
1314,0.610858
7664,0.597588
6717,0.366881
4444,0.430649
8689,0.428848
2186,0.585072
10044,0.322325
1714,0.501354
1149,0.585118
2824,0.577394
4951,0.387068
8764,0.357238
5850,0.323791
4176,0.615259
3465,0.406937
3368,0.366340
4201,0.327775
11792,0.576552
11214,0.422838
9554,0.584875
10101,0.647326
3083,0.628367
10582,0.365384
1051,0.349451
6911,0.660091
3688,0.657546
9139,0.562145
7289,0.473518
934,0.510463
2061,0.586610
3537,0.538215
260,0.341051
3791,0.397921
8215,0.590010
3587,0.584605
5970,0.637239
2168,0.372401
2039,0.362262
221,0.365420
11061,0.416949
9978,0.325887
7322,0.455784
4768,0.430068
8425,0.463348
10017,0.367766
2228,0.560977
8886,0.338513
5371,0.589041
4073,0.590130
4016,0.324754
4320,0.373901
8504,0.372661
4349,0.604207
11740,0.664050
2733,0.416005
3739,0.573560
5124,0.454100
8830,0.556636
6451,0.401056
1815,0.410121
5786,0.358344
3735,0.583150
3928,0.564152
762,0.448391
6919,0.375100
3877,0.659588
2129,0.577556
10892,0.579190
3109,0.551339
9879,0.321578
5517,0.377875
7728,0.586335
12135,0.409383
6584,0.405624
99,0.323225
5170,0.452102
4077,0.623457
134,0.317159
6882,0.308666
6178,0.345548
542,0.599867
553,0.337438
292,0.594336
1008,0.334718
7309,0.554240
1264,0.353270
1344,0.473120
7160,0.478588
2131,0.343014
107,0.356890
3929,0.575380
100,0.463662
3947,0.582768
10168,0.648954
12200,0.591445
761,0.607813
9116,0.351984
2567,0.377445
6726,0.339215
129,0.325741
5830,0.334398
4788,0.597677
488,0.343621
6438,0.616849
9732,0.348588
5542,0.358040
3927,0.634745
2424,0.391876
2944,0.433930
9395,0.451181
4691,0.600697
2473,0.469891
2784,0.397421
6824,0.655984
4353,0.575812
2231,0.347082
3760,0.410114
11356,0.653739
8834,0.530061
8991,0.612479
7428,0.339777
10111,0.423284
10741,0.424012
9980,0.344297
6211,0.331603
6742,0.573866
9787,0.395492
10376,0.320653
4739,0.352415
1806,0.500867
5612,0.430655
5674,0.321306
9814,0.599894
4492,0.618869
2437,0.619039
1306,0.625485
703,0.387729
9597,0.409214
9786,0.572532
3812,0.685275
12450,0.378792
205,0.364297
6318,0.622835
4344,0.651840
4625,0.497029
4872,0.560457
12049,0.337535
5444,0.588880
2942,0.470030
8460,0.341190
11231,0.506179
4629,0.400044
8503,0.645481
2672,0.327618
989,0.557201
6905,0.330627
5108,0.417132
8245,0.328962
4860,0.662598
2507,0.620267
2683,0.637582
11266,0.447979
9792,0.327642
8015,0.331706
10744,0.649524
4664,0.662502
10257,0.356290
3692,0.417127
694,0.588845
8943,0.427663
3300,0.357173
11656,0.619356
1639,0.617406
9112,0.390413
487,0.486195
10938,0.333771
834,0.602789
3310,0.572072
10613,0.320201
9645,0.579964
2606,0.543009
345,0.541877
3327,0.633103
11245,0.354052
8899,0.381053
2775,0.590260
9688,0.425461
6353,0.344115
6452,0.333642
6163,0.600404
10951,0.630999
5898,0.647568
105,0.602885
370,0.623489
8598,0.320044
1995,0.328418
1325,0.440056
10232,0.617435
8281,0.591038
287,0.324558
3164,0.430714
11243,0.416874
9141,0.487036
3132,0.356209
4894,0.593130
3134,0.619987
8922,0.398032
7409,0.398268
7643,0.612297
10726,0.393999
7063,0.349473
1510,0.502306
9661,0.649340
628,0.327026
9158,0.544569
8809,0.569325
6154,0.604059
10771,0.648883
1261,0.564616
6617,0.321286
12074,0.623028
715,0.607211
3394,0.329082
3925,0.655210
12344,0.388543
906,0.423169
9532,0.379745
9964,0.378172
9497,0.624027
9604,0.599728
9214,0.632674
2053,0.344415
10676,0.409287
9811,0.376673
9362,0.549665
2388,0.589446
2221,0.627681
7089,0.344028
10043,0.605944
11034,0.556101
1965,0.355964
6366,0.510709
9379,0.329388
11166,0.364566
3003,0.439002
5610,0.641339
10229,0.464270
1561,0.344455
6092,0.423202
8090,0.375455
259,0.403748
2179,0.615521
5885,0.354369
3614,0.404553
6144,0.337583
3120,0.631384
58,0.370318
5415,0.346568
5428,0.599539
12218,0.363187
9110,0.336805
8366,0.424090
595,0.596911
4461,0.321030
10248,0.425475
10100,0.582542
8337,0.609297
6612,0.492102
2138,0.536617
1034,0.619268
8397,0.411113
3859,0.342363
4735,0.417255
9807,0.609944
11036,0.618990
3972,0.603503
7240,0.358612
6247,0.335016
3895,0.366093
1634,0.624256
7439,0.568034
1150,0.383424
7678,0.582995
3545,0.430501
7197,0.326265
8949,0.396974
8451,0.425919
1973,0.456939
1652,0.553707
5203,0.555282
7161,0.620702
930,0.636824
7037,0.567428
1243,0.368527
6340,0.664620
6675,0.634153
485,0.549162
8999,0.537489
5766,0.576206
1742,0.595291
1654,0.602260
8166,0.562179
8965,0.629812
6216,0.367747
12211,0.426687
990,0.326428
1140,0.390001
11670,0.632353
4121,0.586472
8615,0.560867
6295,0.610241
6565,0.331748
4331,0.368906
2006,0.503328
6064,0.608039
6696,0.383096
10901,0.364988
624,0.359774
2494,0.662103
3497,0.624732
6847,0.632970
4034,0.361454
6330,0.324504
3950,0.577046
4166,0.605671
8032,0.618274
4139,0.319813
3655,0.654301
6091,0.610745
10122,0.390554
9981,0.357217
5006,0.452022
10536,0.361722
7590,0.533440
8124,0.430817
6368,0.578139
6731,0.552221
10806,0.577618
4776,0.384852
4890,0.539799
5678,0.353255
9075,0.670906
1605,0.514323
2602,0.635558
5076,0.345397
308,0.325457
9202,0.580544
9486,0.437153
3107,0.465176
1600,0.581042
10645,0.633498
511,0.595699
729,0.368581
3605,0.430825
8112,0.504782
8653,0.630233
7755,0.454703
2676,0.367569
3020,0.630325
2111,0.589410
11514,0.585905
9975,0.432928
7575,0.358648
3087,0.336800
8106,0.481502
5276,0.587348
10519,0.340610
6061,0.531561
4152,0.599470
9209,0.437265
9891,0.533136
2639,0.321082
44,0.629568
340,0.326328
9100,0.387115
12099,0.511700
7472,0.463180
3627,0.644819
3038,0.634793
4403,0.350388
6429,0.601113
8255,0.607292
12224,0.391096
4431,0.391092
10629,0.591691
4589,0.345987
9838,0.333125
7188,0.601874
4688,0.463896
4057,0.662035
6257,0.581115
11803,0.453972
5052,0.630445
3764,0.315330
4616,0.577756
66,0.553742
2455,0.432205
6562,0.349268
4845,0.302865
4098,0.318740
597,0.598154
11826,0.436575
9840,0.566106
12232,0.622899
10875,0.615726
2115,0.486076
4955,0.573560
996,0.336475
3051,0.681623
6198,0.333695
4972,0.348983
5954,0.456043
2306,0.570650
1350,0.631053
2937,0.328751
8472,0.479728
3214,0.478848
952,0.403721
10600,0.584444
8249,0.576863
9228,0.327915
714,0.401230
4244,0.371553
1312,0.606325
7384,0.526031
2106,0.380436
4965,0.647107
11307,0.623917
491,0.561350
10413,0.347255
7756,0.622524
7873,0.632308
8422,0.653248
9247,0.529011
2993,0.345227
2701,0.440472
2252,0.351371
2861,0.641090
8160,0.647135
4255,0.645132
11846,0.646562
4762,0.482456
566,0.416502
7244,0.336244
634,0.319874
9652,0.493022
5497,0.547945
8088,0.542959
763,0.612330
2859,0.352738
9995,0.469107
10194,0.318173
11720,0.586592
154,0.374454
11973,0.532720
3189,0.592165
11241,0.612684
1869,0.546310
1330,0.376507
7748,0.623412
2979,0.384071
440,0.639006
3576,0.337483
6234,0.469548
10895,0.665689
2323,0.388645
7900,0.595412
1541,0.620717
5900,0.386188
9399,0.327000
2674,0.330625
6052,0.339967
7492,0.543870
7342,0.374043
10185,0.661402
6501,0.324825
223,0.613877
5368,0.317814
12278,0.605086
6640,0.622310
3194,0.350919
4772,0.609892
7752,0.568427
1338,0.417860
84,0.360579
11239,0.537669
12293,0.620769
3444,0.388294
12250,0.327810
6926,0.600413
2947,0.320397
414,0.325064
12341,0.620088
5285,0.340106
6779,0.504518
943,0.349061
10355,0.596513
1263,0.482967
11771,0.348581
4959,0.539436
12333,0.599493
10425,0.616543
2940,0.629268
2887,0.378068
8140,0.614633
3833,0.657984
9382,0.359579
12163,0.631249
2836,0.344682
9722,0.419360
3878,0.419441
8410,0.422066
12209,0.332421
1793,0.436070
1141,0.328933
11657,0.384530
11157,0.654143
10511,0.447626
4192,0.606745
12198,0.382766
657,0.586296
314,0.472951
7231,0.613347
10048,0.590751
5019,0.580922
3245,0.652982
963,0.600442
7691,0.605368
2472,0.601690
1077,0.542488
9156,0.311475
8496,0.527157
2720,0.592288
5640,0.555366
8408,0.398199
9612,0.633356
11431,0.337742
6184,0.446532
9934,0.608781
12087,0.683447
8585,0.417257
12467,0.533770
5695,0.553644
4228,0.379865
5934,0.408298
12406,0.454670
4525,0.318528
6314,0.344889
11658,0.539347
2137,0.454794
2466,0.581782
7993,0.558313
7357,0.358619
5968,0.639962
1167,0.559655
8027,0.668357
12109,0.598555
7399,0.537582
12448,0.608444
3799,0.624740
12398,0.465542
2580,0.378103
4651,0.621908
6263,0.314887
3993,0.356386
7497,0.352316
2369,0.329489
4446,0.429493
4975,0.328657
476,0.357571
2794,0.333916
8046,0.402494
6929,0.585135
2661,0.565461
1353,0.666602
2865,0.379544
6865,0.373397
10484,0.567131
293,0.635156
1480,0.330400
10710,0.556623
2630,0.326045
11080,0.580703
8116,0.334171
3301,0.630732
6011,0.306818
7072,0.535737
4774,0.617278
3813,0.572161
5068,0.648042
4753,0.315990
10674,0.362848
1623,0.411268
4405,0.523127
11518,0.326696
11959,0.433292
5893,0.599597
8257,0.397819
8290,0.325764
10940,0.617210
5140,0.434787
4842,0.638767
3835,0.338569
10143,0.630427
10873,0.393225
3763,0.448041
11575,0.593383
5230,0.357966
9737,0.364832
4519,0.429619
8729,0.654641
2286,0.563027
9063,0.631023
10678,0.408127
1393,0.623774
10134,0.540784
1570,0.310414
4390,0.609006
3887,0.344611
8544,0.572679
5346,0.576347
11916,0.336201
6513,0.358120
2758,0.366833
2038,0.576548
5686,0.347518
11669,0.659687
10621,0.392279
6989,0.326073
11362,0.450551
4781,0.391479
10360,0.342563
10930,0.574905
8964,0.648279
3426,0.587373
4336,0.641319
5808,0.638665
4552,0.319922
10234,0.310432
1240,0.345325
2862,0.592649
12302,0.344535
6235,0.339280
1262,0.360069
7187,0.338783
8924,0.575636
3487,0.522519
11458,0.568707
7444,0.394018
11478,0.633741
11418,0.504528
652,0.635152
10897,0.639357
11355,0.338517
4080,0.612565
6893,0.405954
6896,0.352441
890,0.559455
592,0.420380
12257,0.411400
9048,0.443505
10486,0.325953
12308,0.417773
360,0.382588
10932,0.627951
2537,0.638595
4324,0.348901
253,0.659208
7961,0.472553
8462,0.401256
1708,0.586954
4345,0.423978
12123,0.346312
1035,0.346743
6878,0.342286
8358,0.591655
5762,0.373581
11801,0.646935
6283,0.594396
7998,0.568887
7107,0.579519
12184,0.643982
2646,0.407972
4178,0.458289
6962,0.557565
2018,0.333757
5305,0.568634
10286,0.310171
2318,0.412066
2930,0.379745
7845,0.579568
4884,0.334929
7118,0.442630
3691,0.392278
3559,0.449784
9507,0.339419
790,0.616300
4407,0.584562
257,0.580196
2416,0.652618
8896,0.376000
3580,0.562029
1661,0.309978
7537,0.600263
10795,0.567744
12403,0.579277
3405,0.318550
6828,0.548922
233,0.390188
8789,0.613234
10429,0.630489
10762,0.334414
2068,0.352626
1545,0.441808
10041,0.613890
8197,0.627258
9337,0.333027
2364,0.314865
6179,0.374908
8033,0.663338
3117,0.597875
458,0.319706
8935,0.632696
2230,0.628236
12132,0.580611
7610,0.334412
5197,0.366852
7652,0.582965
6326,0.331056
12263,0.648323
1777,0.338877
8023,0.555033
9293,0.440136
994,0.337155
8250,0.357064
7548,0.641659
9750,0.353575
6570,0.338637
12434,0.642510
3470,0.638731
34,0.365481
10390,0.653473
5069,0.579937
5369,0.638762
1813,0.603009
9396,0.645389
3629,0.415035
11120,0.499339
2509,0.605690
6881,0.430440
873,0.608054
7767,0.378868
1672,0.591083
4672,0.382054
9106,0.565592
113,0.517497
7724,0.351185
6789,0.377394
1337,0.416040
6629,0.595940
1968,0.570921
1885,0.437853
1898,0.354157
5307,0.614827
4300,0.634861
9881,0.371632
9254,0.585891
3397,0.364362
3658,0.635679
6462,0.598239
10071,0.338084
3430,0.624730
11298,0.345226
296,0.620294
10076,0.456168
1241,0.618697
7087,0.361131
5462,0.388115
7727,0.361118
3995,0.382184
2513,0.361393
8247,0.328810
3572,0.618449
4741,0.387377
12172,0.657155
82,0.345016
9548,0.626992
9538,0.437210
525,0.355772
2185,0.620768
5516,0.605578
5988,0.568026
6285,0.592508
1329,0.550085
6877,0.427072
6392,0.442474
9490,0.547878
9241,0.639782
9487,0.335166
173,0.534111
840,0.409266
4429,0.630550
1768,0.592431
388,0.329060
4123,0.434291
8359,0.336453
9798,0.620193
10818,0.414330
11723,0.650523
10783,0.474246
5241,0.573712
3635,0.338677
3261,0.587486
1935,0.405238
9692,0.358597
5278,0.653727
11305,0.582395
4498,0.566468
3111,0.440115
5406,0.644486
5080,0.586724
1380,0.467952
2459,0.650138
9121,0.403142
1111,0.374977
9861,0.625804
10587,0.563293
1910,0.632899
12401,0.607130
8114,0.651123
1948,0.661811
2110,0.593312
2505,0.602145
1040,0.623302
9160,0.316477
12472,0.601717
5510,0.633612
6934,0.638754
4451,0.562250
8170,0.411749
3718,0.588312
9467,0.383273
7850,0.318266
10443,0.615567
10692,0.595931
10261,0.614967
2719,0.631780
1941,0.618639
4485,0.360934
8681,0.335010
12329,0.542192
4613,0.307928
6970,0.329083
1938,0.616766
4252,0.583644
3706,0.555325
4597,0.367937
9768,0.661811
2900,0.604792
2881,0.545825
11375,0.441737
5097,0.339629
11352,0.617024
11952,0.615513
3622,0.357988
10373,0.349606
11090,0.551062
119,0.591097
4849,0.617953
1288,0.371866
7113,0.310189
10550,0.645232
8836,0.327603
2495,0.496883
5617,0.628765
301,0.326345
8587,0.533203
965,0.364851
11770,0.595205
9316,0.641973
1003,0.621000
2790,0.383106
958,0.642856
612,0.650154
87,0.578391
10776,0.365478
5379,0.347722
2621,0.408498
4499,0.566704
10291,0.638683
11964,0.623460
11884,0.481802
4954,0.624161
7106,0.433781
23,0.589828
1144,0.622441
663,0.394309
10399,0.611629
6084,0.622072
4527,0.385057
12364,0.575222
7629,0.344600
3022,0.423957
5156,0.608429
5066,0.512587
11200,0.486357
8739,0.482481
9010,0.415973
3869,0.323141
9418,0.366784
12392,0.566943
8206,0.452200
12025,0.322696
3820,0.614281
11297,0.652912
11743,0.368527
10319,0.600682
6943,0.327637
572,0.502343
163,0.319510
2769,0.352241
9377,0.616919
7868,0.412031
2734,0.334146
3511,0.555284
6850,0.587124
3551,0.337868
7788,0.606085
4072,0.638537
10850,0.341119
12106,0.436065
240,0.603259
4916,0.413461
1905,0.630072
7389,0.375475
11007,0.661323
10346,0.413753
8377,0.330586
11025,0.323779
1435,0.639982
6331,0.611217
3804,0.374364
865,0.627988
4313,0.400066
11976,0.384550
5609,0.339491
5220,0.588404
2399,0.303277
9898,0.352599
5506,0.493012
8955,0.334499
6550,0.420139
767,0.601220
10458,0.603721
4734,0.637286
3656,0.428367
12023,0.513605
2024,0.345652
10702,0.604772
10498,0.374992
5482,0.380333
516,0.603531
1120,0.460076
56,0.545591
648,0.333279
6089,0.655237
9111,0.607462
7751,0.619583
3192,0.643879
7112,0.527560
611,0.343600
10042,0.551438
3669,0.590341
10878,0.309126
2805,0.334563
10309,0.352424
9456,0.606537
6785,0.301429
1958,0.375401
5212,0.611283
835,0.582005
4889,0.614950
7823,0.610510
8711,0.313952
7549,0.429586
8939,0.633329
4869,0.322196
529,0.350616
3341,0.327384
9523,0.320308
11820,0.441597
5941,0.371240
651,0.578401
1009,0.618923
7627,0.578464
7232,0.532294
11991,0.375063
3632,0.589274
9076,0.626689
10083,0.333305
3306,0.357776
7985,0.622464
8814,0.419228
9853,0.391556
2397,0.452594
9841,0.536889
8994,0.366352
5810,0.499841
3734,0.638912
7437,0.381346
5289,0.599307
4061,0.374977
1737,0.604429
8083,0.646632
4497,0.443902
4455,0.343683
496,0.662314
3566,0.380862
4102,0.615749
367,0.591908
563,0.331891
8412,0.546587
5948,0.614845
5894,0.349825
5139,0.421438
6116,0.617401
1383,0.343605
6087,0.676570
6807,0.307896
329,0.352726
8718,0.340782
9046,0.316128
4442,0.351745
5236,0.612924
10538,0.384509
1163,0.340894
10695,0.611870
561,0.332106
302,0.385117
3432,0.642185
9066,0.629674
451,0.419291
473,0.619259
11704,0.332294
9164,0.592120
8792,0.614436
10852,0.600771
7557,0.429817
10444,0.570599
8932,0.314719
2108,0.306305
3543,0.445053
9300,0.619655
5947,0.399902
2510,0.612453
2632,0.311653
4089,0.564473
11548,0.610900
10039,0.611282
6260,0.587589
12328,0.597790
5783,0.603387
9940,0.563265
241,0.648229
4179,0.537332
3069,0.571650
6676,0.553420
6564,0.629827
9640,0.349723
3715,0.633672
10089,0.350314
6271,0.387780
7584,0.594395
227,0.633787
3952,0.586645
4698,0.634404
10773,0.604539
8658,0.317387
7744,0.316531
7673,0.430523
4494,0.568424
6474,0.377375
6910,0.625710
8447,0.413175
11766,0.558087
8213,0.572750
2913,0.592146
2535,0.349299
11842,0.391114
4136,0.684191
2377,0.358965
1955,0.483169
2810,0.393390
1677,0.607993
653,0.396224
7758,0.637000
8087,0.339989
2298,0.357320
9681,0.603328
12111,0.625351
9302,0.658966
7201,0.345138
4600,0.387826
6021,0.513094
10735,0.451574
7916,0.627263
6661,0.647904
2198,0.568780
11902,0.623540
932,0.336156
10195,0.613739
2557,0.369634
11314,0.565682
6221,0.598799
4308,0.442264
3816,0.658562
1490,0.600598
1529,0.679959
7239,0.339318
5980,0.379586
9976,0.612718
705,0.631678
730,0.654073
6666,0.518297
505,0.458845
11988,0.321937
85,0.657679
11094,0.382468
3307,0.460771
11044,0.643812
10084,0.601754
1704,0.623145
6022,0.565383
12375,0.628917
3581,0.539007
10527,0.505598
4277,0.450667
1778,0.367735
10699,0.555703
5724,0.359476
3676,0.609625
2527,0.584604
9558,0.588500
5656,0.526315
5868,0.324833
973,0.463806
11284,0.625214
6232,0.619058
2821,0.464935
2123,0.585053
12429,0.516517
11870,0.586235
7033,0.339514
8737,0.319731
7533,0.344110
1181,0.369178
3256,0.447535
1551,0.362941
2962,0.455814
5681,0.340259
3072,0.625048
8554,0.399516
12191,0.621559
7057,0.382062
2752,0.574888
10132,0.357374
1775,0.338349
5914,0.332258
3578,0.375941
1999,0.327974
3526,0.629457
10028,0.355386
1733,0.622670
2196,0.602566
803,0.432295
5396,0.602860
8182,0.652142
4366,0.314938
8201,0.628008
5213,0.417539
5829,0.614499
615,0.422870
9708,0.628066
11180,0.573129
1328,0.564036
5848,0.564999
7040,0.394500
4299,0.627669
2737,0.621452
2965,0.413977
3902,0.338213
11515,0.625258
12368,0.347308
7185,0.355837
8904,0.398811
9494,0.491379
901,0.575528
2363,0.359504
7256,0.650989
7836,0.591516
4491,0.607087
7955,0.310787
6969,0.342545
8312,0.406983
4995,0.426218
3684,0.533172
9818,0.548682
8785,0.369405
6798,0.335749
8786,0.603461
2452,0.580310
5649,0.622205
3794,0.568169
11300,0.574220
6102,0.335915
10896,0.555663
4437,0.630037
6703,0.627566
9896,0.584073
7331,0.381392
8927,0.633077
10534,0.626021
1513,0.459318
9709,0.337300
9790,0.420245
11980,0.587887
8011,0.627949
5191,0.564915
11247,0.625841
9829,0.490628
9125,0.379254
3294,0.658804
9327,0.441029
1766,0.622817
12129,0.397567
954,0.500497
11001,0.573871
5030,0.532944
7223,0.666459
10503,0.336630
7100,0.350159
2727,0.556792
8190,0.609135
11890,0.336246
12167,0.677121
7938,0.599760
7595,0.633401
11097,0.608490
5499,0.409901
2852,0.418841
447,0.332439
6446,0.607197
6646,0.572068
7077,0.633072
6767,0.564864
2162,0.337686
5016,0.631077
7838,0.578296
8512,0.617808
12343,0.309097
9470,0.601072
9926,0.625960
6902,0.546957
10467,0.339033
2302,0.474769
6024,0.344958
10401,0.509454
8342,0.617612
12225,0.665807
936,0.419211
5839,0.647144
6418,0.323772
9065,0.412703
1659,0.592894
8491,0.362776
7784,0.384818
7954,0.370239
2781,0.369554
8510,0.448452
3621,0.604568
8891,0.631532
12090,0.612492
6615,0.621279
11398,0.563567
781,0.592663
2835,0.559358
2136,0.577231
11481,0.353509
3308,0.636439
9549,0.620353
4769,0.315827
11011,0.628097
2009,0.612694
4159,0.386536
11371,0.606125
6722,0.645400
7307,0.509196
616,0.546017
8895,0.392495
7552,0.624704
1590,0.568526
8840,0.328544
4701,0.413654
3860,0.591801
1062,0.339260
2723,0.334477
10225,0.465626
410,0.384314
7066,0.638154
5952,0.644860
2490,0.580413
9535,0.576732
1379,0.356526
8220,0.440302
6769,0.316627
559,0.526349
7612,0.673176
6220,0.357205
7502,0.633372
12352,0.596892
7475,0.585877
8574,0.313679
8690,0.338903
5613,0.611545
8260,0.619669
1907,0.350597
10240,0.324808
5398,0.348215
868,0.468704
8669,0.381396
11879,0.600102
924,0.394121
4438,0.461274
7142,0.622796
10947,0.320336
11360,0.607163
12133,0.589486
11705,0.603247
12024,0.562689
3043,0.676494
10361,0.402187
10610,0.593006
8454,0.327401
1253,0.567768
5792,0.379198
10082,0.414285
6350,0.315269
11255,0.573363
6944,0.601363
5765,0.608072
384,0.603379
3065,0.644383
2492,0.357540
6645,0.452258
2647,0.473026
477,0.471073
10970,0.328032
2269,0.543495
5828,0.589135
10883,0.640700
7805,0.413734
10482,0.404316
2430,0.580841
8751,0.336470
11039,0.397802
5757,0.377295
2014,0.387257
1423,0.498074
11732,0.636056
1119,0.425298
2148,0.517762
2640,0.347756
3251,0.400833
2591,0.363808
12194,0.360442
3435,0.605498
4690,0.374931
7117,0.592563
11895,0.614402
8826,0.309644
9221,0.401265
9266,0.607458
8533,0.409622
11564,0.383518
3447,0.386448
9586,0.421388
12292,0.574777
2304,0.578217
6744,0.440404
160,0.630132
7373,0.479889
5479,0.643630
12300,0.593382
2568,0.666904
7295,0.475250
3808,0.594962
10463,0.342387
2780,0.409472
3472,0.395370
2251,0.433386
7369,0.318460
3633,0.556034
4919,0.624764
7712,0.395848
5671,0.495157
2713,0.500666
1308,0.624575
11045,0.453694
1121,0.594057
7281,0.583855
8385,0.551781
8565,0.627491
7320,0.402259
10226,0.419732
1291,0.411960
7555,0.573298
4329,0.331851
5304,0.668207
2866,0.372372
9736,0.430288
4472,0.636888
10203,0.620911
6140,0.601281
1834,0.426256
5592,0.554084
4640,0.609132
7388,0.421058
2856,0.662950
6412,0.359703
12475,0.397422
5334,0.424693
8423,0.394996
381,0.444875
11917,0.578369
10925,0.607414
6594,0.460492
5986,0.404927
5814,0.326723
7669,0.612468
9713,0.586760
2682,0.610007
11077,0.322893
10372,0.587560
6816,0.556779
6362,0.470146
4384,0.372671
9889,0.654672
7362,0.360406
9047,0.425872
7753,0.354314
7318,0.433905
3704,0.316104
4782,0.595681
6674,0.645823
523,0.618972
8061,0.605802
5435,0.384924
5599,0.384885
7536,0.589428
7690,0.324989
10375,0.433803
12367,0.623388
540,0.615681
9397,0.647018
4787,0.528356
10566,0.648873
4199,0.546786
8396,0.595269
9775,0.634599
11560,0.315665
7282,0.462519
12397,0.386220
8324,0.636631
8704,0.350857
12451,0.397907
8844,0.454643
9700,0.388631
5616,0.373511
5888,0.366530
2880,0.332563
2188,0.324862
10787,0.653999
12402,0.548506
1665,0.379420
6126,0.585020
11233,0.389934
3956,0.576273
6994,0.586839
6297,0.358274
8417,0.369926
4567,0.644426
3901,0.389377
7608,0.595507
7453,0.548974
5143,0.588338
4922,0.344954
5962,0.447032
9867,0.633990
1998,0.603363
12264,0.594882
11536,0.601841
3818,0.597744
4484,0.440455
2320,0.580853
5050,0.389254
9309,0.327770
7438,0.331615
11643,0.549262
10796,0.444057
12038,0.624349
4464,0.554979
7056,0.322378
2265,0.397363
1483,0.567168
10943,0.402589
8855,0.604185
6976,0.508133
12488,0.625616
3424,0.584313
4895,0.639070
398,0.397660
9541,0.341673
3015,0.486806
8599,0.342745
5549,0.437126
5394,0.631969
4792,0.619146
7581,0.437593
8806,0.523570
4453,0.413602
12120,0.580469
10959,0.549035
4026,0.632943
2155,0.654548
8042,0.406362
8717,0.318951
4522,0.355732
914,0.447282
2579,0.640667
11618,0.319662
2952,0.671786
9153,0.600931
1099,0.397026
1221,0.429588
177,0.612867
1191,0.673370
286,0.624468
11483,0.626453
10173,0.330085
6180,0.625840
420,0.636764
10311,0.342724
6635,0.603953
4570,0.575795
5547,0.367182
8465,0.382760
10655,0.335718
10546,0.321189
2322,0.602987
643,0.672587
608,0.673016
7829,0.526832
3363,0.591926
3395,0.612722
5639,0.570797
11850,0.588453
1683,0.319946
11422,0.672314
4296,0.360434
6051,0.587792
10473,0.610954
11873,0.426474
10722,0.371936
7956,0.554929
7165,0.500045
3097,0.389260
10337,0.449554
10595,0.644566
10010,0.651949
9562,0.394087
5823,0.361128
7379,0.572778
5632,0.343506
9665,0.323959
528,0.606775
4695,0.390943
1224,0.624725
13,0.383156
5105,0.371592
11502,0.576608
5384,0.371364
7337,0.354161
137,0.617269
6036,0.482748
8555,0.369344
2241,0.645950
8435,0.326217
5333,0.556409
6794,0.602301
11881,0.553879
9340,0.361253
7674,0.611852
8004,0.381245
312,0.491143
4421,0.619007
12032,0.423889
849,0.408509
7963,0.587843
9711,0.333039
10528,0.347447
7951,0.366914
9071,0.526277
8952,0.556049
7235,0.328548
194,0.318615
9144,0.579032
9949,0.376497
7202,0.318950
8550,0.396737
12228,0.615642
3541,0.453171
877,0.352925
7017,0.620467
39,0.542393
7097,0.606980
1518,0.314630
8072,0.578710
6313,0.628347
1619,0.645496
656,0.628186
7480,0.507525
10323,0.547437
7269,0.345006
5255,0.348854
9773,0.456647
213,0.479774
2291,0.616652
10340,0.380261
10106,0.443134
12262,0.626810
10861,0.591696
7921,0.536613
4226,0.337692
3639,0.352696
12390,0.416669
11907,0.571186
10890,0.495504
10618,0.344958
9,0.358863
11370,0.549794
9182,0.355765
7138,0.566238
7115,0.342426
4517,0.352054
4115,0.387843
6960,0.359386
3753,0.397540
7348,0.653843
2116,0.393061
3862,0.620257
8420,0.446858
5339,0.660463
6373,0.525313
6764,0.494253
11145,0.629684
5600,0.600970
12301,0.324940
8107,0.316548
6142,0.630127
266,0.440378
1559,0.320638
11213,0.668031
3173,0.349190
2190,0.361095
3687,0.338210
486,0.677344
4306,0.427615
3864,0.390447
11875,0.510781
3997,0.591315
9506,0.420170
4100,0.332889
452,0.600156
12140,0.424619
3460,0.466087
8002,0.335063
11074,0.344595
10517,0.590282
2668,0.411313
10544,0.402700
11060,0.354030
6647,0.482965
2159,0.588133
1125,0.311404
12381,0.636909
1451,0.600620
9338,0.335887
10855,0.572229
2681,0.366713
4269,0.310488
11629,0.591426
4082,0.647869
1695,0.449402
9347,0.605338
3624,0.386051
3,0.643355
9349,0.331807
225,0.554386
7853,0.618424
4627,0.615957
6120,0.594898
316,0.339252
8316,0.638448
6358,0.339326
1289,0.646984
10654,0.316318
9086,0.626947
3037,0.620906
2333,0.633926
10107,0.489879
11285,0.363607
9936,0.396106
8137,0.480260
2807,0.347952
9207,0.585002
9324,0.340349
1721,0.312256
10506,0.342866
8382,0.601250
9019,0.402029
11030,0.619608
12379,0.602019
1165,0.611639
3168,0.366289
9536,0.461195
5950,0.399983
12253,0.630285
5805,0.674177
8354,0.318656
5442,0.641680
8558,0.306312
434,0.488135
8592,0.611737
3768,0.647620
7968,0.400859
1018,0.628498
4140,0.403763
10942,0.355960
1562,0.634909
6836,0.371745
4977,0.522027
8118,0.562513
4923,0.357949
2192,0.569042
7075,0.506239
9642,0.412381
4650,0.621357
10437,0.346994
10453,0.569633
10455,0.492148
4705,0.518550
7780,0.426186
5593,0.583141
429,0.584677
11468,0.641187
7344,0.669713
8340,0.401320
2519,0.343702
11024,0.563239
5311,0.486679
3725,0.383761
6341,0.614151
1465,0.477677
1503,0.373033
8603,0.600682
8333,0.390469
12175,0.576295
6732,0.605348
5920,0.342286
5777,0.623518
8227,0.626090
9052,0.335958
5377,0.623844
3585,0.573741
12493,0.601275
6032,0.319156
9027,0.557761
5802,0.349689
4870,0.651565
10981,0.568809
7300,0.682582
4817,0.491535
6012,0.625323
6721,0.576338
8530,0.360683
4865,0.627405
845,0.591510
2073,0.439820
7021,0.428458
6469,0.577867
5563,0.333156
993,0.548291
2607,0.475564
10820,0.550578
10161,0.427224
33,0.609483
10706,0.552793
4293,0.404578
2372,0.641406
348,0.588100
9878,0.330939
1102,0.348540
8925,0.355568
9809,0.591537
11810,0.556390
1946,0.310074
11653,0.316339
7350,0.625647
8252,0.393978
4909,0.678419
2957,0.447601
4094,0.387209
1142,0.321588
9664,0.630484
8646,0.645628
326,0.619678
8232,0.390303
10160,0.361409
12216,0.323178
2020,0.357831
7110,0.588491
5560,0.565223
9131,0.341233
10894,0.345089
11323,0.372619
6214,0.619231
12281,0.616937
3265,0.333579
10179,0.588485
6818,0.599265
5348,0.622161
7646,0.461975
5465,0.634620
10466,0.615960
9675,0.644521
3565,0.375526
543,0.328140
7521,0.616365
10712,0.614579
1956,0.594301
7156,0.369130
11229,0.659293
1573,0.616574
7328,0.647509
7000,0.580916
9028,0.388867
2373,0.628881
2551,0.406865
3954,0.590710
8308,0.632770
680,0.340355
6417,0.541354
5991,0.436289
5116,0.615486
71,0.579380
6601,0.379402
854,0.616650
1952,0.395127
3228,0.345748
10716,0.316469
11153,0.641962
5400,0.583960
5926,0.362280
9166,0.386070
4844,0.383460
10389,0.354039
11435,0.662779
79,0.584773
11059,0.345619
866,0.601468
4216,0.575057
3501,0.344763
5115,0.321245
11654,0.659351
11914,0.388737
11843,0.600889
5214,0.391707
5715,0.585949
7079,0.567952
10142,0.627997
7149,0.597956
4947,0.460076
11489,0.391941
11929,0.608465
3399,0.601125
2277,0.511409
5332,0.571236
11864,0.415962
10109,0.317114
4477,0.392345
7430,0.587609
9070,0.369451
1373,0.629008
5859,0.364018
8041,0.356169
8909,0.328110
5811,0.364578
8748,0.322496
5321,0.431716
7383,0.459226
2295,0.668108
10724,0.629694
9510,0.599975
10388,0.325892
10828,0.544132
9088,0.331369
4948,0.342518
1553,0.606532
5245,0.413951
9848,0.318262
7620,0.425031
11335,0.631309
12236,0.369145
9303,0.421775
11124,0.359035
9033,0.432542
4585,0.340529
5104,0.322142
7164,0.333899
4696,0.497634
11862,0.599433
5049,0.591284
11184,0.305200
6287,0.632688
12476,0.607351
3890,0.320376
11825,0.581267
1332,0.652006
1734,0.363429
11784,0.446247
2619,0.426899
2716,0.648052
9344,0.577693
5363,0.398078
2578,0.360672
6031,0.357822
7890,0.415687
11492,0.343258
5341,0.356609
3135,0.341851
2711,0.329355
7559,0.513727
6889,0.319986
8894,0.376128
8838,0.604805
8974,0.634562
449,0.330264
5646,0.439896
12484,0.647323
11889,0.313416
1613,0.328671
5505,0.636626
11421,0.455825
8570,0.324717
417,0.577345
5447,0.598130
5867,0.326557
11978,0.592173
598,0.449425
323,0.442506
5967,0.452411
5741,0.351851
9649,0.578626
6901,0.650627
10590,0.400230
10370,0.611559
232,0.511392
7143,0.639612
8401,0.438794
7070,0.323955
8716,0.495089
12428,0.390074
10151,0.443075
3875,0.607235
4946,0.576416
8049,0.587614
4161,0.650991
2741,0.403946
10827,0.385947
5277,0.645468
4095,0.574749
4560,0.325467
3094,0.602903
5488,0.600570
6869,0.616259
2070,0.570563
8079,0.486646
8573,0.595987
9527,0.426821
1947,0.681079
606,0.425064
10811,0.584333
527,0.558535
6098,0.377962
2184,0.601823
12202,0.438016
1219,0.639442
10418,0.396299
10562,0.608628
11568,0.433212
4021,0.603115
4704,0.308731
6133,0.333495
1803,0.594046
8852,0.321146
3606,0.675233
2384,0.603614
11235,0.609656
4979,0.604957
3463,0.317574
8034,0.368904
10973,0.592063
7136,0.634109
3157,0.589457
2669,0.377291
8361,0.668469
4658,0.399410
10563,0.645954
11708,0.381262
1014,0.635776
7458,0.650938
2931,0.620725
7267,0.592097
665,0.327138
8782,0.320111
7069,0.670438
2040,0.617538
5529,0.338731
4564,0.602258
4961,0.312923
9356,0.612463
892,0.594845
5120,0.572206
324,0.402278
546,0.381400
128,0.308866
3018,0.612829
4982,0.616242
1848,0.666227
8271,0.605768
5344,0.629162
3443,0.358420
11695,0.349735
6888,0.412356
7719,0.565543
4608,0.319200
7704,0.589948
852,0.372068
6576,0.351162
971,0.540273
11399,0.631512
3064,0.549681
3402,0.366960
9350,0.633552
10791,0.349021
6996,0.566183
4375,0.571327
5413,0.583639
6931,0.320605
11993,0.318536
6990,0.302097
1442,0.567280
805,0.514534
3009,0.603316
2365,0.579313
11340,0.598733
10308,0.356414
5268,0.558523
9695,0.582351
2003,0.457505
12204,0.436422
9928,0.323758
139,0.430929
5172,0.649271
11596,0.327299
3646,0.576776
12131,0.604459
8705,0.368184
12185,0.604076
1598,0.541618
1887,0.521444
5602,0.598748
4387,0.388331
6304,0.443705
7084,0.321977
9044,0.668468
4318,0.327868
11376,0.377650
411,0.564915
1208,0.341877
6591,0.638258
11556,0.329228
6993,0.400360
11254,0.669252
7336,0.589965
12227,0.322872
4927,0.592028
3790,0.343797
548,0.561024
3796,0.395253
7172,0.371810
4514,0.319773
3499,0.321004
899,0.636295
9008,0.370853
1702,0.608071
7866,0.373595
9175,0.556743
28,0.438873
8656,0.341417
2599,0.640707
159,0.612156
4756,0.572280
7245,0.610873
8794,0.609874
10166,0.647732
7648,0.637742
12113,0.610264
9155,0.537952
5751,0.563290
6181,0.434863
10574,0.653137
2914,0.456823
1784,0.467923
9246,0.646314
3613,0.582664
5509,0.588340
11597,0.372748
7825,0.319264
8057,0.608880
11754,0.398779
2337,0.421545
9576,0.634045
4099,0.605456
4071,0.611158
2010,0.561158
2087,0.361471
8845,0.429626
12108,0.572637
10887,0.317371
2088,0.315844
10847,0.631727
11765,0.648978
6694,0.348026
1850,0.603324
11659,0.423442
386,0.354971
12460,0.616047
1274,0.513842
6292,0.546417
9634,0.543715
8020,0.410135
2485,0.352978
9800,0.332908
7144,0.615403
9495,0.635079
6468,0.544052
8031,0.596455
5111,0.613977
1867,0.354847
5577,0.589462
6108,0.631311
3002,0.632424
10636,0.612210
3527,0.593548
7915,0.346955
1170,0.598949
3100,0.384198
6402,0.606200
72,0.628522
10251,0.586818
147,0.591699
4641,0.577216
282,0.633609
4508,0.319721
114,0.339409
7979,0.319173
3005,0.315434
5771,0.611596
1347,0.326001
4759,0.333311
9914,0.627284
246,0.386476
8320,0.324110
11317,0.392191
8973,0.613565
416,0.386392
8753,0.388626
4190,0.611617
5796,0.627297
2656,0.551216
6735,0.601123
9484,0.387513
5907,0.405957
12456,0.571607
5955,0.625099
10276,0.541479
10588,0.653478
11008,0.365195
3207,0.339438
12017,0.624019
3775,0.556844
10472,0.338280
11500,0.420223
1879,0.371293
6115,0.461490
11554,0.577400
1846,0.585643
10630,0.327879
2474,0.610547
9950,0.319464
6504,0.447755
758,0.385100
10020,0.348072
4413,0.577527
9514,0.403380
11359,0.383355
10757,0.310808
11830,0.365318
315,0.614067
4750,0.570436
6716,0.614546
2738,0.623546
807,0.613201
6954,0.420903
9083,0.551395
9933,0.658335
5663,0.416571
6493,0.548441
10581,0.550034
7358,0.626254
10299,0.485105
9005,0.409030
3765,0.660318
11956,0.540593
6670,0.584035
4715,0.565148
10102,0.346427
522,0.327229
6395,0.612147
406,0.572670
5056,0.537713
11541,0.580256
188,0.397689
11523,0.348983
418,0.581518
2907,0.599560
5650,0.626221
872,0.437112
7564,0.618530
5993,0.581856
8303,0.563325
8018,0.587155
9331,0.554820
12127,0.424990
11302,0.615779
8495,0.512231
8849,0.342806
7839,0.605577
5038,0.381634
6005,0.377431
9672,0.318858
9843,0.624966
7415,0.600189
4642,0.583729
6427,0.407828
2331,0.338559
8562,0.624399
4643,0.602696
10606,0.645950
5840,0.379646
5615,0.372497
5628,0.592180
7477,0.341131
6992,0.611245
8538,0.332660
902,0.363893
7757,0.416212
12084,0.353872
5243,0.620895
11237,0.642381
7881,0.626074
7626,0.337067
3898,0.342529
5002,0.302542
4744,0.559191
5231,0.621679
6450,0.585758
10725,0.610975
12470,0.617190
8210,0.314378
10125,0.404175
8692,0.387959
11065,0.625911
9720,0.492377
2707,0.451636
2702,0.587743
626,0.619940
1671,0.626370
2963,0.455797
438,0.590264
8505,0.618035
11484,0.377091
9294,0.638380
12418,0.390092
7655,0.334721
8443,0.407777
8234,0.620403
6680,0.317666
9820,0.327775
3016,0.558803
3174,0.349732
9777,0.624890
8434,0.630685
6861,0.452021
10768,0.623901
1030,0.318486
10197,0.574555
10653,0.347282
6631,0.629481
1275,0.661617
7547,0.637978
1607,0.325108
4295,0.609776
2358,0.623793
6282,0.481512
4241,0.324326
9983,0.500187
11791,0.655268
7192,0.323461
1738,0.327771
1691,0.591389
1782,0.625194
571,0.581442
1735,0.324231
74,0.619970
1940,0.615131
5688,0.611397
10204,0.402840
3160,0.601015
8082,0.621179
1069,0.374005
1723,0.452860
11089,0.653710
8123,0.649121
10580,0.587516
9743,0.525028
8445,0.590672
2901,0.313906
10747,0.358793
5565,0.602183
2145,0.598519
4402,0.429966
8876,0.410034
8265,0.323473
1115,0.646400
5892,0.586245
4609,0.409997
10958,0.303836
3650,0.657762
7372,0.619571
12101,0.325502
11821,0.638237
2289,0.375577
11219,0.357811
3563,0.599193
3411,0.382244
4743,0.551049
6352,0.323225
9167,0.617250
3258,0.606463
2345,0.596277
7139,0.571209
2576,0.364631
10658,0.586834
583,0.398024
3968,0.578875
2541,0.611942
8036,0.324309
6307,0.645909
5521,0.631480
5659,0.314653
11764,0.620954
288,0.382074
4335,0.672097
6028,0.598228
7621,0.453677
10782,0.592055
2445,0.656489
1186,0.639097
5780,0.522716
982,0.596279
10683,0.641954
3101,0.568982
3539,0.605301
12105,0.309284
11419,0.578160
2100,0.345164
1098,0.436701
1685,0.600650
1983,0.600243
2785,0.352253
1975,0.337937
1250,0.572387
3666,0.421074
4565,0.326035
12485,0.317987
6168,0.330943
12029,0.333825
11463,0.362865
4685,0.578530
1391,0.427183
1265,0.340115
11476,0.401292
12247,0.601171
8155,0.652076
12305,0.600838
10091,0.342231
1158,0.641796
11702,0.342864
8702,0.513880
5942,0.336833
11510,0.600108
4144,0.663626
9920,0.608664
11135,0.361368
1877,0.679393
1599,0.598233
1505,0.406024
6512,0.598817
7524,0.591670
8017,0.416655
5085,0.390635
11246,0.514388
5061,0.512100
10914,0.639014
12354,0.536001
9437,0.653830
2420,0.611280
8323,0.568392
5677,0.668687
9897,0.441436
2748,0.568863
1524,0.364748
7319,0.550605
8784,0.627124
6609,0.523302
3182,0.647823
7597,0.395382
8799,0.582050
10163,0.614856
6602,0.571662
11512,0.602299
1147,0.623383
8270,0.338689
7135,0.630934
10766,0.555051
4031,0.638447
6169,0.622082
2091,0.644632
1732,0.629990
4129,0.546897
181,0.581696
7046,0.400438
1596,0.599032
10159,0.610366
11172,0.315154
6008,0.337237
3714,0.498482
11132,0.572262
390,0.393765
8078,0.639350
5301,0.600024
5312,0.315780
210,0.339566
3640,0.479228
7315,0.610987
8177,0.610193
10743,0.618316
4598,0.606240
1558,0.335326
3156,0.644367
3153,0.466066
3414,0.622960
10872,0.658075
5175,0.587103
7930,0.451613
9009,0.619005
11944,0.591069
5806,0.384486
2208,0.328647
11449,0.585238
9617,0.311288
8686,0.483464
9539,0.602244
2927,0.544671
11786,0.329094
4928,0.318103
3375,0.569237
7708,0.435659
8722,0.621099
11462,0.548190
7490,0.611376
4327,0.584928
5082,0.424512
4713,0.628337
8880,0.518869
450,0.594398
4301,0.401369
8709,0.437936
1356,0.588239
10350,0.553881
9845,0.558579
1982,0.396062
11543,0.381916
4956,0.500416
400,0.552103
5579,0.351790
5166,0.545901
10382,0.312913
11164,0.656808
6503,0.681951
4604,0.376657
7984,0.434176
4326,0.388349
5260,0.353580
9788,0.619043
5132,0.361914
7131,0.573845
7293,0.543497
857,0.614022
12033,0.616880
8327,0.603818
2064,0.623075
48,0.638712
268,0.344167
2232,0.593580
7864,0.584428
927,0.337522
6369,0.334823
1621,0.379539
1859,0.630740
2886,0.397345
6851,0.443292
2534,0.331879
3061,0.631209
12396,0.400492
1525,0.637476
5611,0.366190
12359,0.651240
6855,0.347764
10561,0.612816
6803,0.604761
10558,0.620763
8612,0.596819
4914,0.331387
11880,0.406524
7991,0.418200
6316,0.326740
9240,0.339207
12151,0.388186
8948,0.561420
2918,0.348810
8769,0.497513
8432,0.351243
5477,0.320159
1827,0.319516
3098,0.385829
9284,0.635688
9310,0.620823
1377,0.648764
3644,0.334699
940,0.632287
7725,0.614565
8758,0.591261
1430,0.586864
1900,0.351105
374,0.429495
1172,0.618987
510,0.578278
6649,0.596719
5287,0.407303
1057,0.668402
8463,0.577625
3964,0.375573
12027,0.321002
4952,0.649891
2370,0.336363
12461,0.608185
858,0.637883
8616,0.380134
11026,0.362098
12366,0.590891
4184,0.410740
6763,0.592670
3344,0.538304
950,0.540168
11150,0.429162
7911,0.590486
6541,0.393087
9123,0.364753
7923,0.589074
6070,0.629112
10139,0.640810
355,0.571126
9803,0.391535
7313,0.325147
11598,0.616866
9847,0.565525
12412,0.611760
9444,0.398495
5603,0.382295
4905,0.346868
9343,0.641179
751,0.431759
2491,0.647899
10903,0.590025
12026,0.564703
10694,0.476532
1280,0.620340
4148,0.350576
8301,0.636170
7401,0.331891
1709,0.335627
12239,0.410782
7463,0.561191
6246,0.650121
10320,0.629205
2659,0.549519
4924,0.548612
7234,0.605440
6571,0.369061
4074,0.354275
9201,0.348866
7460,0.312624
7305,0.609149
2804,0.561859
7616,0.593351
4087,0.466088
11136,0.412530
11717,0.582644
1681,0.347254
4678,0.327055
7949,0.635923
3320,0.334525
5571,0.585963
11289,0.330783
9884,0.383078
718,0.590970
3980,0.451764
7150,0.386982
11933,0.479845
9918,0.577745
1831,0.665993
412,0.629381
167,0.577905
2434,0.385239
5411,0.543603
6616,0.333263
9094,0.412416
8730,0.583688
11824,0.331988
7869,0.636985
2194,0.548477
8670,0.605272
3787,0.612249
1548,0.349539
6618,0.306653
1771,0.340064
5474,0.360257
9245,0.540588
7496,0.623112
11631,0.319114
8543,0.615048
3352,0.322847
7413,0.559854
7762,0.337348
7153,0.602955
77,0.629400
11201,0.631756
9849,0.664119
10967,0.338562
8482,0.468388
2950,0.618886
9191,0.601166
5655,0.632039
2799,0.470542
10877,0.367273
11942,0.326673
6075,0.602925
3512,0.653860
2634,0.644645
4145,0.635971
1082,0.657771
2936,0.622871
2391,0.609301
1535,0.417955
9564,0.402411
8524,0.438199
4778,0.645176
6880,0.377916
9286,0.576115
6029,0.343052
6455,0.592094
9101,0.565857
2075,0.369986
10686,0.307951
3711,0.357841
5381,0.619109
11071,0.599090
4966,0.627355
9560,0.598130
7562,0.550548
10835,0.345035
8364,0.594479
10863,0.585596
5247,0.335992
9274,0.627421
3643,0.388234
9436,0.614002
6440,0.402645
2587,0.367542
1171,0.320386
10886,0.359066
507,0.581211
5262,0.346246
6185,0.340044
1101,0.580701
4445,0.389236
3921,0.590876
3326,0.356304
7653,0.555451
4059,0.498089
6328,0.483026
5194,0.671060
797,0.569897
10792,0.489027
697,0.353272
7773,0.348389
2678,0.548677
3905,0.555102
11671,0.624875
4033,0.582315
726,0.362879
5739,0.628659
1002,0.658476
6973,0.397370
11780,0.620144
4024,0.599986
10497,0.614021
2141,0.335220
12453,0.565901
4605,0.330299
43,0.622609
10237,0.391004
6053,0.383529
11414,0.335980
9690,0.646608
5261,0.416029
125,0.369392
1405,0.578410
7290,0.474287
11179,0.379776
2550,0.347163
8588,0.433656
9810,0.398908
2569,0.644264
9651,0.570882
2831,0.340610
2352,0.400047
799,0.320587
7929,0.586485
6188,0.586180
8625,0.371088
9753,0.334971
4062,0.582046
5977,0.512770
483,0.588287
10807,0.328859
8456,0.338167
11728,0.324420
9588,0.358195
1134,0.366724
4292,0.384234
5450,0.626774
11032,0.321189
9442,0.498171
8698,0.322822
7628,0.648346
10384,0.630594
2760,0.333072
11584,0.595462
9330,0.602415
11573,0.401038
3598,0.495057
7681,0.620461
11579,0.576187
8631,0.327622
5527,0.659647
11444,0.348050
1547,0.589235
8028,0.549394
4521,0.356376
7599,0.566963
2275,0.608780
4111,0.309789
3075,0.623240
12332,0.620314
2150,0.358225
530,0.355424
2311,0.598541
10739,0.581086
5716,0.311867
4309,0.600474
2694,0.459603
4254,0.325663
9559,0.637887
11258,0.640917
4153,0.358699
2260,0.658064
6917,0.329164
10920,0.562160
4054,0.569598
8325,0.582611
4702,0.577332
12045,0.470212
6808,0.400592
9698,0.641703
832,0.674415
3353,0.403894
4556,0.419851
10036,0.617269
10335,0.627912
11905,0.352027
3062,0.593542
8225,0.392371
12246,0.611729
9096,0.428407
36,0.359968
1552,0.365126
2648,0.613751
7051,0.574325
2921,0.464907
7498,0.379410
7262,0.388811
11137,0.414415
12117,0.591713
7345,0.326264
3481,0.524973
4015,0.325133
918,0.617712
11628,0.521891
11052,0.324857
5904,0.605232
8093,0.335250
6167,0.373692
7624,0.354090
9594,0.665527
9238,0.658463
9084,0.614545
37,0.389360
5666,0.331780
12486,0.645948
6971,0.374493
777,0.596559
11769,0.424863
1516,0.527311
682,0.408285
12248,0.649422
4746,0.609673
1159,0.323691
6363,0.568869
11093,0.625260
11439,0.661074
885,0.524431
7183,0.610842
4356,0.376421
8001,0.340144
4426,0.619337
3596,0.567066
5,0.406218
8756,0.581114
5357,0.617904
12376,0.578074
9738,0.600771
5416,0.498004
856,0.357913
2893,0.353036
6613,0.359120
45,0.331483
9237,0.369278
9261,0.607012
8837,0.624970
11967,0.623348
6258,0.339649
2498,0.580287
7208,0.379518
2869,0.409737
9509,0.574544
12372,0.331265
2971,0.617324
11899,0.365887
10505,0.567448
10050,0.450658
7701,0.592410
10617,0.460651
5736,0.443100
6478,0.626702
5662,0.581565
1862,0.306894
5834,0.570700
2483,0.611589
4689,0.556195
11108,0.322319
11680,0.410856
1805,0.322342
6566,0.591204
1,0.600385
3448,0.352690
11073,0.344553
9134,0.612039
7695,0.586063
10430,0.452745
12377,0.607210
6577,0.630775
10643,0.347750
8975,0.597582
235,0.645675
8667,0.462401
10839,0.371403
2895,0.584684
1876,0.576452
8967,0.577033
38,0.384522
4104,0.596850
11325,0.436778
4185,0.363525
701,0.469172
6347,0.544152
9216,0.437429
1335,0.350505
6026,0.633048
6538,0.364070
9092,0.562105
5456,0.417089
647,0.329442
11757,0.606688
7285,0.642529
6630,0.574709
11828,0.646616
2122,0.610577
7975,0.595952
3058,0.532407
2347,0.482624
427,0.573474
1022,0.310040
11349,0.579407
6822,0.570243
1675,0.411091
3342,0.402075
4092,0.531790
7132,0.475170
8471,0.359691
4,0.572784
4259,0.608803
8331,0.599586
6122,0.332508
1024,0.480106
2479,0.402536
10583,0.560058
2169,0.322641
5443,0.627162
10767,0.583580
1214,0.633154
5738,0.638724
12003,0.476752
4511,0.553470
6868,0.570308
3440,0.477520
1632,0.604310
10307,0.572338
2929,0.475999
1985,0.430042
2476,0.631885
1640,0.630149
1283,0.523981
6543,0.419002
9544,0.603478
1192,0.388764
8650,0.309163
2710,0.606071
9658,0.323710
960,0.611706
10374,0.638192
3356,0.555098
10937,0.621785
7800,0.628461
756,0.422390
8236,0.420477
11119,0.358658
3754,0.591435
5452,0.332109
11595,0.323347
6672,0.562746
3068,0.576888
6118,0.537412
10846,0.385290
12347,0.353103
5721,0.321502
9003,0.637235
11854,0.391150
3429,0.335624
5697,0.594290
5575,0.650708
4757,0.616564
2767,0.569703
3712,0.428430
7392,0.610110
8772,0.598395
9819,0.514885
2240,0.635736
2321,0.342710
8854,0.364382
6274,0.373828
9354,0.533647
10326,0.619626
10570,0.549392
7977,0.651470
1086,0.628601
8296,0.425919
10814,0.365109
6290,0.627268
8429,0.435248
8459,0.454114
8987,0.615405
358,0.628147
4582,0.363234
11295,0.364448
6580,0.564763
10696,0.608261
2045,0.580922
1370,0.337784
7600,0.630025
7959,0.618456
7667,0.593376
662,0.348744
7553,0.654734
5883,0.552179
9364,0.535675
8284,0.397666
10154,0.370594
2728,0.332839
4610,0.344812
30,0.642067
6494,0.535044
11528,0.402952
5642,0.668318
9875,0.465928
1568,0.641245
141,0.403299
18,0.597335
6453,0.601312
11118,0.404803
8746,0.653377
9472,0.580040
12321,0.622107
4545,0.389698
1011,0.331648
7922,0.670680
12457,0.322057
9491,0.335178
9022,0.611258
9457,0.338292
6182,0.325873
635,0.538329
8026,0.320429
4276,0.629193
2305,0.602513
6524,0.607480
4047,0.339980
5237,0.601620
4711,0.630949
7995,0.425051
3630,0.624373
10170,0.409879
11974,0.419785
11464,0.640987
10571,0.633650
1608,0.413634
10962,0.570185
6940,0.431314
1005,0.315451
10963,0.648968
9893,0.350375
10386,0.337364
8453,0.342495
4204,0.318248
5746,0.368352
10972,0.341206
4046,0.388158
10545,0.427592
11023,0.578730
5538,0.385873
12362,0.647309
5091,0.332438
8572,0.587036
2773,0.460970
9583,0.569527
1419,0.497707
2548,0.427826
7479,0.624286
3427,0.634977
6134,0.636820
3114,0.598069
3029,0.603977
9428,0.633724
9687,0.647617
12386,0.618254
2317,0.411327
1037,0.572248
3824,0.522746
3142,0.419877
5365,0.328786
6191,0.436893
7422,0.667562
12157,0.568467
1931,0.319320
3254,0.644043
8374,0.358432
12299,0.364524
2663,0.643621
851,0.590917
3726,0.359435
3393,0.358412
2098,0.584445
569,0.582159
1083,0.623706
11609,0.341439
796,0.465843
8261,0.329443
6477,0.342950
6277,0.612041
8651,0.664906
8873,0.458519
12490,0.564443
5077,0.606579
11461,0.631096
4930,0.313250
10876,0.640786
6578,0.369160
4599,0.618962
4218,0.669112
3252,0.605291
10652,0.424389
1334,0.501315
10864,0.513202
6063,0.450058
1193,0.431371
433,0.565913
6088,0.660110
11582,0.422692
8564,0.566947
2119,0.595394
10397,0.391471
6384,0.626519
9504,0.560184
11885,0.364525
1993,0.478092
1110,0.378601
4220,0.423867
3041,0.646505
1823,0.385239
8009,0.315185
1653,0.633899
8143,0.553480
11115,0.374096
1554,0.610891
2603,0.346503
7405,0.361248
8130,0.348787
7797,0.641291
7204,0.410704
12319,0.340947
4441,0.470258
7682,0.330132
10858,0.612085
6605,0.458872
4512,0.642483
397,0.583719
7769,0.636144
8871,0.302225
6814,0.669119
6511,0.652739
11403,0.429359
11855,0.622820
7523,0.578585
10659,0.608400
4634,0.315639
8797,0.630854
3506,0.504159
3175,0.403324
4949,0.410960
4133,0.389962
10707,0.679211
9226,0.347917
5294,0.435855
5280,0.382869
9615,0.579804
6801,0.449456
687,0.641844
613,0.409765
3989,0.602143
3985,0.624577
256,0.318449
6333,0.324284
9945,0.473670
8386,0.354762
8390,0.542188
6487,0.427617
4534,0.375635
9989,0.607450
3423,0.430316
11775,0.584640
7486,0.415488
2868,0.673280
11995,0.347482
3713,0.657061
2977,0.435414
11634,0.369064
1609,0.644384
12466,0.474761
9119,0.613533
11385,0.679848
3366,0.623098
1340,0.604297
2326,0.493276
11396,0.361439
11815,0.552305
10292,0.409133
9317,0.328549
4896,0.356645
9184,0.651280
11212,0.603823
8442,0.589695
3336,0.579728
11354,0.354938
6082,0.629058
3385,0.591609
9095,0.537977
10622,0.510142
6747,0.424088
4575,0.623043
7447,0.541330
3025,0.321766
11409,0.435455
317,0.574146
10349,0.598184
2903,0.492976
8012,0.358899
8097,0.324122
9653,0.347315
3491,0.662212
5719,0.332426
1318,0.647158
11392,0.323444
11874,0.555027
8813,0.390715
3701,0.615214
11076,0.321477
1388,0.449738
9683,0.333027
6150,0.336977
12445,0.411418
10926,0.609397
9508,0.374302
2828,0.409032
10167,0.611066
3553,0.327770
5350,0.563945
4606,0.633075
2401,0.383350
6534,0.352952
3293,0.659254
7513,0.315784
4156,0.329412
2545,0.440559
4328,0.630346
9196,0.461052
1676,0.654055
6684,0.461486
4333,0.589251
11230,0.601857
11750,0.337603
720,0.369828
35,0.323821
3641,0.642237
2814,0.340836
10266,0.338671
5451,0.569294
5596,0.505360
8701,0.386010
1201,0.658161
5901,0.668131
4773,0.627401
10740,0.434110
405,0.606243
9759,0.321261
11706,0.629109
12342,0.670080
3224,0.618084
6164,0.328421
6305,0.679206
6207,0.638526
349,0.479528
11652,0.342006
9257,0.473287
1896,0.352036
11614,0.401324
2833,0.548747
11404,0.341142
6556,0.570490
8128,0.341024
3784,0.657657
2428,0.601232
9157,0.326873
7912,0.609621
9277,0.640381
986,0.327531
2641,0.534108
12497,0.395977
2771,0.600949
2082,0.593043
11412,0.644317
4917,0.362049
9336,0.565768
415,0.593621
8398,0.614672
771,0.339998
1259,0.324037
5395,0.585944
2486,0.368932
10190,0.607331
7297,0.468467
5062,0.577487
4195,0.579872
7832,0.444486
11962,0.375197
12260,0.520364
8365,0.330554
5891,0.330682
2254,0.559912
12065,0.337551
3303,0.600004
3260,0.610964
3159,0.550476
3364,0.564888
1152,0.364529
11808,0.501910
7771,0.346297
3176,0.629032
11566,0.366828
4219,0.588102
11891,0.362113
1571,0.574341
5951,0.646309
9677,0.640541
10047,0.637116
10854,0.613765
8622,0.654943
10364,0.587222
5470,0.598263
8778,0.495360
801,0.418039
4171,0.604560
10713,0.430208
10908,0.408610
9320,0.439322
7178,0.425048
11759,0.595494
5164,0.562321
9729,0.401888
10867,0.393733
1292,0.484191
2439,0.482389
1857,0.378021
1749,0.521944
9662,0.455025
10879,0.629795
1299,0.320191
4399,0.470762
11103,0.371634
7781,0.346291
6424,0.397304
219,0.607848
11550,0.637778
4791,0.597117
1951,0.355505
6984,0.623198
8391,0.341359
11218,0.600058
8672,0.566865
2387,0.359074
5028,0.366920
387,0.349797
8060,0.579754
8738,0.603250
10206,0.360944
6058,0.436696
3567,0.647937
11391,0.594322
3297,0.358089
11794,0.390436
8335,0.620750
10427,0.609898
6853,0.567484
9200,0.658833
6988,0.322172
957,0.597996
11497,0.640541
9030,0.560571
5561,0.664167
802,0.493070
4881,0.424503
3317,0.567655
9068,0.444373
1200,0.682098
917,0.324100
2745,0.670335
5495,0.572253
793,0.554274
11833,0.591424
7335,0.329825
3453,0.441885
8014,0.625750
7860,0.531959
3012,0.320119
2396,0.336371
11408,0.608011
8104,0.484128
201,0.636980
10452,0.485428
8256,0.555937
10054,0.432546
8823,0.595236
10146,0.602381
7119,0.641146
7997,0.433058
11923,0.598318
1991,0.632094
10380,0.646347
9988,0.549437
2069,0.652241
3949,0.636021
6273,0.599460
575,0.352509
8163,0.397266
5385,0.619675
4867,0.663190
11125,0.583369
4559,0.604143
11389,0.332563
3128,0.641709
7298,0.591153
5706,0.596004
3070,0.590025
2093,0.419076
8134,0.555813
175,0.594064
6545,0.574831
7716,0.630282
11341,0.561592
1624,0.411297
4590,0.609164
10799,0.334650
10754,0.323896
1297,0.353061
3082,0.538926
165,0.480048
10829,0.605255
1765,0.363654
2021,0.329496
983,0.630127
11694,0.572452
642,0.320505
108,0.350683
4394,0.437969
9013,0.588996
4137,0.359729
12315,0.667640
8696,0.658790
9751,0.600289
3583,0.318208
5921,0.473704
757,0.618151
5590,0.587170
9239,0.379730
2902,0.342957
10565,0.645937
4273,0.391655
5998,0.325502
5645,0.346842
311,0.383940
2506,0.614251
1363,0.374190
7126,0.339830
8910,0.430496
9628,0.312754
9629,0.328598
6858,0.566493
1210,0.636617
5713,0.437712
9059,0.601049
11197,0.318791
8917,0.445815
3505,0.663955
11470,0.633141
11552,0.634798
4496,0.399035
5630,0.582192
4808,0.591788
3782,0.490802
4357,0.592507
12491,0.559299
6048,0.420581
10572,0.410536
3418,0.406913
2478,0.601015
11841,0.586606
6681,0.479950
4718,0.642482
1514,0.390821
1139,0.515802
9501,0.622857
12265,0.345312
431,0.585066
3054,0.362998
11199,0.354718
9585,0.388446
9394,0.622084
8777,0.333826
9461,0.363201
4621,0.320859
8326,0.638580
6206,0.567444
7729,0.403851
4371,0.359654
512,0.372173
962,0.650442
7865,0.349144
11334,0.579985
3540,0.367554
10837,0.455970
3861,0.341474
8164,0.600250
6535,0.372388
6230,0.562096
691,0.602116
2755,0.620262
861,0.624463
4332,0.318456
9667,0.644372
12280,0.351277
3857,0.310338
11281,0.592130
11928,0.594233
5127,0.603176
10552,0.440960
3588,0.580335
6444,0.557443
10909,0.609738
8979,0.318308
6073,0.641826
9602,0.604355
10026,0.611578
4120,0.372926
4363,0.467671
5267,0.353934
794,0.585813
1362,0.474576
2877,0.633920
8438,0.627749
6127,0.352529
3348,0.446926
2575,0.577690
298,0.607690
8872,0.353896
12052,0.677678
5173,0.601233
5248,0.476348
3962,0.592650
3283,0.374435
8583,0.647223
3719,0.641184
7030,0.398624
10072,0.391665
8638,0.650371
5546,0.484531
9103,0.384075
848,0.619885
5022,0.608097
870,0.637065
587,0.358213
6439,0.597130
5460,0.411287
8181,0.309330
9591,0.359401
5010,0.409322
8768,0.595087
7974,0.331530
5851,0.333547
6778,0.392345
10568,0.662145
9524,0.472784
10816,0.463230
7457,0.564639
7726,0.443624
1507,0.392526
2516,0.312300
668,0.598343
8707,0.598986
10927,0.450450
10670,0.377589
7661,0.398036
3021,0.618164
1155,0.617596
10262,0.531835
560,0.554277
2058,0.350076
8400,0.380438
8091,0.615787
12068,0.384437
3031,0.423490
6509,0.350057
2403,0.602387
9445,0.596532
10378,0.433617
12351,0.309407
2714,0.558772
12091,0.337110
7775,0.648106
11638,0.365059
593,0.596529
3609,0.361115
3441,0.661480
10442,0.673494
7863,0.394285
1324,0.368960
3239,0.665699
8883,0.675105
2239,0.416609
5601,0.649667
9874,0.436749
3976,0.347852
11248,0.647410
1407,0.440359
11000,0.390548
10035,0.595357
1501,0.582956
11664,0.426517
4142,0.636474
9223,0.368576
9592,0.440575
4359,0.414292
1972,0.530268
6634,0.441030
1206,0.512503
7222,0.369556
8109,0.362224
8887,0.359330
9625,0.641504
2981,0.604443
4624,0.654621
198,0.347386
4311,0.382419
11953,0.634173
1195,0.661153
1684,0.656764
5323,0.329271
1342,0.600046
2933,0.375691
10813,0.439984
8145,0.589870
9919,0.616703
6844,0.606062
11021,0.532596
8219,0.670439
122,0.323423
945,0.594804
5155,0.624635
6117,0.616264
10899,0.587227
7169,0.615598
4281,0.424111
9454,0.570006
12161,0.340497
10183,0.478197
7233,0.338796
1817,0.595491
3056,0.324055
4088,0.333026
11549,0.425590
9135,0.560453
1298,0.520092
2001,0.666011
1899,0.361837
12121,0.355539
1054,0.582028
6130,0.581474
2376,0.653913
12193,0.424554
6014,0.494868
366,0.621029
10158,0.367950
7122,0.347359
2532,0.601706
6378,0.319502
11818,0.468224
7470,0.591252
12165,0.625587
10913,0.492166
7211,0.316546
5240,0.373369
1007,0.649039
6359,0.374986
6325,0.532453
12458,0.462681
7919,0.305380
3550,0.594455
9954,0.646910
12387,0.354373
11450,0.303006
158,0.597124
7614,0.476008
101,0.419732
5708,0.620725
10831,0.550806
1656,0.439190
10493,0.350837
7770,0.381350
6377,0.603558
9982,0.638870
2274,0.336045
10704,0.531852
7314,0.596974
4645,0.340720
3048,0.342258
12325,0.407229
1970,0.613083
1426,0.323701
7891,0.500962
1236,0.598808
1489,0.322188
4886,0.339046
9957,0.509010
995,0.551880
6956,0.572936
2693,0.424878
4223,0.650246
8368,0.339509
10957,0.552383
2128,0.341608
9697,0.410198
378,0.327568
9400,0.349188
6531,0.359237
2653,0.371307
11498,0.484643
88,0.592014
3266,0.429118
3237,0.641792
5794,0.580546
255,0.506666
3533,0.418441
104,0.401866
10717,0.620149
4090,0.569253
12176,0.434418
11662,0.343423
6792,0.626254
8461,0.575671
8231,0.318560
3222,0.562647
8469,0.400854
10690,0.451691
7466,0.344999
5393,0.639365
11296,0.592204
5148,0.549894
262,0.590369
3727,0.435433
10983,0.627923
8586,0.410506
5973,0.608662
4187,0.337844
9148,0.617716
9498,0.481076
5791,0.323476
8274,0.417452
4435,0.416420
1456,0.359699
1449,0.594130
10539,0.346522
4866,0.591416
4428,0.322432
6367,0.617778
3236,0.345497
7972,0.451650
5335,0.367012
9969,0.634669
991,0.380946
2438,0.629308
5605,0.363105
12478,0.587840
2205,0.428582
6239,0.563520
10164,0.564692
7525,0.379135
10345,0.595649
2005,0.583802
5922,0.629700
9152,0.452777
11900,0.332891
7702,0.363237
5389,0.345682
6706,0.440506
12215,0.336667
76,0.576811
6394,0.577910
4798,0.350887
10331,0.341799
4207,0.436493
7812,0.585438
8005,0.600801
8790,0.385536
9655,0.647280
10358,0.355655
11063,0.621648
3172,0.370713
11176,0.622176
2770,0.576215
10391,0.461447
10492,0.613297
6301,0.607144
8208,0.650358
258,0.631311
12383,0.593852
11079,0.595738
12054,0.579833
7064,0.436212
9126,0.654447
596,0.345270
7514,0.535866
80,0.334020
4540,0.345242
1908,0.639065
3276,0.522465
6078,0.631831
7306,0.619522
4285,0.433059
8003,0.620662
11331,0.638469
10560,0.422895
11633,0.365648
11373,0.325011
7198,0.617257
2997,0.316465
9702,0.671945
9958,0.389602
8547,0.639543
10459,0.444697
1870,0.437272
4075,0.355121
7003,0.416671
5098,0.621252
1674,0.454141
4194,0.672931
7411,0.345042
538,0.373559
8413,0.329187
4430,0.581132
3013,0.357815
966,0.646617
11152,0.628803
2615,0.490602
11848,0.327883
2083,0.597205
1997,0.591059
4409,0.596859
508,0.598437
9150,0.356274
9765,0.646407
8706,0.581399
7731,0.313018
5420,0.634537
7206,0.632235
5355,0.375038
5703,0.616878
12363,0.356835
738,0.619132
5455,0.637004
11948,0.354283
10512,0.330059
9460,0.645321
7638,0.344589
299,0.619102
4577,0.640524
4507,0.402051
2216,0.612726
9529,0.341164
3866,0.355256
7888,0.386681
7908,0.552700
1145,0.612925
1043,0.440408
1039,0.343980
9062,0.637561
86,0.614152
6838,0.463952
659,0.380868
1394,0.323242
3885,0.320159
5401,0.424286
5653,0.589326
2468,0.567745
11253,0.649605
8959,0.598797
12427,0.628553
3899,0.672168
4932,0.354411
1248,0.560946
10250,0.460502
4620,0.375396
8724,0.307424
4041,0.569953
4513,0.512932
8066,0.379579
7376,0.391465
7380,0.319349
295,0.435076
8938,0.628958
552,0.598715
4626,0.591376
2426,0.439103
11715,0.636474
4476,0.433892
2899,0.559069
4315,0.663695
4541,0.618757
6068,0.394083
6100,0.328815
6336,0.324783
11878,0.641085
5932,0.373788
6266,0.602233
2526,0.331884
742,0.645190
2078,0.658079
1520,0.317199
2117,0.581938
3883,0.341646
8888,0.586806
672,0.371367
11343,0.614618
4338,0.585175
10777,0.580972
8825,0.312545
8464,0.556990
11436,0.497895
8223,0.591915
4334,0.571316
7879,0.324506
4687,0.363852
12455,0.337913
333,0.619058
4957,0.324629
4638,0.432279
5899,0.325330
8345,0.432888
8744,0.346211
7941,0.642366
463,0.568272
4397,0.630519
9037,0.490092
10997,0.396382
1809,0.602781
9195,0.419741
12334,0.423094
8115,0.418552
9117,0.636371
9212,0.614072
2132,0.336015
2139,0.343253
2594,0.606496
2528,0.536895
2310,0.634360
11800,0.386363
8102,0.593351
8633,0.623780
9232,0.360756
231,0.577459
436,0.395557
10454,0.360532
5094,0.545066
7619,0.349358
11005,0.590620
11640,0.624729
7398,0.666849
11220,0.356224
10282,0.561681
3789,0.629493
3681,0.412407
106,0.651045
7018,0.654627
8266,0.431067
9869,0.641393
9489,0.593186
2843,0.615512
10679,0.347886
3749,0.637196
2818,0.321141
6724,0.313606
3291,0.597501
6060,0.398885
4130,0.672870
11126,0.619652
6157,0.618138
7035,0.580840
2782,0.343208
9335,0.606766
3594,0.400565
7464,0.361980
3504,0.570378
5008,0.331655
3250,0.500858
4132,0.574397
6123,0.652171
12311,0.617540
4377,0.537624
9078,0.330239
6664,0.629463
3216,0.630319
638,0.323837
2213,0.422133
11186,0.494567
2487,0.624114
8596,0.554648
2366,0.673410
8750,0.344571
4103,0.645537
3755,0.547919
4532,0.344092
6291,0.369473
6322,0.481918
12395,0.363005
10348,0.591432
9997,0.646543
10049,0.319389
3143,0.638719
4888,0.456525
1284,0.592625
12144,0.396905
7935,0.588581
5875,0.447907
10446,0.562042
10737,0.410544
3867,0.555247
11768,0.376182
9830,0.561336
8621,0.475445
2095,0.574321
264,0.344116
6519,0.352269
5660,0.575443
8043,0.661966
249,0.385009
12234,0.593672
11167,0.513480
2027,0.471336
3987,0.430151
11131,0.308231
6471,0.421555
11459,0.630286
10128,0.489319
377,0.668351
9703,0.485034
2071,0.554599
228,0.322268
731,0.595545
346,0.585818
8833,0.378014
3272,0.574946
5026,0.423337
1052,0.573610
7518,0.606297
8356,0.359671
3088,0.333291
11773,0.589527
10496,0.658626
11232,0.609150
1800,0.643170
9855,0.378919
7640,0.359899
6017,0.599280
7148,0.595441
9210,0.373731
1090,0.452239
6432,0.668689
60,0.342756
2359,0.638000
8985,0.631281
5313,0.372365
3542,0.591415
1321,0.443897
2488,0.505183
1399,0.583936
1452,0.560754
7058,0.379977
5700,0.586472
4595,0.338266
3817,0.600382
11162,0.394972
6799,0.642540
12492,0.641697
11236,0.420108
11313,0.420613
2845,0.631208
6957,0.365645
8815,0.615239
5730,0.639369
291,0.432535
1937,0.581890
5251,0.612045
998,0.623959
1757,0.524740
4969,0.617639
9333,0.619551
11318,0.415565
9726,0.345543
11781,0.636764
1957,0.352094
2992,0.624635
7010,0.669046
1105,0.608352
2280,0.632993
12201,0.493693
11027,0.595605
11049,0.490112
787,0.426742
10514,0.551980
8148,0.593540
1593,0.591074
5797,0.471240
841,0.314937
10974,0.596740
3123,0.409507
9432,0.402953
5274,0.575678
5269,0.329348
7325,0.321212
10407,0.312111
6327,0.580567
5698,0.606330
1467,0.400891
3930,0.333813
5067,0.615637
640,0.387435
3396,0.557656
9280,0.632876
8468,0.371059
9965,0.634014
1358,0.640003
6736,0.333697
8865,0.609914
9812,0.307608
9555,0.400773
8283,0.572462
2496,0.469806
12212,0.412672
8958,0.593915
6712,0.590916
2126,0.644224
10332,0.635583
7990,0.624907
343,0.450842
5414,0.585688
8788,0.588393
8095,0.595980
12035,0.618615
12323,0.624628
12073,0.583312
1849,0.607620
6107,0.594953
11951,0.567016
12464,0.643710
9643,0.598217
9355,0.362716
3963,0.341845
1797,0.640202
5734,0.364567
361,0.591553
11410,0.467334
6753,0.591773
6793,0.505462
4837,0.392005
12207,0.587407
1791,0.620735
10701,0.594025
11058,0.383701
4452,0.621875
6733,0.566129
10450,0.365306
3801,0.623295
5975,0.632045
11592,0.340344
5863,0.361061
7091,0.374270
8783,0.366552
9760,0.374975
10301,0.327998
3000,0.628225
6489,0.507896
2395,0.350678
5641,0.594436
9162,0.575173
2912,0.649100
11807,0.340688
12421,0.616500
10284,0.592329
9372,0.582624
4612,0.377590
2553,0.414322
12223,0.351111
6884,0.495467
4911,0.646932
12110,0.394294
3313,0.407128
9326,0.621684
1015,0.365236
2546,0.600450
9678,0.576772
3792,0.619298
7062,0.391677
195,0.597431
4531,0.587197
8659,0.320418
11529,0.318844
4944,0.366471
3197,0.477742
11377,0.372057
4468,0.608620
11037,0.631010
6552,0.517161
888,0.408132
9994,0.465239
12394,0.324973
1462,0.490069
942,0.326580
5409,0.602334
2314,0.432869
3455,0.592516
368,0.614726
9420,0.641372
10433,0.531296
6269,0.384783
10849,0.427635
1820,0.450025
9138,0.656832
10175,0.344302
8117,0.536386
9689,0.473945
3419,0.610053
8339,0.604285
10305,0.605280
6422,0.653733
9839,0.608591
11107,0.590293
10462,0.627060
1519,0.611041
3602,0.307317
3879,0.375889
2675,0.369324
7242,0.323044
9199,0.617527
5956,0.383984
7841,0.439277
10620,0.584071
8289,0.420051
9947,0.627501
2097,0.497534
3110,0.611628
11783,0.418471
12483,0.319831
11316,0.656159
4368,0.383364
1197,0.652949
8963,0.351944
11337,0.606969
5981,0.368959
5555,0.610650
3535,0.649208
1397,0.313336
3233,0.382683
6595,0.333620
4459,0.348230
10263,0.613328
4803,0.669908
1357,0.336724
10697,0.600176
8874,0.430016
10253,0.593987
144,0.459607
716,0.511105
1067,0.661059
8051,0.608295
9837,0.638295
6600,0.593024
3045,0.630724
9463,0.315847
5382,0.531898
3852,0.393492
1175,0.589550
4663,0.442077
8700,0.591216
9668,0.513963
12031,0.383328
11364,0.401622
5881,0.586302
4976,0.595442
4655,0.342594
1367,0.510519
8607,0.570341
9771,0.676971
11501,0.336185
2635,0.608020
5181,0.444895
10004,0.556300
4839,0.351874
5982,0.347369
1485,0.434727
6620,0.600314
2706,0.453851
2133,0.336787
10832,0.590445
10619,0.361458
4639,0.394355
3339,0.525464
12276,0.354821
8142,0.601345
5624,0.343377
589,0.392668
2465,0.604864
403,0.644261
6583,0.586683
2854,0.318489
9684,0.631156
4174,0.617821
10490,0.616898
1404,0.347049
10755,0.635733
11170,0.622755
2300,0.631651
4984,0.591210
10868,0.482654
11971,0.447235
11430,0.604293
7906,0.642259
1472,0.372332
7203,0.359561
10423,0.313474
7082,0.667440
3649,0.322591
6299,0.308909
9904,0.374920
10732,0.355144
11086,0.412211
6547,0.348696
9783,0.611298
10891,0.471705
11742,0.322423
3891,0.606053
2226,0.607476
1047,0.333193
1678,0.618921
9219,0.327586
8470,0.615712
12235,0.618881
9835,0.638901
3149,0.614913
3387,0.334204
2350,0.588906
11204,0.610799
456,0.365451
42,0.644403
576,0.328586
6506,0.663843
7718,0.349593
135,0.317839
7375,0.629202
12358,0.334814
11160,0.441583
6464,0.540647
700,0.573569
12271,0.618293
10267,0.363767
2296,0.424298
3186,0.333079
41,0.589278
723,0.578015
1922,0.592402
937,0.492252
12138,0.363305
5256,0.620199
4876,0.514317
6669,0.372933
8179,0.381891
4355,0.384217
9307,0.350858
9292,0.320146
1323,0.346992
7221,0.463311
10494,0.646779
10596,0.337734
2217,0.614336
3382,0.372280
11308,0.608054
3178,0.665639
3474,0.373219
6094,0.594565
8609,0.595396
6632,0.607954
3074,0.657733
55,0.409410
4233,0.630085
2624,0.548351
8976,0.628802
3940,0.640619
1450,0.522249
2007,0.604160
230,0.417770
7141,0.610378
2209,0.587843
7861,0.639874
670,0.562890
2840,0.352126
12059,0.478502
2435,0.451818
7834,0.612534
11367,0.339449
10935,0.561579
1242,0.667153
6083,0.330900
8666,0.620897
4322,0.653948
4632,0.360893
1745,0.377848
3863,0.337680
6555,0.393155
8048,0.417870
6259,0.410202
10774,0.408003
1079,0.547128
3204,0.557074
6523,0.642975
2976,0.500750
11535,0.646909
2412,0.638300
10922,0.318222
9120,0.356119
8375,0.558300
2084,0.621599
11963,0.565024
4671,0.589152
11134,0.613742
8444,0.565596
9422,0.413578
4731,0.649831
9575,0.407368
347,0.370199
1828,0.636203
3384,0.610009
6360,0.345974
11863,0.566120
1730,0.605986
6784,0.342802
3040,0.399725
722,0.423144
2294,0.654772
10651,0.494638
11832,0.606329
9229,0.336371
8903,0.635323
11415,0.443669
1109,0.321702
7635,0.486796
11816,0.604584
5184,0.451045
1706,0.650281
3210,0.635595
2312,0.391265
9370,0.306150
3819,0.653453
443,0.647813
10969,0.331501
5803,0.376867
6162,0.632954
4761,0.374348
951,0.322298
9050,0.343471
2382,0.452674
6242,0.621908
4479,0.348436
3362,0.609031
335,0.382135
11029,0.508403
4379,0.350798
6750,0.336558
7025,0.418932
9206,0.627798
895,0.508586
4168,0.439963
8793,0.649092
2968,0.321614
4419,0.344583
63,0.322367
5644,0.633974
10812,0.323583
557,0.532101
6112,0.320777
10268,0.653148
733,0.322973
1506,0.639055
8086,0.585780
70,0.655055
6355,0.625742
5475,0.561441
9537,0.627111
3519,0.611141
6849,0.607688
9180,0.365918
9322,0.625901
8230,0.598946
3592,0.562142
1016,0.441796
6466,0.605641
4052,0.313299
2151,0.367753
4022,0.365055
2792,0.579757
7302,0.323222
3305,0.552496
11852,0.578150
5238,0.572707
10700,0.424991
5196,0.376994
6536,0.618070
8617,0.330174
7962,0.336689
10624,0.330511
5825,0.606772
838,0.408406
8037,0.587470
8741,0.376984
5767,0.368764
11571,0.627131
6965,0.382401
5735,0.619134
7940,0.320269
4235,0.664051
2471,0.598508
2381,0.620095
5102,0.385542
9413,0.591068
6137,0.583575
1804,0.391386
9741,0.381864
1928,0.604679
9520,0.636982
4960,0.643281
5731,0.521101
11277,0.654949
11799,0.567017
7969,0.600146
5748,0.681312
9032,0.364264
2939,0.635891
941,0.437766
6909,0.500702
6554,0.650012
5966,0.633863
9390,0.413335
938,0.357417
2815,0.329148
22,0.502947
6298,0.454449
5880,0.665689
5562,0.575607
1701,0.585432
6606,0.604974
6437,0.434180
12004,0.457626
4364,0.391584
8639,0.334253
3007,0.684317
11547,0.327737
5060,0.600020
5425,0.581104
8804,0.587832
5761,0.328362
3917,0.587447
9224,0.601317
10968,0.643218
3370,0.316199
3469,0.641857
7189,0.671905
11778,0.616094
9042,0.406743
3049,0.325929
7697,0.412301
1912,0.545020
12195,0.404719
1458,0.561312
4550,0.384014
9670,0.322017
9756,0.592462
5895,0.436853
12304,0.562509
11608,0.339458
7237,0.618756
4958,0.497465
2000,0.607571
3095,0.663353
8893,0.318573
7550,0.555320
6419,0.420812
2589,0.558167
12056,0.621507
9984,0.594937
8074,0.616147
7809,0.398456
9137,0.365626
5826,0.601106
4697,0.329630
912,0.562254
10626,0.342918
6404,0.568499
8760,0.369649
200,0.514834
1772,0.427024
10661,0.595139
4835,0.598774
11222,0.664694
10078,0.618013
9892,0.314975
5417,0.464160
7799,0.670933
5492,0.532381
8329,0.440749
6765,0.345837
7280,0.639443
12374,0.363432
7574,0.538601
10605,0.496730
7811,0.424707
8039,0.344655
3019,0.566407
171,0.497548
3008,0.395263
1491,0.358195
5298,0.450534
11324,0.398539
6762,0.399621
11193,0.491186
11288,0.344418
4699,0.576371
9015,0.427469
7740,0.435354
10180,0.411012
3248,0.586329
239,0.389120
4538,0.506020
5822,0.493813
493,0.399227
11358,0.660759
4410,0.565589
5753,0.358701
4450,0.379208
1479,0.588214
4998,0.633871
6186,0.569753
1056,0.560454
11338,0.356242
5472,0.370545
11908,0.322534
6085,0.602803
12320,0.571061
8478,0.624019
3654,0.350858
8180,0.641099
8856,0.476233
8099,0.394517
5095,0.463187
3146,0.394652
7649,0.398639
3277,0.647753
1638,0.596868
8715,0.650079
12489,0.641998
4974,0.573740
1984,0.617757
10395,0.605586
11189,0.604924
3560,0.376800
9036,0.603320
9572,0.596305
6303,0.351676
4859,0.360565
1690,0.661532
3225,0.376005
4023,0.647740
5218,0.610162
5701,0.560291
844,0.634001
7166,0.618416
6999,0.620396
179,0.522074
6754,0.616391
7894,0.608720
3616,0.567274
481,0.616638
3408,0.631856
8336,0.379024
8885,0.424044
2407,0.430511
11282,0.585412
1829,0.622956
9946,0.555563
10844,0.601860
7023,0.361349
6079,0.654737
11847,0.492356
6003,0.322811
2989,0.364027
12143,0.512595
11655,0.641334
531,0.617978
12030,0.543622
6409,0.621070
3994,0.399817
10367,0.543703
8571,0.588417
15,0.367042
162,0.343529
3124,0.529266
11290,0.589978
12322,0.658187
6758,0.459099
8626,0.501097
518,0.605291
2825,0.435549
2808,0.353557
3410,0.637318
7733,0.443356
6411,0.370204
5854,0.470070
3508,0.555696
3286,0.335419
11022,0.404620
3509,0.674406
3599,0.361499
1164,0.313898
9669,0.599620
7604,0.344305
10421,0.573912
7965,0.365364
10880,0.419707
11823,0.599804
3897,0.625945
11844,0.593974
5906,0.415730
2076,0.330047
7218,0.561893
10823,0.330157
3742,0.586826
864,0.597327
10966,0.560487
7944,0.314021
4265,0.635143
12095,0.574712
8147,0.646224
1741,0.344230
4380,0.332668
11961,0.599433
12064,0.666285
4200,0.489067
6046,0.622111
9357,0.606010
3555,0.317673
10451,0.401832
2592,0.362686
3052,0.603622
6939,0.381733
699,0.355623
2481,0.627244
2994,0.377712
11480,0.333898
5578,0.603214
9352,0.397399
6643,0.646930
469,0.630267
11921,0.615240
10667,0.581577
5246,0.371021
10077,0.362227
46,0.585045
2099,0.589346
11453,0.619824
6460,0.584508
695,0.595610
5483,0.335832
9045,0.591362
2618,0.430855
12240,0.442638
4456,0.597740
3584,0.334457
1327,0.644162
1891,0.594231
4617,0.518639
3892,0.323363
558,0.573949
770,0.573651
782,0.500833
10499,0.587720
3603,0.336404
10551,0.630284
5316,0.343141
9452,0.328205
1097,0.451711
1239,0.377032
168,0.420735
826,0.624265
5112,0.327993
2389,0.643583
352,0.601091
3698,0.433376
6389,0.609270
570,0.311469
2905,0.613432
9797,0.522698
2689,0.618222
9757,0.373603
10682,0.332619
6400,0.651901
4122,0.535316
7665,0.596646
6529,0.661262
11513,0.631637
4126,0.543802
3026,0.447161
5180,0.572803
707,0.593419
8832,0.437379
2925,0.571444
5625,0.650639
4483,0.538318
2227,0.514769
6852,0.609033
5317,0.571006
10157,0.434377
3673,0.432092
4278,0.326052
4025,0.643027
6826,0.319836
6288,0.628438
817,0.353234
4085,0.402698
1094,0.615241
4224,0.562218
11292,0.570844
7054,0.606337
8430,0.593000
1233,0.312716
319,0.607943
5573,0.624598
7060,0.364968
5099,0.334145
10056,0.593141
5373,0.428991
581,0.595234
8427,0.472526
4985,0.555830
190,0.595618
743,0.557116
7471,0.458009
7443,0.632474
11017,0.344432
3467,0.638122
2446,0.344940
823,0.587875
9826,0.555947
1070,0.652292
2417,0.350455
2362,0.583017
3262,0.565840
2449,0.435782
750,0.598749
3241,0.662296
1446,0.470995
4578,0.670677
3383,0.574452
7495,0.326951
8264,0.564715
11851,0.510568
3264,0.510868
11685,0.422717
10900,0.648949
4175,0.654928
8901,0.600476
5481,0.650232
12452,0.598165
8476,0.604535
10327,0.597742
5533,0.415362
10604,0.332544
6276,0.339635
120,0.482818
4785,0.343090
5431,0.546637
5807,0.634715
2290,0.320865
10193,0.405668
8159,0.598517
91,0.445372
9268,0.364880
9778,0.625380
8867,0.410892
7162,0.490332
363,0.586152
5496,0.599136
5403,0.566535
4653,0.475789
2849,0.417990
12062,0.667192
7899,0.505389
2259,0.637034
795,0.391520
2453,0.366144
4367,0.565452
11411,0.630964
5943,0.659729
4339,0.335514
1410,0.315964
6846,0.603683
9109,0.431676
12170,0.640662
389,0.614413
6106,0.599213
12112,0.596023
11264,0.371428
6528,0.392653
8559,0.599571
2823,0.377732
8773,0.323518
6510,0.602710
8321,0.648543
2813,0.656477
5526,0.571089
4502,0.611995
9553,0.363122
3728,0.331516
2256,0.434117
11384,0.369583
6310,0.540847
775,0.346342
10432,0.547775
4908,0.578420
10632,0.587272
11379,0.648032
1494,0.373067
10306,0.645485
1260,0.367681
8111,0.374087
1538,0.628479
2246,0.662520
6041,0.588336
6697,0.353277
9434,0.351112
5589,0.431586
7452,0.349905
3471,0.631609
6894,0.312844
1269,0.588010
6393,0.670687
10046,0.610492
207,0.644138
6170,0.323758
9272,0.592037
1615,0.398920
3477,0.433459
9682,0.319282
7216,0.317429
9543,0.311038
10099,0.404143
1316,0.415978
9468,0.342113
4251,0.656527
11494,0.633211
25,0.307735
10371,0.449858
1509,0.602881
2832,0.646497
254,0.464508
5770,0.357779
6922,0.394277
11291,0.340826
4795,0.537770
4873,0.581204
10765,0.609009
10087,0.640062
6281,0.624470
7791,0.364591
3314,0.604102
5347,0.566705
3490,0.663991
5869,0.588276
3451,0.331771
11822,0.609707
4202,0.358370
8000,0.308456
1729,0.361610
12404,0.381223
4571,0.587668
7177,0.352320
12348,0.569443
9203,0.317628
3137,0.521676
655,0.559993
11015,0.630234
7703,0.348343
4189,0.376868
10255,0.637850
6977,0.413990
10405,0.387370
12473,0.326475
7656,0.436768
1539,0.324262
2146,0.614881
5449,0.599976
1780,0.375793
12013,0.593190
3473,0.317556
3839,0.391507
3457,0.354767
7986,0.580327
5044,0.375044
11683,0.603477
8154,0.343631
10219,0.468006
10711,0.338270
5507,0.633851
376,0.448202
6805,0.343437
4646,0.581192
6532,0.651040
12153,0.625354
2564,0.424567
8379,0.630837
4469,0.615778
8494,0.335852
5978,0.455805
5043,0.421068
8640,0.400670
11940,0.607573
10138,0.612225
9728,0.328374
2431,0.620068
3367,0.580864
4554,0.644251
10314,0.369416
1174,0.655840
8568,0.463518
806,0.668274
3525,0.417638
12298,0.612832
6596,0.642770
468,0.328588
7675,0.309451
9263,0.609256
9308,0.481614
10808,0.617781
4004,0.422783
8757,0.323158
7896,0.587801
9306,0.487073
9828,0.561281
7859,0.335361
1673,0.400443
7272,0.413952
1331,0.422978
4253,0.401672
4996,0.651495
6500,0.583307
1889,0.390207
6016,0.629054
2157,0.631067
4209,0.332890
4119,0.387711
6293,0.589708
7687,0.375643
1226,0.400810
3909,0.593819
5960,0.359347
6772,0.617216
3361,0.686010
10210,0.312009
843,0.485544
8217,0.530639
11378,0.639154
10788,0.640997
459,0.635370
1974,0.430711
202,0.318699
12066,0.380516
3916,0.412859
11067,0.466014
10366,0.628516
1840,0.620561
6334,0.467938
8807,0.594706
10805,0.449890
7920,0.594477
4855,0.405076
7279,0.605429
579,0.330814
10649,0.375935
4234,0.404162
10135,0.584214
8199,0.599703
10736,0.562810
8890,0.343087
3936,0.310155
7102,0.556460
4116,0.613743
961,0.429891
2121,0.513865
11660,0.607830
5680,0.621807
5458,0.599126
3270,0.477130
690,0.565065
10573,0.326592
4093,0.380362
1078,0.371750
11350,0.320366
5161,0.361045
2709,0.597405
8594,0.464263
6899,0.621434
182,0.575519
9187,0.552717
12313,0.584516
11407,0.311332
10923,0.473702
2224,0.360687
6042,0.626515
11932,0.592873
1924,0.406381
5432,0.662708
11797,0.422854
6974,0.547792
8673,0.580850
1508,0.571537
7356,0.444030
4362,0.668408
6103,0.581661
2422,0.633854
8486,0.632558
446,0.635486
5101,0.600732
4968,0.385659
10612,0.541343
7038,0.398049
5790,0.350526
7660,0.621769
6066,0.634887
1151,0.627798
3412,0.597785
9161,0.550961
1428,0.517664
970,0.587978
7163,0.316881
10793,0.365728
6136,0.503217
9296,0.558595
2687,0.334491
9907,0.354609
8969,0.559675
7024,0.332964
4284,0.531014
9772,0.643074
741,0.420273
9851,0.655360
5946,0.682314
3325,0.632311
1295,0.393111
8996,0.471525
4807,0.323716
4143,0.650279
11955,0.607750
9552,0.603765
8966,0.594791
3703,0.373377
7630,0.343197
11613,0.555197
3359,0.577541
6447,0.571791
8184,0.365941
1856,0.669806
12303,0.583679
10487,0.596958
3378,0.624625
3720,0.421765
5216,0.559098
2873,0.336206
6702,0.330479
11758,0.624545
10689,0.611230
10059,0.548192
4081,0.531301
364,0.350626
4652,0.567202
12020,0.490282
289,0.599063
11930,0.503111
1161,0.331132
3184,0.589921
2829,0.680489
6345,0.306704
2335,0.380775
11427,0.616569
4751,0.404333
11312,0.596368
11133,0.558741
9966,0.309530
10540,0.578230
4838,0.586625
2383,0.583495
9055,0.574090
3832,0.402931
9264,0.372744
2967,0.404401
8736,0.615308
9315,0.603759
2079,0.391935
6611,0.637685
6875,0.576459
8467,0.614364
4302,0.510539
10061,0.334405
5827,0.487778
6507,0.590117
9876,0.368653
5072,0.622839
1044,0.579811
4003,0.341857
12482,0.424742
3986,0.624998
12055,0.564005
8360,0.630005
7847,0.422294
6650,0.572032
11224,0.592191
11522,0.566705
855,0.354085
380,0.536399
11304,0.576561
4722,0.332485
11544,0.399732
2063,0.597058
7721,0.388579
4271,0.322994
1739,0.541575
2057,0.656770
8267,0.633848
1592,0.489706
7782,0.556569
11386,0.580613
2309,0.384719
10601,0.486759
1647,0.624096
5011,0.587451
11207,0.333969
9176,0.329115
2161,0.342216
9917,0.622588
3115,0.683577
4983,0.391413
11735,0.625410
5949,0.365080
8448,0.596525
3974,0.626502
2503,0.502432
9249,0.673591
2898,0.476073
6315,0.583357
1013,0.351725
9660,0.624464
9823,0.568715
11002,0.641103
3955,0.580302
1863,0.624752
4060,0.312351
9411,0.393980
155,0.590075
12245,0.334236
4325,0.612998
9439,0.406213
5093,0.534351
8059,0.378523
8992,0.514450
3201,0.608069
8703,0.582250
5391,0.651010
9979,0.453266
10548,0.645169
685,0.582748
4677,0.592097
2697,0.605282
7397,0.346603
7517,0.644883
11999,0.622707
1517,0.454779
4164,0.596766
12297,0.407088
599,0.351779
11804,0.593261
5273,0.561421
2777,0.536651
1092,0.470667
6914,0.587202
3028,0.629813
6135,0.326705
11432,0.327998
5976,0.600769
12353,0.323639
11719,0.336966
11551,0.443607
9789,0.673009
280,0.570880
660,0.388914
9624,0.603978
1717,0.593524
10842,0.318688
4661,0.380740
10665,0.390719
10006,0.340948
9639,0.634442
12272,0.366588
6499,0.592984
2761,0.596782
11383,0.661022
9188,0.557441
7484,0.607297
7603,0.594776
4660,0.341088
6095,0.385890
7378,0.584751
11861,0.583915
2144,0.326940
5446,0.587209
9115,0.579419
5195,0.334562
11262,0.602711
1950,0.581174
846,0.667237
2890,0.509161
6686,0.383147
11617,0.634166
2463,0.413221
2999,0.350274
4376,0.410736
646,0.353012
6657,0.338218
3745,0.351022
9766,0.524551
10252,0.403756
11122,0.344129
12174,0.624481
3185,0.449710
8970,0.644860
10,0.394962
8105,0.517897
109,0.489410
4548,0.630509
887,0.605565
8044,0.352557
6416,0.321659
8539,0.619589
10417,0.475862
11466,0.410816
1832,0.653863
9051,0.570416
5971,0.584593
5743,0.328269
5163,0.585945
9163,0.324981
8153,0.649018
12413,0.541412
919,0.490386
1217,0.608081
988,0.314860
9533,0.642441
5621,0.321022
6690,0.357486
11736,0.459937
2617,0.657191
8542,0.600859
10074,0.333955
8721,0.583783
2991,0.389292
1914,0.628228
6628,0.564763
6840,0.588816
3202,0.377695
4398,0.375460
6619,0.646440
9596,0.368173
1560,0.501987
3855,0.560635
1682,0.623353
5923,0.548835
7048,0.437400
582,0.663575
5149,0.411285
2406,0.671547
5996,0.390358
6900,0.325557
2613,0.593409
1795,0.439750
3379,0.324048
6472,0.300754
5778,0.551595
3642,0.570520
4827,0.588704
1333,0.573699
4028,0.412717
6484,0.448869
6986,0.637859
9235,0.454423
8406,0.466095
4857,0.588549
9368,0.339061
4373,0.354652
6335,0.392329
342,0.472075
6496,0.382552
5723,0.398482
9676,0.330866
2791,0.575428
6454,0.458719
8070,0.624243
5726,0.333425
11475,0.396621
10826,0.637182
10398,0.361042
1212,0.357189
9513,0.551907
6848,0.366056
3665,0.322491
2203,0.319134
2593,0.426516
12294,0.590535
5226,0.577360
11637,0.473864
1927,0.335895
8279,0.581807
1190,0.503081
10804,0.619553
10279,0.572448
1694,0.341279
6195,0.340912
8071,0.364983
6995,0.422630
6030,0.596952
6663,0.611242
9721,0.370546
6433,0.606055
5866,0.321959
4934,0.324205
9885,0.639100
8990,0.632359
8977,0.646494
10313,0.644314
7474,0.368747
1770,0.353320
7973,0.378246
2518,0.639357
3778,0.599739
8981,0.440795
4372,0.322392
6821,0.517083
11860,0.433469
6964,0.499685
5668,0.438298
1785,0.302247
7125,0.315147
5224,0.671247
5217,0.655736
4401,0.594435
4246,0.574673
10778,0.375955
7583,0.321849
3636,0.399746
5535,0.364156
3872,0.344864
10409,0.599174
923,0.650773
2953,0.341459
3391,0.654708
7176,0.320127
4879,0.534983
3103,0.620383
9021,0.653932
8076,0.607952
2743,0.596472
1680,0.336224
11871,0.531389
2778,0.624749
5917,0.628760
3793,0.660669
5272,0.314383
234,0.410669
9769,0.568719
7902,0.644406
7207,0.338241
8881,0.654287
1576,0.617307
8165,0.408067
7593,0.399942
8129,0.343096
3232,0.333674
4987,0.325464
6968,0.408755
10616,0.634905
271,0.616999
7278,0.389102
625,0.358896
5809,0.642569
654,0.636095
8798,0.347920
9770,0.599887
3696,0.446355
4654,0.641206
2703,0.520178
10008,0.319694
842,0.600945
2059,0.587414
2666,0.387743
8800,0.637092
956,0.674539
3010,0.465985
6599,0.608794
1904,0.611844
10662,0.572801
2303,0.407407
466,0.594115
3828,0.557367
5158,0.613058
4721,0.440431
4506,0.345879
151,0.593085
7747,0.593023
1963,0.387831
11448,0.582179
1041,0.418428
11524,0.330290
7291,0.629732
157,0.322822
2114,0.599068
10719,0.564856
6729,0.631081
10978,0.449106
9435,0.616294
10541,0.625074
550,0.344300
9616,0.603071
3815,0.442432
3798,0.454738
7456,0.327369
1237,0.608610
4848,0.364679
4009,0.579633
11520,0.526896
12474,0.451966
6045,0.656247
3514,0.317474
5007,0.353031
3057,0.583989
6665,0.588462
5467,0.601583
150,0.329597
4037,0.398597
3130,0.391539
7090,0.516040
2349,0.328272
4683,0.333652
11171,0.350683
2392,0.436977
9749,0.629697
4747,0.560321
11496,0.659134
3708,0.603301
11085,0.629572
11663,0.653995
7230,0.575146
5557,0.432132
11762,0.606946
4370,0.568983
3464,0.637774
1364,0.317707
2160,0.632233
3896,0.605198
6399,0.634703
11333,0.540173
5232,0.624371
8766,0.322622
9265,0.411283
5122,0.461251
7875,0.625763
5494,0.534909
3854,0.432487
10921,0.324293
9827,0.392828
11393,0.322744
3376,0.361098
5541,0.408217
3771,0.552627
5185,0.325843
6985,0.605919
5607,0.604602
2324,0.571325
4169,0.388911
7333,0.359023
3416,0.550505
1346,0.454105
10648,0.585578
2888,0.405803
11055,0.449318
10477,0.360777
10302,0.575778
6903,0.399495
621,0.336966
12388,0.422468
10794,0.540426
1934,0.396647
3702,0.333873
1304,0.551857
6104,0.599600
8654,0.617390
1050,0.340820
12465,0.373451
4286,0.389589
5580,0.579449
1932,0.618489
8212,0.615174
6590,0.603754
6379,0.599882
4568,0.390749
5159,0.654492
8062,0.313137
6329,0.371210
6183,0.633450
7569,0.583301
6099,0.342120
11508,0.323635
4321,0.559497
5223,0.371666
3112,0.566699
8222,0.394665
10051,0.409941
5137,0.317244
12469,0.390109
11688,0.564267
5750,0.464501
5930,0.592956
3483,0.365307
5208,0.426420
3522,0.605629
5543,0.561930
7856,0.586437
8188,0.401868
6741,0.644976
5210,0.484919
3439,0.338454
4799,0.647823
11434,0.391082
10381,0.424508
11271,0.396619
7723,0.609964
8426,0.326570
10120,0.382614
1061,0.428881
9325,0.322657
9328,0.435591
3978,0.506523
11772,0.457172
3513,0.334382
11192,0.425903
3332,0.329364
3024,0.636393
884,0.581838
8228,0.645758
7303,0.329958
9198,0.328091
3652,0.347807
3316,0.358644
9663,0.539651
7266,0.409013
6364,0.361949
11329,0.606309
8348,0.380308
6268,0.420979
10591,0.541658
6768,0.316979
12330,0.637256
10063,0.576859
8532,0.551489
3231,0.367821
178,0.603063
5392,0.362197
11165,0.615606
10040,0.333605
8989,0.325513
419,0.579124
8350,0.571753
4681,0.380131
4420,0.537956
4319,0.617666
7874,0.542540
5722,0.404787
10727,0.321009
10095,0.316234
7012,0.347956
2278,0.382189
4877,0.398742
2178,0.566238
127,0.594710
2860,0.539387
11127,0.493949
187,0.397226
893,0.610300
3709,0.334188
10946,0.631937
6748,0.447400
5372,0.363457
8466,0.325630
10121,0.347575
7793,0.326102
5876,0.333754
8950,0.655177
62,0.588866
12190,0.493502
6244,0.617643
11840,0.603013
5714,0.336966
1095,0.619354
7706,0.511966
674,0.434592
11665,0.604248
9603,0.372533
6695,0.412465
2233,0.317093
2883,0.464907
5486,0.406013
10090,0.374976
8526,0.330499
6319,0.601798
9380,0.567061
5576,0.353165
8687,0.346871
6039,0.361123
6055,0.611012
11838,0.656009
6,0.314982
6809,0.577671
1107,0.326919
12371,0.601274
11733,0.636366
8493,0.351908
2425,0.340016
5824,0.601801
1064,0.404004
7095,0.358586
6874,0.435231
12310,0.423741
6892,0.521685
10217,0.545368
12048,0.652024
1436,0.629445
6054,0.325304
3671,0.318576
10758,0.665656
4261,0.572734
4504,0.421595
4351,0.656696
2238,0.624408
250,0.649094
3091,0.371708
6125,0.627018
2625,0.361464
11105,0.484273
5282,0.417913
2197,0.662819
10578,0.588136
5427,0.622199
3407,0.617365
6780,0.402759
1202,0.362880
3561,0.342763
11755,0.341851
6932,0.595401
4053,0.615518
6332,0.626108
8892,0.576501
7717,0.639194
8389,0.606664
321,0.315103
7596,0.634033
11730,0.362260
9447,0.338295
11707,0.604101
3328,0.601600
8174,0.601014
6245,0.599957
8133,0.629323
1322,0.423913
9870,0.328428
8878,0.580237
8286,0.616911
6811,0.636683
9517,0.321077
11877,0.580851
10055,0.398583
11819,0.318810
10092,0.490014
1320,0.436660
1724,0.545396
3227,0.489672
8357,0.611575
1028,0.392423
10734,0.446087
9242,0.575386
9376,0.387514
11883,0.526269
10060,0.570898
2427,0.337540
5154,0.322728
8993,0.551550
7554,0.634262
2583,0.669997
6718,0.586324
11048,0.593572
6370,0.391971
6425,0.486515
6217,0.659625
10627,0.323850
9366,0.599596
472,0.592760
7049,0.347828
1868,0.329588
1633,0.596364
1255,0.421279
2443,0.346724
9635,0.333756
8531,0.422354
9858,0.626800
4150,0.418282
7710,0.497950
10201,0.409173
5045,0.639234
5478,0.611188
2379,0.355312
10191,0.359327
2152,0.362283
10439,0.496815
2638,0.649099
9031,0.609171
5958,0.629095
11806,0.643454
8590,0.639758
9405,0.319857
1023,0.361398
3154,0.372712
1622,0.367784
8450,0.303118
9386,0.571451
11505,0.391556
12159,0.352498
7366,0.430236
11785,0.577834
8821,0.615536
1053,0.647875
1886,0.556761
3680,0.575526
49,0.622632
10760,0.360367
9433,0.631243
10980,0.328657
2611,0.405712
11519,0.599075
2477,0.415664
5694,0.638542
1301,0.593977
12269,0.640192
6264,0.611033
5135,0.652528
8347,0.583923
11051,0.599638
1929,0.432171
3619,0.511296
12500,0.390584
1409,0.638428
7386,0.397444
8770,0.416442
12409,0.580030
4557,0.371703
11174,0.620350
11812,0.568066
6391,0.556973
4231,0.661195
5591,0.645915
3493,0.446324
2680,0.589683
3138,0.659089
744,0.548956
8151,0.338374
3055,0.499388
1601,0.428706
248,0.351420
8521,0.356717
2183,0.394419
2120,0.647707
8064,0.563804
4422,0.582738
12103,0.350935
2783,0.326300
3893,0.595165
8918,0.596116
3351,0.599272
2368,0.640521
1118,0.413166
6289,0.581030
1628,0.633965
10944,0.388819
2692,0.665114
1649,0.401024
11442,0.637774
4266,0.472183
4236,0.340922
4732,0.599340
4847,0.667903
9311,0.632420
6492,0.617470
2923,0.574783
5965,0.615223
5074,0.357535
478,0.352699
12173,0.334436
4237,0.608617
10948,0.619826
12069,0.358242
8679,0.339237
2041,0.662753
6375,0.581700
12078,0.404946
3319,0.453402
116,0.382444
4936,0.324310
3484,0.556620
6414,0.366686
9590,0.349787
1746,0.636206
7076,0.644421
6129,0.370136
7433,0.349210
984,0.593947
4826,0.590184
9173,0.548800
3150,0.563250
11904,0.613125
10031,0.326800
1081,0.598677
9016,0.404885
2202,0.641485
3805,0.622219
350,0.584532
2915,0.449962
1443,0.561331
7349,0.422492
1162,0.398741
2788,0.612084
8488,0.578956
5864,0.591551
7099,0.468920
8801,0.596553
6560,0.544278
12393,0.606113
590,0.610705
1888,0.643040
4737,0.627787
12422,0.624116
6757,0.665311
78,0.550679
4851,0.479787
2112,0.437281
12085,0.323404
8332,0.650413
6802,0.669339
7168,0.632549
7722,0.562060
4786,0.630131
1679,0.429678
2319,0.606228
6131,0.340338
6401,0.361843
4850,0.606214
9850,0.631505
9177,0.574539
5838,0.426072
8500,0.445764
11996,0.397389
10287,0.320495
6255,0.637330
8120,0.477363
11992,0.342776
9107,0.322913
9348,0.356771
11303,0.561391
5548,0.609507
197,0.637752
769,0.588807
3777,0.447255
9359,0.373491
1477,0.598777
51,0.337672
9369,0.619828
8021,0.591159
12210,0.365546
2830,0.630237
8136,0.371082
6715,0.653480
12399,0.422698
4177,0.605621
5583,0.485050
4752,0.313993
10440,0.357194
5136,0.351592
11014,0.587716
5890,0.630718
12454,0.485151
1390,0.333296
10119,0.603955
8733,0.555564
804,0.410570
10991,0.377539
12034,0.382373
2102,0.648200
7907,0.632962
12219,0.587651
5733,0.592917
6023,0.432276
9114,0.371664
521,0.568824
7334,0.572346
8584,0.351544
10383,0.338046
5870,0.469559
9922,0.502897
9026,0.633435
10718,0.360839
11280,0.524358
7558,0.572544
6109,0.530115
3821,0.331278
2951,0.602851
6505,0.446395
1207,0.638169
9475,0.402712
12042,0.428073
3797,0.630002
2946,0.543333
4470,0.354612
10843,0.342287
8035,0.378111
5254,0.420709
10746,0.301295
11540,0.404542
500,0.437717
5961,0.431781
8063,0.400383
7844,0.350817
6406,0.636084
1371,0.351392
12373,0.441171
10502,0.613776
2413,0.314663
4323,0.438819
7391,0.330204
2165,0.342822
1646,0.327735
4520,0.624730
11347,0.620578
4382,0.536671
11621,0.372692
2400,0.608160
10224,0.338968
1401,0.629383
9143,0.665359
6057,0.360643
9385,0.378351
6705,0.349907
59,0.618761
11593,0.574759
7939,0.614972
6540,0.585384
11276,0.340115
7884,0.388499
11606,0.411914
11562,0.614660
3345,0.617323
11010,0.659969
1073,0.469783
7833,0.433584
10013,0.339351
2336,0.574317
8436,0.344118
6604,0.323798
9151,0.640505
10155,0.568236
2988,0.584790
8843,0.643144
7052,0.624187
7108,0.401714
31,0.671027
7828,0.631739
12435,0.612601
10902,0.614542
2012,0.322719
10993,0.620221
3304,0.644807
10290,0.612307
8557,0.625400
95,0.617447
7910,0.334602
6916,0.570003
6192,0.579731
3401,0.608268
2042,0.656278
6671,0.561445
7088,0.573587
10333,0.447242
9130,0.444925
8694,0.595214
4141,0.582572
3667,0.373449
7157,0.363361
7094,0.319676
6913,0.311568
10085,0.612577
3193,0.345505
7994,0.335697
4754,0.318556
4310,0.480781
12426,0.378727
1582,0.385805
8900,0.418173
7001,0.591616
3475,0.329618
12145,0.613840
5816,0.403094
7700,0.598486
6876,0.589615
4809,0.426873
5239,0.623253
1666,0.350822
10377,0.444671
882,0.602645
3365,0.516885
772,0.395525
3456,0.348752
9696,0.605100
10960,0.467758
424,0.626463
1895,0.612215
3105,0.556057
3298,0.557447
6820,0.588239
5466,0.385168
3360,0.433590
9836,0.587524
3914,0.599917
4113,0.538151
2558,0.386163
8593,0.328863
8618,0.506623
334,0.422628
9656,0.468467
8929,0.384777
5836,0.636232
5459,0.619187
1252,0.371917
3623,0.656330
7491,0.377006
5360,0.416025
9383,0.475623
8238,0.624230
3678,0.374025
4125,0.612766
1655,0.579318
8077,0.625042
10129,0.637647
3811,0.601536
5329,0.333802
9414,0.548993
3113,0.436263
12081,0.439572
7205,0.458576
4186,0.593273
11616,0.405920
4679,0.592531
10819,0.362103
11210,0.627695
5749,0.567005
7423,0.621072
11400,0.572812
3380,0.624420
6637,0.644991
10105,0.628871
5259,0.351726
2754,0.416464
9621,0.343823
4602,0.582046
7067,0.428271
11104,0.628639
2170,0.323090
4614,0.387980
8629,0.612411
1216,0.620113
6436,0.668834
2475,0.334940
1045,0.429080
4290,0.670556
8013,0.511775
11710,0.411878
9181,0.630050
4475,0.335776
3638,0.417751
12008,0.407475
10975,0.336618
9391,0.329078
8480,0.320279
1194,0.419037
9916,0.610303
9133,0.603896
6256,0.376979
3984,0.586074
11590,0.350261
5296,0.345452
1577,0.590782
8096,0.593897
862,0.613619
4106,0.393227
9908,0.354146
4183,0.343018
2411,0.346817
8334,0.436618
11020,0.604347
7301,0.338043
7842,0.530841
2043,0.356102
11746,0.365041
8010,0.592048
6156,0.384721
7942,0.428760
8073,0.522761
7061,0.441686
4019,0.354704
4064,0.366826
9093,0.603978
12316,0.584867
8092,0.648231
2402,0.583920
5198,0.542754
10680,0.520032
7571,0.522376
4764,0.464392
8119,0.393190
185,0.353651
2590,0.601751
11938,0.610736
10402,0.332954
4622,0.560776
8942,0.374723
9842,0.487674
9276,0.445328
3311,0.337866
11320,0.639287
564,0.340580
764,0.431523
10067,0.324542
4014,0.393767
1254,0.345081
6651,0.670270
9259,0.576606
4346,0.377456
8298,0.310365
2171,0.582984
1851,0.627500
8828,0.654837
6804,0.586175
12063,0.359258
8997,0.637367
5453,0.305824
8024,0.596688
7096,0.629013
2608,0.321616
6441,0.306331
7093,0.575054
5265,0.445751
2193,0.648239
859,0.358466
8765,0.333408
3982,0.328358
9638,0.417073
12479,0.340218
9067,0.592742
12116,0.405450
7948,0.393984
7846,0.409314
2806,0.584765
5113,0.598012
12244,0.326485
7792,0.436668
6526,0.571310
1689,0.362547
6020,0.550377
6693,0.334185
6685,0.573685
4314,0.621706
4667,0.618852
4374,0.326151
7503,0.594491
9716,0.476550
1286,0.621685
601,0.569709
3634,0.652741
671,0.372353
3096,0.618785
7191,0.342692
12369,0.579872
11084,0.589200
947,0.479550
8827,0.654991
10283,0.627532
1473,0.344931
7651,0.496965
5418,0.582945
5081,0.603413
5141,0.546938
2539,0.632027
4903,0.349501
6795,0.359784
6862,0.606297
7820,0.618535
9883,0.374823
11050,0.606828
12214,0.399290
90,0.538746
12082,0.639557
3663,0.405719
1544,0.618618
2008,0.627860
9407,0.585462
10365,0.396948
3969,0.608603
9519,0.407589
909,0.340879
580,0.442407
12425,0.606044
1378,0.604175
3933,0.627213
8515,0.620827
1987,0.553528
618,0.468022
4270,0.404915
4427,0.667840
11096,0.547352
11306,0.642078
4725,0.316509
2464,0.590504
12150,0.583682
4853,0.428631
2135,0.554529
1579,0.432529
2751,0.650088
8608,0.372979
5390,0.595335
3323,0.582297
1072,0.538132
7684,0.594853
9605,0.466018
632,0.582128
12283,0.446712
10147,0.632994
1227,0.547194
2242,0.416613
9531,0.574921
4448,0.320070
5134,0.383260
4388,0.601048
999,0.426136
6771,0.622588
6267,0.351803
6199,0.648464
10174,0.488234
10456,0.489961
10599,0.592000
1352,0.311336
5813,0.648255
10272,0.443955
1776,0.575461
3240,0.573390
2582,0.671600
3926,0.592184
9888,0.440001
702,0.430277
6866,0.649686
7532,0.540523
11901,0.512278
3837,0.490099
12249,0.636781
3403,0.333641
6405,0.328530
9193,0.612666
11267,0.396618
798,0.578680
7594,0.597479
1913,0.347533
8275,0.464530
6147,0.402879
5039,0.375027
2851,0.331456
11729,0.635097
1055,0.572638
5626,0.354537
5879,0.389019
9502,0.386573
8294,0.369133
10438,0.602757
10633,0.616735
4020,0.463094
1521,0.636600
9901,0.332981
9967,0.578114
11270,0.326837
6175,0.619052
7469,0.632078
875,0.348456
9996,0.489274
20,0.443508
2243,0.385533
11943,0.394650
11454,0.602465
2796,0.617679
5878,0.614109
9069,0.590494
3042,0.361611
6382,0.406915
10911,0.624515
1616,0.501095
9064,0.592171
9321,0.611734
7895,0.360381
7098,0.609204
7137,0.388771
6390,0.419305
5138,0.354354
1203,0.625735
5005,0.364824
10475,0.334117
10763,0.330672
1716,0.593446
5882,0.588945
8600,0.615856
24,0.576782
7561,0.392643
7591,0.553649
6553,0.326587
9915,0.341936
3825,0.376937
10797,0.437361
430,0.613614
820,0.385065
12205,0.429645
6219,0.617522
1589,0.419778
6250,0.363652
9808,0.643481
8645,0.571748
5041,0.536916
4644,0.481235
5125,0.352503
8187,0.597485
1523,0.373599
11748,0.312935
5145,0.606913
1580,0.650740
4078,0.329092
1625,0.576203
2374,0.576093
7299,0.315068
5508,0.650771
10518,0.579329
7016,0.400172
4555,0.361067
9471,0.383213
3957,0.352156
7396,0.345061
5594,0.626101
974,0.646470
11911,0.339624
8864,0.608965
3721,0.424550
2156,0.459380
8972,0.387959
1641,0.431848
2378,0.597796
4501,0.631291
5187,0.614926
8103,0.507286
11696,0.591261
10489,0.364834
5031,0.543389
8211,0.540721
3090,0.334594
2958,0.592459
9058,0.502741
3357,0.669122
4843,0.541346
12498,0.629594
27,0.663482
10871,0.436260
766,0.602614
2028,0.329729
5023,0.342417
4330,0.675929
8162,0.602951
11580,0.580195
11577,0.351192
541,0.317274
12021,0.606135
5356,0.436026
2023,0.541953
1496,0.541595
879,0.533732
713,0.663255
1808,0.373766
9699,0.616923
10426,0.496663
4465,0.632331
3148,0.575060
2442,0.611717
11555,0.592632
495,0.524175
2177,0.601975
8677,0.628284
9913,0.525946
1786,0.666045
3273,0.557339
8144,0.342650
8053,0.332738
6007,0.622558
7802,0.411422
8931,0.362828
4474,0.422201
11250,0.632771
10045,0.573993
5103,0.350392
8810,0.332523
7251,0.629913
1751,0.558791
1597,0.438616
9619,0.597647
8648,0.612282
11542,0.584646
3152,0.645288
1954,0.636295
2627,0.643782
5637,0.319425
1131,0.582369
2935,0.325224
6296,0.327828
10576,0.346790
12104,0.446854
7889,0.329758
5419,0.611643
10954,0.641440
10303,0.359181
5242,0.624567
740,0.411554
3275,0.505964
11070,0.635976
6766,0.604486
10005,0.320183
11147,0.590033
2945,0.633695
5190,0.387464
11934,0.627584
8196,0.448939
7294,0.634353
327,0.565499
7181,0.635315
5299,0.617487
1244,0.355437
10200,0.397976
10247,0.606552
275,0.424645
9877,0.428143
12274,0.514331
2461,0.319177
11559,0.405558
11731,0.603265
1153,0.403640
11751,0.411916
8244,0.375050
7194,0.325350
1088,0.381939
1861,0.319869
2838,0.436134
778,0.385079
1106,0.667327
5984,0.579019
3136,0.651921
4170,0.602254
6076,0.403667
12338,0.394838
12229,0.549969
12258,0.355984
1408,0.321832
9250,0.491489
4815,0.582468
11622,0.328083
10037,0.482603
8652,0.386399
7794,0.422259
7332,0.610561
7526,0.609874
4114,0.331016
12238,0.574974
5763,0.339943
783,0.584050
10656,0.597208
11047,0.586079
5322,0.650413
10495,0.355788
2273,0.332977
8050,0.634776
1668,0.529053
8492,0.392334
7988,0.570159
4360,0.589149
10012,0.366420
1076,0.436520
5764,0.325829
2130,0.377196
4950,0.580669
11975,0.594533
10934,0.314363
1187,0.356195
1359,0.474973
12430,0.574159
2746,0.331089
3229,0.670398
1232,0.627948
2764,0.474350
9900,0.327909
8995,0.512470
7393,0.631374
664,0.321840
2429,0.474700
9717,0.379595
2688,0.325004
11752,0.621788
1123,0.403611
7014,0.366825
837,0.622142
454,0.315724
6443,0.574766
9674,0.628076
11982,0.602647
10369,0.442956
422,0.605475
1644,0.644137
4749,0.399400
3625,0.448871
5710,0.400905
11173,0.613463
2911,0.597496
10893,0.391905
2581,0.632406
2344,0.374196
4101,0.412915
12098,0.603500
7530,0.616668
9466,0.389847
4971,0.590047
5629,0.598189
11482,0.579099
5520,0.588497
578,0.413752
11151,0.635481
8235,0.340894
4584,0.328724
12420,0.321419
7347,0.604608
6806,0.593303
8982,0.611518
10945,0.436026
5558,0.598161
10733,0.575939
4454,0.441388
6339,0.468953
12130,0.338659
1412,0.361952
11274,0.613744
8860,0.545439
7519,0.615465
6800,0.582948
8713,0.614086
11570,0.414520
6936,0.647099
3628,0.396223
620,0.551680
3309,0.614394
2677,0.617629
644,0.587234
10182,0.346331
3741,0.587508
8317,0.467693
5627,0.366305
5995,0.581487
1460,0.583023
4416,0.524278
9323,0.653463
10971,0.309661
6110,0.322453
5872,0.360868
8541,0.566040
3831,0.406794
4684,0.480303
4180,0.633214
6463,0.366993
5685,0.323489
3126,0.386640
9287,0.645862
9299,0.373166
10022,0.604421
12282,0.619461
4730,0.605591
9902,0.383513
9526,0.636388
9611,0.498687
2244,0.589304
9714,0.547717
2610,0.344421
3296,0.418318
2629,0.600005
1074,0.619296
11110,0.490989
2571,0.342580
5387,0.315955
11636,0.358900
10884,0.322887
7510,0.564767
1031,0.334075
5845,0.602788
4457,0.671839
1311,0.332738
5528,0.631822
10939,0.350948
7606,0.580773
811,0.347281
7501,0.338709
10116,0.616508
5519,0.607607
1382,0.605364
12036,0.452087
9234,0.539021
4830,0.385688
11866,0.558306
11440,0.325151
1763,0.346163
7210,0.410211
5257,0.396128
8293,0.393508
11527,0.660655
8498,0.361234
7892,0.579135
5772,0.671209
6426,0.625933
675,0.525825
332,0.518469
5567,0.552866
8682,0.335395
7843,0.577914
3089,0.642663
545,0.655728
5812,0.466565
1204,0.326170
9587,0.427124
6667,0.357796
6356,0.516722
4056,0.327066
1769,0.647049
6101,0.323103
5215,0.639647
847,0.332960
7707,0.543297
8246,0.545404
8224,0.632978
7672,0.328187
1712,0.428622
4863,0.365895
6203,0.610574
10597,0.428136
9002,0.373610
9374,0.331027
6760,0.395748
7274,0.543431
8780,0.433264
7650,0.556263
1389,0.573042
10729,0.379462
4262,0.507271
8664,0.346309
8752,0.591531
3428,0.331137
10772,0.536115
5117,0.630670
7862,0.334150
2360,0.352203
1020,0.385005
4945,0.379312
9061,0.621822
1762,0.600756
506,0.367281
7835,0.580975
5648,0.495261
4348,0.365838
7092,0.387169
10634,0.340217
11922,0.613893
1493,0.589482
7662,0.623641
9098,0.355364
7478,0.364409
273,0.590540
3670,0.430639
549,0.384407
7104,0.649242
10533,0.393005
12010,0.581243
10672,0.379517
4569,0.319167
5473,0.634279
9834,0.408901
5126,0.330151
11747,0.366615
11910,0.611793
11576,0.617271
7824,0.358508
1438,0.328570
2837,0.401492
8720,0.574187
6975,0.308719
8372,0.389931
7485,0.431986
5504,0.634812
12197,0.332974
6342,0.438532
1546,0.565663
7327,0.556869
4462,0.509256
9427,0.589568
7258,0.345991
4070,0.336560
8983,0.575483
12345,0.339986
7499,0.642228
2820,0.635283
12005,0.663560
577,0.330818
1754,0.403874
3951,0.327152
8841,0.443041
2543,0.507574
5179,0.364503
818,0.628480
3517,0.382770
6229,0.572942
10598,0.585946
4810,0.333013
3664,0.581066
11561,0.541646
8546,0.369199
10615,0.325551
7818,0.622346
9887,0.628477
8507,0.312532
11368,0.425460
3282,0.319715
9025,0.536694
8743,0.328299
2258,0.571825
21,0.606427
5537,0.360867
8029,0.333943
7989,0.575983
12365,0.615269
711,0.461816
1602,0.590479
3695,0.390276
12400,0.638851
6278,0.440206
8712,0.594081
7170,0.356262
12053,0.531982
9748,0.594681
3461,0.311559
5422,0.623074
7044,0.319443
10460,0.452746
12001,0.574313
2995,0.382764
2500,0.316933
622,0.366718
8534,0.601347
11666,0.358487
10961,0.632006
3759,0.386955
5614,0.612031
10362,0.416273
10275,0.608583
5430,0.394757
3060,0.593882
3215,0.639701
2684,0.668184
10785,0.599094
490,0.549242
9730,0.450120
4738,0.588148
8172,0.398836
7268,0.474613
373,0.632747
1183,0.549690
4316,0.578447
9171,0.621382
8628,0.649051
5910,0.463634
709,0.630081
164,0.608283
2512,0.437429
6791,0.583026
8522,0.356778
641,0.656823
7779,0.384472
1017,0.428200
536,0.617252
12050,0.330586
10709,0.634970
1557,0.651058
6659,0.622176
5574,0.660450
6018,0.367734
2080,0.607878
2191,0.421438
11603,0.595154
698,0.328125
1282,0.369235
9796,0.504297
1130,0.619837
6514,0.596705
9685,0.327612
204,0.655862
10124,0.601834
3707,0.601786
8457,0.574121
4478,0.565920
10220,0.567525
3575,0.405309
774,0.301512
4042,0.603970
4720,0.550484
6372,0.508977
2747,0.435687
6338,0.355934
9970,0.504753
6730,0.374554
8152,0.358536
9637,0.625288
3738,0.388964
9213,0.458666
11336,0.404673
3377,0.362171
8306,0.657334
585,0.631979
11148,0.639757
2247,0.314798
12350,0.600976
1166,0.643987
8914,0.418943
4588,0.602455
10065,0.386388
1801,0.659143
3973,0.638532
7806,0.331414
339,0.321844
6967,0.587730
9389,0.383805
5667,0.611740
11644,0.322630
4673,0.471655
2812,0.480744
6458,0.314788
1384,0.513366
8642,0.634642
2757,0.582693
11490,0.547135
8978,0.326604
5597,0.634453
1642,0.585473
2973,0.468787
9186,0.320942
5386,0.323287
9991,0.684859
16,0.394357
5438,0.603402
12462,0.347960
3183,0.400374
6481,0.589829
492,0.482133
8853,0.339735
3780,0.593084
3226,0.607047
8383,0.379570
6034,0.359562
12424,0.431528
4008,0.362114
10521,0.353250
1919,0.581495
11227,0.622594
10476,0.660837
2573,0.637507
4510,0.329841
9577,0.674221
8367,0.391065
6386,0.338166
183,0.349760
2826,0.563142
325,0.627038
1026,0.528233
7848,0.600784
5182,0.340400
3520,0.633582
11114,0.640836
5441,0.635330
11299,0.389722
1137,0.401884
11056,0.425330
4245,0.560767
12346,0.432535
6361,0.627145
4962,0.658597
10342,0.594649
5337,0.579002
6190,0.334160
11330,0.381915
10244,0.622771
9412,0.467578
7795,0.337698
7005,0.336764
6788,0.401928
3219,0.456527
3965,0.564271
10021,0.423910
1231,0.520740
10115,0.359895
7387,0.337962
12188,0.619887
3724,0.341982
57,0.625729
4002,0.326304
12061,0.615751
2266,0.381050
7840,0.547669
9641,0.593404
11898,0.459628
7587,0.495804
1138,0.400136
8957,0.332286
6275,0.386303
8884,0.633329
7488,0.356440
5909,0.390755
5916,0.619869
8058,0.591641
8576,0.326679
6918,0.609047
2894,0.524812
2924,0.504393
2207,0.398801
1796,0.404731
10638,0.367149
11941,0.655216
9985,0.635556
5635,0.567459
307,0.555950
11423,0.608253
10304,0.594533
10593,0.629878
10904,0.606903
11604,0.582877
4383,0.616895
8723,0.355015
2174,0.637013
9000,0.623564
10752,0.530177
1427,0.595217
6194,0.348486
11814,0.642420
9719,0.389453
8818,0.643696
7696,0.563895
9873,0.586467
10080,0.616614
1711,0.592920
7339,0.404688
4937,0.603803
1686,0.570197
11946,0.561849
10133,0.430007
3343,0.446036
3290,0.320442
5209,0.466380
5291,0.623264
10270,0.347584
2408,0.328618
9866,0.602902
10227,0.415585
4821,0.596709
75,0.354589
1750,0.408183
9899,0.349252
10646,0.537926
12296,0.334244
2077,0.647452
3795,0.628345
4135,0.595906
3772,0.628440
4918,0.512843
11437,0.599527
10531,0.571294
6165,0.316394
5861,0.388848
6237,0.622900
9567,0.608609
7416,0.476189
4354,0.562816
3744,0.614038
11348,0.568590
12279,0.634940
10992,0.408434
189,0.467713
9465,0.593656
9334,0.589701
7544,0.643233
4069,0.593843
5877,0.596296
8644,0.401866
3417,0.580578
3657,0.346859
6648,0.597853
7754,0.424462
11261,0.633870
8606,0.438731
7509,0.667136
5275,0.486354
1787,0.598598
1268,0.326480
4533,0.329375
2529,0.627173
8,0.400238
6597,0.343551
1748,0.426186
2436,0.333585
9767,0.419623
1434,0.665324
9476,0.520420
6561,0.428925
9752,0.353089
11499,0.315014
2657,0.480594
3645,0.532295
6251,0.390560
11188,0.615428
706,0.625972
7634,0.372416
8280,0.664475
8560,0.582895
5676,0.593759
8889,0.554588
146,0.654740
502,0.334083
9108,0.598050
8601,0.617882
8489,0.331896
11287,0.416373
2892,0.607704
9388,0.611648
6346,0.341292
7031,0.588214
7573,0.371599
3546,0.597891
5585,0.612493
3960,0.552830
10557,0.317584
3607,0.360315
1747,0.376769
6790,0.579351
4418,0.439874
8214,0.327286
115,0.308244
5539,0.645718
1271,0.563203
7145,0.398182
5324,0.604903
4902,0.635190
9367,0.530597
6581,0.341011
2544,0.564303
948,0.361105
10703,0.490130
721,0.431191
8627,0.467338
789,0.598749
3205,0.370035
3147,0.579357
4852,0.556351
10865,0.384198
8158,0.646168
11016,0.594524
6000,0.637912
8189,0.379435
515,0.638765
6465,0.380151
6105,0.601563
5940,0.396996
1722,0.634897
12443,0.651377
428,0.300062
4824,0.621082
6374,0.461962
6522,0.347241
98,0.544692
1117,0.419529
8961,0.651240
2375,0.432252
4898,0.597371
3953,0.460111
11789,0.580422
8192,0.378514
11749,0.624876
2555,0.615010
6344,0.336878
8409,0.336726
166,0.348271
1075,0.629609
7737,0.644285
4563,0.474282
11155,0.631597
5523,0.347129
2871,0.657584
10117,0.379449
10687,0.323454
719,0.562580
2279,0.434609
4920,0.363008
8376,0.369396
1185,0.324568
6682,0.425720
9488,0.616965
5587,0.649140
6937,0.548174
3392,0.443189
7352,0.581743
365,0.670048
813,0.538479
5283,0.508566
5849,0.661285
2533,0.606776
10810,0.370117
12242,0.337000
1826,0.493985
9930,0.419144
4391,0.633553
5131,0.362793
9425,0.434097
6284,0.639539
5769,0.320914
5119,0.386608
7953,0.330236
9650,0.429450
3983,0.337315
897,0.393598
1361,0.373782
12477,0.622607
12146,0.635861
6539,0.613027
7867,0.431979
2729,0.416483
2086,0.657052
3637,0.602835
9474,0.459153
8732,0.592832
5476,0.364874
11763,0.547448
6317,0.600283
6907,0.654180
3699,0.344260
11738,0.422899
11128,0.593526
5821,0.581768
1439,0.310501
1247,0.320524
928,0.344725
1355,0.370511
8351,0.380768
8691,0.521310
1893,0.370202
1630,0.560689
10874,0.438691
5887,0.318272
2113,0.333451
2264,0.506061
6870,0.602703
12326,0.382182
8131,0.584510
5556,0.322142
12295,0.318808
11054,0.662141
3386,0.391807
12275,0.644703
5897,0.574183
3871,0.352890
5109,0.412783
4611,0.380035
8288,0.598483
6927,0.359214
1971,0.369973
4412,0.337898
1830,0.327811
11931,0.313803
6067,0.572528
172,0.566981
2612,0.597402
10344,0.627517
7996,0.479803
5619,0.538505
7329,0.312425
747,0.648843
7407,0.630507
11903,0.430780
9006,0.603899
5512,0.589529
1953,0.456045
7215,0.347035
7249,0.364573
2292,0.330249
10594,0.634102
1807,0.558807
7283,0.592863
3498,0.461250
1626,0.344284
4938,0.581773
7541,0.593400
9346,0.587626
3494,0.563120
7425,0.385239
6459,0.352077
7482,0.354982
9099,0.646519
2964,0.596201
11985,0.559894
1728,0.611305
9430,0.585184
7981,0.633708
11682,0.329655
6376,0.387987
1664,0.304855
5638,0.342803
6177,0.640194
6272,0.358810
547,0.615076
9118,0.478848
12255,0.517553
3093,0.406379
6796,0.347175
8734,0.331303
1100,0.643148
1790,0.399772
1819,0.528968
8511,0.357596
7159,0.429023
6951,0.344494
4172,0.478515
10156,0.385431
7036,0.596188
5608,0.638887
7039,0.500231
3263,0.319631
4820,0.636732
8812,0.560157
8926,0.346480
791,0.619146
5169,0.349374
3208,0.403446
7086,0.347734
3177,0.315594
2762,0.335310
5545,0.374977
11163,0.365522
1798,0.407628
586,0.334217
12080,0.623801
12168,0.320373
1836,0.326922
10127,0.568797
1091,0.553470
11402,0.592147
12411,0.641433
5800,0.374587
8624,0.366293
9102,0.594927
3077,0.425032
3340,0.600441
1281,0.322821
6430,0.323309
4680,0.596956
863,0.636646
4780,0.627032
2975,0.661854
11627,0.623231
11615,0.334447
8951,0.343574
3334,0.628933
217,0.672399
9831,0.335322
8774,0.331019
2065,0.628911
6959,0.359460
4518,0.635122
11919,0.404085
3388,0.315748
9821,0.574556
8591,0.340769
8440,0.639379
5944,0.593542
3573,0.384997
2891,0.611225
10023,0.605625
816,0.568875
1416,0.321536
5047,0.323433
5034,0.363203
6588,0.596030
874,0.607233
2299,0.350546
5754,0.332200
1880,0.338308
10202,0.642895
812,0.614115
2938,0.381318
11451,0.587941
1594,0.563090
1574,0.579590
7408,0.375067
470,0.560503
263,0.313124
5524,0.607493
12169,0.336593
2418,0.456758
7432,0.360450
4885,0.379316
10714,0.602081
8816,0.630439
10033,0.325620
9859,0.608426
7545,0.576342
2163,0.612394
1994,0.586767
4939,0.658602
10113,0.618753
8387,0.443125
6823,0.608937
9043,0.331911
8936,0.643397
7742,0.393609
2626,0.595839
11787,0.553759
7918,0.678723
10002,0.409482
7483,0.412823
9927,0.364752
8276,0.576548
1315,0.668290
7263,0.471769
4656,0.540467
3710,0.565745
8178,0.355831
2704,0.637024
11721,0.415484
10280,0.642630
9956,0.403089
6621,0.653525
519,0.379647
10603,0.381325
3151,0.617781
7739,0.442705
2928,0.603715
5690,0.661806
6351,0.575453
9332,0.394031
12192,0.633445
1667,0.674469
6189,0.347433
5146,0.573298
5150,0.636689
261,0.352892
11130,0.349030
4755,0.595197
7904,0.309063
2896,0.376582
6172,0.314173
455,0.364940
3190,0.314663
5568,0.635279
3674,0.613437
19,0.338553
3579,0.513861
5378,0.556738
11169,0.598461
11553,0.596638
10354,0.566554
5889,0.474745
9365,0.575491
2011,0.607865
12148,0.349451
7247,0.659000
2803,0.334671
8719,0.607934
6124,0.370183
6585,0.636344
206,0.373224
11578,0.342562
11689,0.386455
2524,0.375946
1866,0.610354
10953,0.350520
2549,0.406547
7783,0.655651
2285,0.580436
5358,0.620061
8509,0.605450
3800,0.586776
10614,0.345439
242,0.581932
10802,0.314717
8657,0.325403
5144,0.331338
9402,0.596863
10789,0.346342
1864,0.356187
10015,0.610727
10524,0.586678
5434,0.589594
3991,0.485425
10500,0.659262
5665,0.590524
7787,0.577856
11112,0.572092
4993,0.604498
9880,0.655803
6781,0.434422
2222,0.661925
4573,0.637282
5657,0.478634
6132,0.376925
7732,0.599702
6813,0.621155
2695,0.634729
10631,0.349992
6128,0.622707
7022,0.403167
8403,0.562558
3945,0.578075
7310,0.392163
5788,0.411418
2048,0.449409
9074,0.424870
10985,0.573148
5018,0.420041
4197,0.325462
5359,0.480297
3999,0.620374
4289,0.659047
236,0.663810
12243,0.321917
3827,0.628301
5815,0.652755
3421,0.624467
6479,0.338396
12468,0.392263
1727,0.616217
4723,0.557634
5847,0.410890
1989,0.615802
9516,0.623900
7053,0.520002
9705,0.373630
7960,0.363303
457,0.628515
4425,0.340492
10915,0.342059
2664,0.556726
9056,0.422609
898,0.343462
5768,0.584014
9478,0.586081
4167,0.347857
4203,0.575526
6656,0.398872
4307,0.569408
5553,0.472681
2386,0.631433
68,0.382021
6644,0.315865
9363,0.419352
1799,0.404180
11635,0.550641
2679,0.470287
920,0.376614
8998,0.587234
631,0.610860
6143,0.331597
8233,0.420934
8662,0.309933
11357,0.620033
3454,0.590225
10221,0.647927
4066,0.462169
7105,0.527698
1228,0.318526
6013,0.321212
5498,0.319927
9127,0.322125
6928,0.586719
1567,0.340959
4238,0.567175
12463,0.645323
2341,0.341137
9415,0.537039
11869,0.670954
10657,0.396129
7582,0.572181
3874,0.603152
7213,0.626954
11141,0.619894
1814,0.663012
7982,0.588988
8300,0.337924
9500,0.631139
9267,0.329758
3139,0.626504
980,0.549503
4825,0.582205
2090,0.439230
4893,0.401572
8394,0.676220
7618,0.353689
10341,0.326033
10635,0.421510
5818,0.326612
4828,0.616157
2649,0.384172
11075,0.361965
1256,0.320250
784,0.544535
6783,0.451099
4529,0.363851
3836,0.537013
886,0.376414
544,0.507736
2847,0.597890
6403,0.374823
8395,0.619416
10693,0.418724
4862,0.594613
3027,0.361422
8647,0.331972
395,0.536110
11196,0.327394
5725,0.406393
1251,0.413948
1042,0.583808
739,0.603591
6776,0.308020
10359,0.601304
7134,0.607220
11395,0.576493
6445,0.649453
905,0.330622
850,0.384183
2597,0.342752
4084,0.323034
12002,0.323789
7950,0.324373
11546,0.346207
12160,0.586264
10351,0.340203
2052,0.609037
6623,0.319736
11610,0.508584
6963,0.564428
2822,0.599841
5817,0.385754
11154,0.654251
5440,0.576177
1812,0.425127
7632,0.325404
6714,0.328291
1843,0.488869
908,0.594329
2908,0.333741
9054,0.625225
5704,0.369751
12480,0.443299
10753,0.621093
7020,0.318050
10564,0.663531
4562,0.613718
2622,0.312301
9165,0.598766
5338,0.413471
9579,0.444120
11479,0.385065
12446,0.326671
2220,0.638559
8200,0.338718
10853,0.626515
8822,0.592184
4361,0.389896
2346,0.411213
7957,0.609181
2642,0.639475
4591,0.323404
5682,0.408754
10841,0.422666
3888,0.329787
6308,0.415993
9431,0.637591
12089,0.443137
8529,0.341288
7154,0.345924
6906,0.595437
11082,0.363445
489,0.603622
2354,0.329700
3802,0.561919
5054,0.370699
8101,0.575456
5964,0.412349
10318,0.390219
10062,0.406018
9935,0.572365
394,0.603133
5979,0.646908
7790,0.616035
4806,0.343717
7622,0.532814
8171,0.359804
3548,0.334918
6476,0.607763
3050,0.605291
6817,0.423906
7570,0.389090
12220,0.454167
967,0.347962
2176,0.550942
8869,0.660120
4274,0.576499
11215,0.426222
6421,0.605979
11149,0.578173
2857,0.318691
3023,0.337090
9584,0.598703
636,0.543638
11776,0.586215
7511,0.350735
6428,0.627961
11433,0.461952
10936,0.590936
737,0.418450
11926,0.585753
9438,0.513507
8518,0.552111
12360,0.576952
12094,0.588891
1881,0.583729
1417,0.314961
10559,0.601692
9473,0.645523
3939,0.559255
7103,0.455553
5079,0.422005
10468,0.348817
3838,0.563797
2726,0.348462
6215,0.517752
7219,0.611620
7355,0.309460
2457,0.624038
7546,0.594731
8506,0.451454
12286,0.426978
4369,0.623131
10977,0.392528
7419,0.315607
3295,0.398996
5464,0.601505
3814,0.673736
753,0.443726
830,0.334630
8416,0.607306
9691,0.553060
1021,0.412287
1415,0.451287
3685,0.357368
1839,0.339514
1000,0.632755
2074,0.368304
5353,0.333149
2959,0.388319
11401,0.318375
7734,0.604237
1892,0.597997
2235,0.406175
148,0.472343
3271,0.405692
9795,0.349590
7019,0.328344
916,0.550300
3823,0.652762
7952,0.494180
1402,0.593930
6987,0.491900
9755,0.395453
12046,0.639802
5318,0.642932
2628,0.622794
997,0.592207
474,0.591232
11279,0.632565
10088,0.340994
47,0.360737
1781,0.598179
8755,0.597776
7966,0.606809
11353,0.393599
8582,0.419443
7563,0.598660
3552,0.589370
2502,0.409973
5228,0.590206
1811,0.636763
1531,0.637995
6517,0.529144
4736,0.582032
6941,0.624247
12231,0.411048
10555,0.374705
607,0.603308
9146,0.395835
5088,0.385828
6449,0.582697
532,0.512242
11178,0.602273
4829,0.375703
2517,0.355625
9449,0.579808
10469,0.364269
5157,0.617831
192,0.376031
10809,0.316685
7292,0.394502
11712,0.359287
2030,0.512821
9580,0.336244
265,0.651171
9211,0.332150
5042,0.395031
6077,0.471352
5846,0.322098
11365,0.418938
11182,0.670052
9371,0.359314
1437,0.625041
3220,0.351858
2055,0.602133
8619,0.420826
2596,0.420406
5801,0.634904
2879,0.622588
2107,0.586264
8481,0.577994
7304,0.344922
6787,0.570732
3571,0.605927
8851,0.311315
11238,0.604349
4447,0.650750
4662,0.330991
1209,0.382170
11185,0.330966
7381,0.343042
9582,0.345286
5200,0.584030
8240,0.603911
573,0.362378
12118,0.376108
4282,0.639539
9563,0.627083
5670,0.595220
5168,0.308552
11947,0.313682
4553,0.394571
3144,0.360073
5931,0.620114
11366,0.613060
9493,0.617426
5699,0.336319
12043,0.485153
12317,0.424062
445,0.327481
7316,0.631699
2817,0.331866
4579,0.341042
5362,0.452242
8185,0.555522
6515,0.322531
9747,0.606307
11697,0.628787
6883,0.573863
11809,0.588292
964,0.334811
3381,0.397190
8866,0.404177
2371,0.397021
8363,0.430686
11319,0.606204
815,0.610478
6065,0.533120
1897,0.355940
5325,0.340736
11667,0.354003
8067,0.637887
6248,0.593992
7709,0.404722
7195,0.575669
11517,0.344105
4760,0.375612
4134,0.390486
7750,0.469382
7487,0.613476
8912,0.347767
9197,0.397642
4719,0.406124
5554,0.610541
1143,0.420632
9024,0.329936
4901,0.575892
11344,0.636527
10205,0.389142
7312,0.419901
439,0.605948
6624,0.331657
1127,0.333402
5244,0.586448
5270,0.362669
6525,0.607438
8254,0.312409
10994,0.609387
2897,0.412055
12086,0.590032
7002,0.604678
786,0.627097
2060,0.561696
7288,0.465695
2922,0.320318
9911,0.618854
7945,0.628715
4196,0.576463
6530,0.604203
6312,0.441749
10324,0.589246
6827,0.533782
6945,0.542784
11183,0.311423
7625,0.603054
4539,0.683011
3731,0.380645
2182,0.556717
243,0.411163
710,0.560168
7796,0.628684
12187,0.473715
1059,0.638826
3181,0.571432
12181,0.371689
5774,0.422970
5693,0.630861
4011,0.400731
8742,0.478383
6498,0.348693
6113,0.340332
5717,0.609990
2789,0.615196
6448,0.525593
3779,0.396096
6097,0.413413
11286,0.654693
7116,0.630840
7404,0.569290
11538,0.301949
10406,0.598326
7418,0.511999
4535,0.522029
8287,0.562293
9762,0.329822
7155,0.327494
2978,0.424209
11888,0.317497
10554,0.588913
12028,0.594013
3865,0.516129
344,0.441688
9113,0.316736
5364,0.565550
2941,0.376654
290,0.329886
8431,0.330696
6210,0.390730
650,0.573891
7778,0.336825
4414,0.319535
1413,0.559997
252,0.358068
12011,0.600527
9429,0.347526
3518,0.426242
12155,0.535202
3882,0.564923
12437,0.605675
8971,0.546067
12158,0.608902
7760,0.605879
9450,0.314752
9972,0.360949
6723,0.420226
9534,0.648603
604,0.513760
2753,0.371434
6119,0.365129
4801,0.635588
5053,0.317662
3246,0.345499
8660,0.438211
7759,0.346905
3166,0.589129
7565,0.339109
4883,0.546663
1816,0.579313
10188,0.527905
2293,0.323137
9938,0.608398
5096,0.613562
5924,0.589729
3452,0.574461
3141,0.583422
3217,0.596724
5192,0.307708
7931,0.386523
5250,0.308410
3187,0.663244
6949,0.598620
1882,0.530111
3943,0.633674
3495,0.578724
9801,0.419482
4460,0.506280
10556,0.594607
3449,0.368857
5852,0.604502
7360,0.339460
10625,0.579568
6924,0.331171
3722,0.634300
3086,0.552776
1411,0.666813
6354,0.575462
1414,0.612176
54,0.469799
4432,0.525756
5514,0.568300
4124,0.355170
8089,0.330532
1220,0.325368
629,0.599617
1726,0.670458
5740,0.614718
3044,0.668088
1349,0.419560
3496,0.376915
7830,0.499058
3881,0.423435
5397,0.386275
5423,0.386924
11142,0.381913
7686,0.321762
5189,0.614086
6138,0.341630
9521,0.597192
11078,0.473558
1707,0.333178
6371,0.324139
6843,0.600905
12022,0.668576
7225,0.331810
3843,0.382152
2067,0.576933
10731,0.598662
5263,0.325191
5405,0.514545
8953,0.616208
11945,0.352728
4973,0.621127
11372,0.421106
425,0.582220
7420,0.597403
9406,0.372317
1205,0.580766
4389,0.406653
10353,0.439113
8508,0.415709
4280,0.451987
6719,0.531893
3235,0.631059
3333,0.388482
7026,0.582269
9910,0.583018
5176,0.626079
3459,0.614027
11594,0.298468
3992,0.335025
11936,0.368706
11661,0.433614
2325,0.604753
8310,0.609957
4728,0.409664
10917,0.486222
4648,0.373634
11530,0.644469
7568,0.360271
6698,0.411249
4740,0.344998
534,0.580776
3400,0.621270
2229,0.610502
73,0.636673
4358,0.626793
4193,0.357315
3158,0.342673
1341,0.363306
501,0.534408
7822,0.604950
8315,0.444413
9862,0.342952
11782,0.614339
5310,0.608328
735,0.583325
2540,0.409730
7999,0.585294
4107,0.617217
12141,0.512623
11380,0.537221
3033,0.430403
5055,0.386820
6636,0.614883
1339,0.422785
10007,0.445321
7527,0.342667
8007,0.437977
8302,0.347450
11865,0.388969
9485,0.404411
176,0.650253
7572,0.630519
1189,0.550007
7885,0.647821
7311,0.365736
9124,0.354184
9631,0.641658
7171,0.366075
6879,0.587858
7623,0.618351
5999,0.621996
4706,0.398075
11092,0.658352
724,0.591265
8411,0.669498
7670,0.498227
2330,0.362722
3409,0.627608
6152,0.353762
10385,0.608847
1199,0.359103
1108,0.634863
2759,0.631842
10368,0.648864
9421,0.665507
2916,0.613937
9999,0.352100
9289,0.642596
8937,0.353477
3315,0.605161
4576,0.312788
11066,0.611682
7032,0.426186
4007,0.450495
2858,0.435195
6773,0.594471
7101,0.579705
1128,0.321155
5832,0.322424
5165,0.617750
746,0.601860
10529,0.363787
10098,0.609412
5128,0.586092
11745,0.314270
5090,0.557606
5001,0.469665
9258,0.500769
10126,0.457895
4288,0.325701
10976,0.600790
11457,0.351717
676,0.586127
555,0.596073
8168,0.470291
8125,0.339852
6241,0.533003
277,0.559801
8665,0.346274
2081,0.557528
11046,0.604590
1563,0.647808
3942,0.665073
7821,0.319538
8065,0.600096
9939,0.529442
9269,0.663079
11998,0.632448
1455,0.350996
588,0.421160
7947,0.656673
1375,0.319447
475,0.576614
11681,0.632001
7462,0.601444
7367,0.629886
3084,0.361527
10769,0.616287
7220,0.581307
6713,0.350564
6947,0.526851
11714,0.409229
2969,0.501766
4157,0.373733
4268,0.619203
11278,0.602623
11607,0.440193
97,0.676988
1273,0.633341
12337,0.537100
11713,0.577976
6467,0.571988
11042,0.418459
7431,0.597476
11924,0.417737
10952,0.531177
53,0.411611
1720,0.616307
712,0.602593
2134,0.547328
2636,0.513750
4006,0.598416
3840,0.339369
2482,0.559364
2094,0.527946
2598,0.586216
10336,0.353173
9007,0.364622
11506,0.595154
822,0.442304
5987,0.384519
10104,0.626993
5756,0.581817
10779,0.309232
3406,0.432176
7711,0.585546
8132,0.431322
8829,0.620273
9987,0.579967
5437,0.669470
4243,0.602066
5206,0.332812
6582,0.560946
9291,0.621126
3880,0.327948
776,0.454036
8424,0.624142
9142,0.367263
2460,0.367463
6627,0.583410
11600,0.540668
11727,0.331122
10310,0.475762
1575,0.609303
6025,0.640939
6040,0.580744
10419,0.612908
5604,0.579171
9424,0.559566
11144,0.323654
7714,0.448076
8292,0.620640
6223,0.553965
2985,0.401048
4436,0.625453
5522,0.619217
3705,0.389490
10481,0.368870
12407,0.615044
11567,0.625857
10912,0.671663
8735,0.552880
7374,0.556824
12438,0.598815
3425,0.599098
12012,0.632308
8341,0.616468
10108,0.596120
7883,0.332443
3932,0.405668
2025,0.448500
9375,0.617622
6456,0.320172
7586,0.319953
2864,0.654949
6720,0.606112
7346,0.633357
7255,0.603193
9339,0.382213
5376,0.636271
6002,0.408397
4636,0.590964
6420,0.635224
3756,0.574048
6734,0.664990
1257,0.604752
10532,0.418442
11994,0.389875
7214,0.581202
8449,0.548109
3116,0.636636
9090,0.406583
9225,0.384944
2955,0.457792
5853,0.353617
6442,0.366964
3737,0.433961
10602,0.507856
5758,0.485968
3433,0.602436
5075,0.378993
4303,0.604383
12385,0.651257
2948,0.636612
9129,0.562392
10034,0.576413
11465,0.327676
11113,0.462883
7683,0.557645
6891,0.323938
7400,0.572678
8956,0.324556
6516,0.612317
2250,0.546387
4899,0.394050
5525,0.413661
2765,0.298803
8258,0.574881
2819,0.417478
7964,0.566252
5252,0.353774
5012,0.320615
7880,0.629574
5193,0.308647
6080,0.662812
10869,0.601402
3730,0.348034
9944,0.525801
7992,0.440488
6654,0.588397
8499,0.422567
3608,0.644283
5618,0.620937
2440,0.387532
9358,0.674876
11691,0.494240
7450,0.614793
5789,0.637612
12079,0.648283
6300,0.336328
2066,0.334713
11565,0.386250
9275,0.598630
8194,0.603267
6280,0.591285
633,0.619441
10905,0.677363
3422,0.603904
203,0.627489
7801,0.422280
11116,0.552186
6027,0.599146
1939,0.662251
978,0.318754
10408,0.347417
860,0.312602
499,0.641050
5842,0.517798
3434,0.660885
1916,0.622100
10840,0.407892
9458,0.588515
1990,0.589711
5727,0.363015
52,0.364745
10141,0.626906
1878,0.585356
2739,0.665808
111,0.636226
3758,0.610361
6294,0.551626
8699,0.575489
10784,0.386125
7403,0.572934
6608,0.610439
4551,0.586409
10212,0.356797
5844,0.395544
4386,0.346924
2049,0.448983
533,0.309670
8613,0.626761
8947,0.593497
11294,0.551443
3922,0.515465
946,0.646044
1936,0.513992
8986,0.621516
925,0.322058
6933,0.388282
2270,0.358744
11601,0.636480
10258,0.633505
2660,0.349222
7882,0.375559
4263,0.347958
4214,0.345230
11612,0.377914
8714,0.357875
11651,0.561827
4840,0.624521
11734,0.468911
3774,0.598508
630,0.642499
5073,0.679299
5902,0.341649
4013,0.442195
10029,0.576671
2562,0.583804
11057,0.633125
5856,0.371145
10677,0.466549
1492,0.370299
10269,0.514764
6551,0.628485
9451,0.432421
4834,0.573525
9351,0.329709
5151,0.335874
3846,0.503906
7730,0.420430
9283,0.391191
609,0.324662
2147,0.400414
9882,0.646713
11831,0.572068
7435,0.575208
1440,0.469238
7426,0.318365
5207,0.316311
5388,0.571580
1424,0.626448
8016,0.511503
9951,0.325693
3067,0.323355
5351,0.611660
306,0.585845
10347,0.373936
69,0.619922
6306,0.557989
2732,0.611012
11539,0.666059
1753,0.587057
8127,0.622462
11406,0.612621
1860,0.572380
11244,0.650245
2140,0.512631
4607,0.421992
4811,0.360377
7693,0.330126
4272,0.533400
4279,0.320270
785,0.338730
3732,0.536055
12152,0.366346
1374,0.333142
1287,0.432206
6658,0.385378
10387,0.674190
9345,0.617753
3238,0.581424
2380,0.400597
7124,0.321433
8202,0.589107
8040,0.344708
9659,0.575790
7140,0.373268
8908,0.403655
11646,0.573279
3346,0.585794
7193,0.458017
8069,0.434128
83,0.633735
2462,0.633430
11455,0.339515
4417,0.586086
3358,0.572083
1006,0.626991
1645,0.623319
2355,0.611411
6069,0.436152
12423,0.395167
1617,0.606312
5032,0.465996
1154,0.649531
4583,0.316800
6121,0.574076
6575,0.321846
10123,0.334216
12213,0.564114
3538,0.611130
12307,0.660056
4819,0.394981
1783,0.299199
2180,0.589267
1824,0.382753
4250,0.392682
9073,0.643373
11591,0.349538
9856,0.318849
10422,0.513727
2287,0.353865
354,0.554749
9342,0.614555
11619,0.342122
9081,0.387591
4649,0.632308
193,0.463778
4989,0.611765
7609,0.588740
11382,0.558780
5779,0.626560
124,0.362241
6413,0.375538
5566,0.321975
11,0.306708
6226,0.442918
3844,0.617240
1116,0.589508
7068,0.606473
9217,0.634979
3919,0.644470
6961,0.363027
4630,0.607862
6056,0.366025
9190,0.615970
7321,0.578057
8632,0.532309
7813,0.543212
1048,0.581470
9443,0.647323
11203,0.384808
10242,0.651627
10491,0.358470
9401,0.531182
1556,0.356067
4676,0.636716
10019,0.372275
2219,0.337102
11795,0.598717
3915,0.599260
7837,0.629192
1883,0.376547
9012,0.325944
7576,0.374779
184,0.503461
9793,0.434216
3807,0.607352
6071,0.387149
2662,0.469879
6837,0.347474
8595,0.380747
2841,0.331365
876,0.629317
7933,0.593330
10999,0.318973
4225,0.395572
4258,0.600004
6153,0.318440
4395,0.317542
8251,0.326097
11417,0.570978
2633,0.435714
5383,0.556924
12009,0.619542
5331,0.551930
5544,0.427691
4230,0.608661
6707,0.572473
9132,0.574094
9758,0.625828
8915,0.590886
4524,0.335451
2982,0.572274
11038,0.425083
3046,0.336072
8098,0.600338
10705,0.565536
10738,0.480317
7528,0.590688
1744,0.652535
1874,0.608789
5935,0.633003
11249,0.615327
10075,0.362093
142,0.608833
6950,0.545727
623,0.443967
788,0.389450
1920,0.397842
3773,0.528864
4036,0.595083
2970,0.448888
8580,0.383283
3404,0.436820
3981,0.575728
5651,0.594587
683,0.340158
4700,0.566093
7909,0.564357
8173,0.357834
220,0.558503
8846,0.634393
2654,0.627647
637,0.676882
8762,0.625794
8477,0.333569
8126,0.586334
979,0.577207
9599,0.623364
509,0.598004
9295,0.623871
10918,0.330282
1395,0.607423
5445,0.391027
7913,0.626463
5511,0.591858
3830,0.419906
7363,0.361344
9409,0.680073
7254,0.563080
4574,0.592100
12058,0.444689
975,0.350875
9248,0.593193
3287,0.634764
2142,0.389596
3372,0.663945
11718,0.602100
11909,0.326513
10053,0.541759
7713,0.657729
215,0.648930
7512,0.445467
1637,0.640750
10363,0.318173
1835,0.371788
6197,0.370877
208,0.317025
11445,0.517642
1113,0.350090
1837,0.592048
3257,0.317104
10647,0.492683
2484,0.588995
4796,0.337177
2456,0.560242
9864,0.321882
5634,0.595125
3269,0.615346
1696,0.652939
284,0.593427
10888,0.648425
9423,0.324712
12439,0.588392
693,0.564299
7815,0.573511
3590,0.364388
8484,0.328703
9049,0.446285
3934,0.498646
2652,0.352194
5936,0.580863
3586,0.325591
7983,0.389583
5744,0.377029
359,0.331639
4943,0.341570
5426,0.595485
1392,0.385798
4871,0.611097
779,0.594774
1198,0.528105
1996,0.578540
3717,0.651753
7666,0.601221
3776,0.313758
4044,0.585715
7538,0.619433
11345,0.356662
4812,0.610391
6139,0.535876
5107,0.620887
749,0.352291
11853,0.349548
11228,0.491685
8415,0.600566
3155,0.547729
9906,0.369586
4549,0.443400
4050,0.580431
8577,0.419121
3848,0.597720
9341,0.581610
10436,0.611439
4343,0.545330
462,0.329015
4439,0.620266
11099,0.477350
836,0.317675
7042,0.476019
6236,0.650458
10233,0.591451
10093,0.514911
11256,0.327399
5229,0.325206
9962,0.522731
3001,0.630813
1488,0.323213
1343,0.580196
3213,0.356762
12290,0.660523
11969,0.646348
1418,0.437741
10800,0.440604
8862,0.594610
10817,0.420402
12233,0.622781
619,0.490816
8226,0.329653
6174,0.339513
11965,0.507954
9977,0.475219
5336,0.552029
3338,0.566639
5015,0.610451
9192,0.422899
6622,0.590204
4790,0.620448
9598,0.588510
1833,0.416128
6728,0.632863
10027,0.642652
11989,0.438250
4434,0.601170
9857,0.346445
2563,0.352030
11977,0.515827
5025,0.345952
2554,0.382610
8156,0.374766
7248,0.620963
8055,0.514891
9480,0.638153
1810,0.572906
8781,0.325404
5046,0.608687
3531,0.463461
9097,0.392571
3729,0.404171
4404,0.638447
4471,0.549427
7236,0.331278
10715,0.674511
8898,0.634880
3071,0.379729
10211,0.352687
2848,0.347677
4794,0.628783
5448,0.605774
2715,0.365565
1543,0.544951
10931,0.598966
5404,0.576375
5266,0.603476
3371,0.357434
4291,0.332915
11321,0.619687
7680,0.596519
10145,0.316138
1182,0.569908
9477,0.593549
7270,0.338170
4619,0.513322
4692,0.439643
2096,0.434038
3503,0.316029
2257,0.414181
3350,0.333669
10239,0.469531
50,0.469819
8710,0.342162
5531,0.555923
9694,0.634468
11390,0.348883
4675,0.645744
12070,0.410501
10742,0.517089
5153,0.526756
3781,0.474389
4665,0.617229
3188,0.466826
10271,0.554627
149,0.422352
11221,0.521335
5469,0.576851
6001,0.438176
5380,0.631861
10650,0.312837
12254,0.571350
7359,0.646392
4813,0.397687
12092,0.631153
11260,0.366636
10218,0.309343
10249,0.632753
11424,0.386852
3198,0.616133
6171,0.354316
7817,0.613779
9735,0.364503
2875,0.574305
4833,0.346942
7601,0.669293
8726,0.326855
968,0.601122
9410,0.639239
10208,0.656229
10294,0.330578
2172,0.463286
2690,0.390878
372,0.372916
2271,0.566661
1945,0.413067
1096,0.565684
2357,0.563352
5831,0.621132
1713,0.392747
89,0.324335
10032,0.436624
10671,0.303821
11756,0.563722
5552,0.309714
5293,0.638489
3748,0.337045
2750,0.388464
2926,0.479541
3180,0.432600
2522,0.358957
8847,0.628280
4748,0.512830
8962,0.456169
6231,0.592866
5782,0.609391
4222,0.450497
3278,0.426793
10745,0.519086
591,0.600005
7946,0.612992
10684,0.593774
3502,0.383549
10198,0.319181
10965,0.396563
281,0.612855
5784,0.621996
7543,0.589941
3549,0.306200
6343,0.314344
5199,0.316563
3373,0.552897
1372,0.664527
1032,0.632925
8502,0.362410
5491,0.648145
11361,0.462713
6187,0.675069
161,0.365275
484,0.403019
12014,0.657684
6830,0.327483
5661,0.364652
5286,0.313600
4572,0.371546
10553,0.346929
3761,0.565405
10288,0.376496
2585,0.317290
3626,0.679760
5059,0.343375
1976,0.350042
2842,0.511181
7819,0.321502
11533,0.645048
11703,0.380460
1276,0.585032
11351,0.471387
498,0.617888
9446,0.363740
11159,0.608994
3723,0.397475
10910,0.339196
2267,0.599251
7657,0.424799
11194,0.578127
14,0.435697
10321,0.634243
8863,0.552071
444,0.323781
2919,0.602833
6365,0.633980
130,0.636821
10011,0.570820
3125,0.624609
5436,0.649452
9903,0.606424
7560,0.648408
2501,0.407421
9761,0.384745
9955,0.601927
2284,0.592616
9140,0.598319
9909,0.348185
9744,0.352128
11332,0.634350
7980,0.326946
708,0.631655
7276,0.515771
11456,0.428096
4779,0.361465
12384,0.391199
10941,0.350002
3617,0.344232
8241,0.341838
10833,0.462707
1540,0.368124
7971,0.377023
1310,0.353508
12208,0.642777
3462,0.418188
4146,0.335480
3558,0.621830
904,0.598566
6857,0.645403
9408,0.373877
2044,0.356744
8879,0.604020
5747,0.602202
6222,0.595415
5178,0.324021
7877,0.380435
2283,0.355128
2405,0.513547
4283,0.370571
9680,0.615312
8946,0.339953
1657,0.356980
3218,0.354988
3073,0.578914
245,0.629591
3129,0.561561
2262,0.385491
5709,0.370613
10836,0.508206
6831,0.611429
8285,0.617317
11206,0.396756
8796,0.644219
12382,0.612366
11872,0.348454
8237,0.400727
3570,0.566982
1132,0.344678
8635,0.590983
9630,0.553018
10317,0.634306
7421,0.614514
8725,0.552330
5530,0.344951
5860,0.615268
6835,0.649420
9011,0.595449
1537,0.552383
4530,0.331811
6642,0.443289
4861,0.603795
1572,0.566745
6569,0.619354
8933,0.618176
8683,0.603904
9220,0.395016
6270,0.400401
11095,0.571206
867,0.413498
6610,0.606899
7429,0.346657
768,0.629675
688,0.615946
7746,0.360967
825,0.400885
1591,0.631531
8262,0.389850
2650,0.335096
8870,0.642309
1267,0.510763
10148,0.575586
11632,0.395308
4854,0.642614
3841,0.458641
12419,0.324072
8384,0.640432
11388,0.374544
9854,0.434058
1978,0.326999
8802,0.575817
10001,0.424717
7551,0.590351
7034,0.574933
5024,0.655232
3145,0.637981
639,0.372198
3574,0.592805
3938,0.566307
5424,0.363529
4305,0.521996
6537,0.319844
9952,0.383772
2620,0.354166
1470,0.656439
9963,0.401438
7676,0.325721
2204,0.492068
6593,0.614208
1854,0.415495
10231,0.630480
2736,0.347365
9931,0.594119
3529,0.626135
939,0.588123
10730,0.576298
3106,0.361917
3697,0.649223
8561,0.608386
4385,0.568405
4408,0.653309
5647,0.353229
10393,0.362486
5564,0.348096
8540,0.581299
12128,0.338453
1890,0.333554
8207,0.635210
6948,0.597995
5729,0.329038
6777,0.480152
11190,0.375303
10688,0.609859
2872,0.451363
1010,0.490903
8243,0.570185
1080,0.583693
8229,0.582283
11273,0.541390
11018,0.348472
6383,0.340115
2410,0.336733
3274,0.603856
5342,0.387605
8141,0.470824
9998,0.329774
8930,0.314457
11777,0.445959
3746,0.463862
684,0.630402
2574,0.386271
9029,0.514062
9236,0.342878
4674,0.653405
3468,0.554067
3770,0.596567
6890,0.323974
1740,0.369511
1822,0.353821
736,0.557829
4260,0.611210
7645,0.653629
11699,0.575235
3611,0.333185
8754,0.341184
745,0.672483
9731,0.629743
11525,0.330195
7641,0.613465
7129,0.557203
4742,0.349583
279,0.333027
6161,0.331160
9384,0.434900
6587,0.354787
10924,0.606954
4154,0.366024
2206,0.354819
987,0.317001
661,0.620144
7459,0.414632
1478,0.358650
7644,0.607002
4086,0.618946
3690,0.576317
2187,0.334647
7872,0.486405
727,0.570247
10025,0.577364
9686,0.610920
6887,0.586707
4703,0.318519
5320,0.595639
4875,0.515107
5862,0.572126
12060,0.600732
1911,0.594638
5352,0.480145
7123,0.616332
9595,0.337021
3906,0.342467
11599,0.403783
4637,0.568957
9992,0.597742
1029,0.315301
6111,0.579261
7598,0.335205
4304,0.572507
10824,0.344857
6751,0.614982
3868,0.400590
11083,0.591967
1215,0.571915
1448,0.435343
11521,0.566788
3369,0.396707
9742,0.559717
3446,0.603064
10315,0.585172
11569,0.527950
5705,0.586967
9710,0.329852
3600,0.578217
976,0.328342
5684,0.586998
1500,0.358178
689,0.375587
520,0.341258
4953,0.622204
5295,0.486746
4657,0.372944
497,0.463206
7970,0.335927
2339,0.580017
267,0.313474
1629,0.621106
11004,0.347931
6380,0.403987
5871,0.461968
2774,0.589991
10775,0.330901
4765,0.647467
4942,0.601673
7493,0.579302
6204,0.382285
11202,0.557690
7382,0.344576
5586,0.601895
871,0.598577
7317,0.382611
9739,0.442940
1536,0.654975
11504,0.374073
8641,0.340970
2448,0.623815
6349,0.632852
10415,0.621828
878,0.531045
1457,0.606137
11760,0.598519
8497,0.613274
2521,0.598743
3920,0.381232
6435,0.601436
10256,0.618868
3557,0.637431
9782,0.371603
4586,0.584634
11893,0.409576
9020,0.335453
2623,0.415746
10834,0.489544
6898,0.414303
8877,0.598710
9863,0.392745
465,0.325620
3329,0.608585
10338,0.403879
10470,0.314070
7897,0.409560
3445,0.586578
5057,0.404508
7385,0.448158
7698,0.360887
8661,0.629228
7642,0.625593
9706,0.510708
7252,0.573070
3212,0.571319
9971,0.340084
1944,0.319905
9178,0.412936
11140,0.622945
5078,0.575045
10420,0.654426
913,0.590991
6233,0.339020
10728,0.461025
6044,0.341779
6081,0.473843
1444,0.571308
7406,0.651169
6035,0.447998
3122,0.391435
11087,0.410122
4205,0.435587
131,0.612864
12277,0.639460
5454,0.601920
10866,0.577956
2316,0.622533
4264,0.606510
9657,0.622428
3167,0.372123
11741,0.432634
11117,0.626601
10130,0.479223
2960,0.535513
9077,0.448087
8820,0.320986
4048,0.328797
7878,0.496528
7436,0.595572
11158,0.407254
7857,0.426494
6482,0.597413
12182,0.585609
3668,0.370017
2458,0.382125
11949,0.479833
2735,0.383064
10723,0.578869
704,0.453715
12093,0.436920
9844,0.620556
4000,0.355059
3234,0.492223
9378,0.671770
3244,0.604980
12072,0.392581
5896,0.305990
6502,0.561249
11811,0.403743
9745,0.361462
11257,0.324290
1872,0.616921
3211,0.362606
3169,0.406949
6904,0.427263
10509,0.604175
10988,0.408659
9462,0.317761
3918,0.617198
2671,0.558618
11674,0.577881
11156,0.427261
4770,0.319138
6829,0.343604
4110,0.594515
10998,0.593363
6146,0.316495
7508,0.341505
7871,0.319930
3354,0.595294
969,0.607270
10523,0.575606
6825,0.581281
3996,0.602699
2742,0.384188
5720,0.477331
9608,0.571617
3030,0.374059
8831,0.632437
944,0.544774
4249,0.406158
602,0.428367
2441,0.484128
9172,0.508909
1986,0.621379
7007,0.350281
10919,0.553759
9528,0.393749
6253,0.645349
3847,0.347523
10906,0.363243
10449,0.602919
9816,0.569011
12057,0.578238
1542,0.579592
1354,0.336099
2844,0.599258
11363,0.601919
6841,0.421117
10136,0.611737
3562,0.640640
5249,0.310280
814,0.611330
10516,0.612360
7807,0.631111
5551,0.548434
11767,0.604157
6626,0.428423
11970,0.594424
6639,0.331584
2588,0.412157
4823,0.598132
10264,0.429991
6240,0.455811
10639,0.644225
5776,0.622472
1317,0.547809
5233,0.562777
3528,0.647477
6815,0.556690
1969,0.311108
2699,0.328678
1071,0.369180
1530,0.664856
10178,0.552436
8875,0.333658
9147,0.309923
7196,0.346169
3750,0.596071
4907,0.376326
9776,0.640251
9290,0.605073
12226,0.595829
5281,0.614863
9740,0.606045
3523,0.540323
199,0.640075
2342,0.596714
11648,0.631582
4211,0.344013
7271,0.669223
3292,0.609927
1114,0.616571
3556,0.395175
8380,0.672433
7330,0.334690
11129,0.328947
11793,0.326923
9550,0.640847
7588,0.350279
1499,0.345115
11472,0.640924
6546,0.618830
1461,0.326381
1534,0.365171
8081,0.355515
7694,0.627443
6930,0.378283
10821,0.638762
1964,0.477718
1670,0.381321
11428,0.641857
6586,0.564517
2447,0.645454
2288,0.391056
9895,0.590359
748,0.412601
12018,0.319310
8567,0.433003
2730,0.525577
2932,0.422251
10822,0.349712
2327,0.644753
7663,0.628703
4147,0.344504
9301,0.499943
10165,0.548666
12041,0.532538
10663,0.615405
4647,0.564442
6983,0.331529
5306,0.632840
9868,0.510368
1988,0.384930
11493,0.369141
357,0.344260
7699,0.319074
274,0.310100
2846,0.537055
6871,0.356964
2605,0.558567
3740,0.354666
8328,0.333782
10786,0.408691
11259,0.337201
5288,0.625380
3195,0.615841
10285,0.625286
9937,0.558123
3682,0.673716
11532,0.565683
10750,0.571310
6324,0.453246
1278,0.384358
11950,0.375999
6486,0.500805
3223,0.582942
3653,0.628529
2127,0.401168
4287,0.579765
3079,0.307827
7738,0.602523
4415,0.596717
8984,0.434951
2884,0.601658
1307,0.327146
9825,0.364081
12149,0.648378
3907,0.592991
11033,0.616498
11876,0.360104
1528,0.340021
7238,0.533192
2795,0.545014
8305,0.619929
5672,0.623128
8579,0.563628
1847,0.362263
9872,0.408353
3534,0.503616
5643,0.324302
4486,0.344238
4010,0.474718
2708,0.401603
12449,0.319184
1156,0.380485
305,0.333985
8473,0.424767
9781,0.469259
1133,0.398926
907,0.601367
9545,0.399888
12431,0.635602
8610,0.606024
5188,0.590919
247,0.541176
5994,0.374183
10457,0.362323
11446,0.324350
4915,0.665233
1065,0.373575
3203,0.629144
7613,0.632638
7200,0.612495
5167,0.347428
10542,0.538132
224,0.313474
10510,0.512918
8675,0.614764
5732,0.670659
6589,0.633907
4816,0.630278
3931,0.592693
9518,0.307270
10608,0.644845
8775,0.637563
11301,0.329312
12134,0.545535
11849,0.607653
12410,0.322498
1844,0.321791
1915,0.600035
6923,0.633578
3331,0.605891
1103,0.454646
2276,0.620480
4182,0.457632
12287,0.605423
3076,0.545415
10222,0.560177
10955,0.383289
9813,0.311939
6856,0.630602
9547,0.610015
5152,0.337979
2166,0.320753
4411,0.608345
402,0.373428
10187,0.612654
3347,0.323262
7253,0.368165
4558,0.534483
8402,0.349944
4990,0.381321
4561,0.428520
8273,0.321106
7120,0.598570
11611,0.368544
2124,0.582622
1555,0.349813
143,0.575880
10949,0.363723
9149,0.380463
5689,0.637496
9285,0.637459
10434,0.624448
1584,0.379380
4032,0.547584
8085,0.324684
11315,0.445580
2036,0.353584
780,0.609507
2954,0.361307
9222,0.621157
10241,0.595311
10642,0.613245
8075,0.578944
3489,0.403496
6727,0.331468
2515,0.592508
11700,0.367239
5742,0.601872
5407,0.571892
7468,0.644209
7182,0.334464
3199,0.396263
7434,0.545709
9505,0.558827
7027,0.397962
4173,0.643094
10176,0.656501
4668,0.611216
5928,0.621608
4900,0.412767
4467,0.616662
6050,0.389441
4337,0.346263
584,0.432550
6691,0.329475
12196,0.597303
40,0.390301
3809,0.552092
6311,0.328447
123,0.432977
5675,0.609355
896,0.364532
11191,0.598237
725,0.618797
11753,0.579938
7128,0.362427
11774,0.545483
1794,0.601708
11460,0.406977
92,0.329459
12266,0.553402
2566,0.620832
10215,0.313474
10441,0.315583
6704,0.638803
717,0.410291
658,0.638643
10851,0.637730
4481,0.437970
2878,0.650636
6834,0.632518
3913,0.612093
9168,0.651500
7901,0.617103
9561,0.332247
1636,0.298574
9707,0.616059
10547,0.559299
11981,0.459586
1179,0.579095
4515,0.626506
8419,0.549786
67,0.607090
3337,0.582455
12405,0.368464
7827,0.575447
6062,0.333575
11586,0.574221
7579,0.580834
1566,0.482628
7410,0.586479
1066,0.635319
517,0.640984
8516,0.599383
11028,0.414887
4067,0.545486
2670,0.396498
9593,0.369835
6756,0.439977
6388,0.620232
2631,0.548230
8819,0.592892
442,0.429760
4239,0.319647
11858,0.322026
734,0.345114
11420,0.577691
7476,0.374129
9627,0.337150
3937,0.519441
5084,0.338121
3977,0.337526
2,0.657043
6521,0.415466
1225,0.391619
910,0.408287
5035,0.662855
8381,0.380559
9623,0.372954
1610,0.606860
1245,0.568160
170,0.412415
11263,0.399640
12361,0.578113
6740,0.352520
4109,0.447457
4030,0.467726
7041,0.344306
12037,0.580102
12285,0.338754
3162,0.603331
10073,0.522848
10668,0.369377
8428,0.449200
1845,0.617987
11676,0.453734
9038,0.596403
331,0.551842
11557,0.316076
3647,0.367920
11394,0.604937
10501,0.649007
5874,0.564311
1658,0.641922
7029,0.422083
9104,0.368095
1229,0.400398
9578,0.389873
1135,0.346606
1136,0.615317
7184,0.407475
10577,0.364137
3752,0.636822
5457,0.565588
3889,0.425223
4603,0.591107
5399,0.599817
1752,0.324193
7774,0.653583
1326,0.436373
10428,0.582562
2966,0.325212
4931,0.635228
1921,0.384225
9404,0.390744
3870,0.584271
7967,0.567426
8668,0.672434
11954,0.651666
3786,0.384672
4495,0.359515
4628,0.615059
12019,0.338121
5071,0.582230
8655,0.434679
3593,0.620291
4858,0.590222
5205,0.365308
9230,0.557369
8604,0.461221
11927,0.599124
2153,0.404403
3675,0.649342
8934,0.507881
5837,0.347545
7808,0.383405
1089,0.614696
4509,0.362776
12496,0.329973
2504,0.547776
9993,0.391436
827,0.341442
11381,0.332889
5873,0.620618
755,0.334174
297,0.646609
8045,0.558514
1550,0.502521
6387,0.642625
1223,0.544094
6872,0.616913
7556,0.467026
7876,0.539114
5429,0.318956
9727,0.545645
7465,0.613411
5345,0.353693
10400,0.667299
9557,0.513774
1533,0.363778
8671,0.576791
12071,0.504029
3179,0.357077
614,0.428127
3733,0.321231
610,0.593196
6173,0.584330
4717,0.574357
4831,0.493618
229,0.684496
5271,0.585751
12040,0.604427
6812,0.405779
1148,0.334349
8779,0.575969
972,0.620345
10609,0.625780
1581,0.662781
385,0.584789
1365,0.493184
8868,0.600322
8110,0.636085
10448,0.606865
313,0.417643
5374,0.392586
12289,0.551605
5319,0.354843
7926,0.338025
9244,0.593152
7602,0.379087
9941,0.563149
5636,0.316949
7928,0.590461
3085,0.571773
7851,0.328255
3479,0.614633
1305,0.617558
8945,0.416905
9671,0.598770
3601,0.610692
5033,0.621793
9573,0.579688
915,0.522981
6915,0.328664
5328,0.614558
10759,0.334752
12015,0.678617
9464,0.355344
6196,0.478734
3851,0.466198
7,0.331283
5654,0.325530
6819,0.631502
7705,0.656488
11605,0.593766
7826,0.532246
5147,0.611665
3034,0.321403
4365,0.447769
9499,0.422601
4802,0.650398
6544,0.616626
6201,0.615568
1001,0.365990
554,0.393485
6090,0.629125
1385,0.554211
1627,0.427166
10081,0.337494
2756,0.673340
6337,0.370426
2740,0.591748
3249,0.466588
7937,0.615872
8678,0.321467
7539,0.399228
6243,0.324465
10579,0.592213
5480,0.428092
8680,0.467027
10281,0.628515
1296,0.376325
9565,0.615458
6193,0.611120
4151,0.308721
4466,0.629215
6518,0.421957
5584,0.599693
8268,0.365197
5737,0.579210
1736,0.323894
12136,0.371877
7761,0.364951
10357,0.618538
11796,0.357174
9183,0.353097
4892,0.389485
1403,0.339672
269,0.608552
1774,0.319764
10213,0.623772
6508,0.322422
10537,0.566574
5130,0.586714
1429,0.564641
8242,0.644438
6398,0.618620
2917,0.407949
9894,0.328504
3171,0.340168
10881,0.638006
9208,0.526567
2056,0.680935
2665,0.406823
5691,0.646975
1511,0.336572
9886,0.666848
10260,0.423340
9288,0.330952
2385,0.637820
9666,0.412708
6033,0.395337
17,0.593078
7083,0.618410
11161,0.516885
1085,0.557298
8304,0.621757
6614,0.489468
1466,0.398087
2489,0.560718
4396,0.621667
8121,0.603041
1178,0.325271
4777,0.391623
5421,0.502504
4482,0.478227
4997,0.335960
4784,0.589303
12273,0.568580
1445,0.630523
5572,0.644687
10780,0.392071
6759,0.594477
6323,0.613587
2249,0.520812
7936,0.322750
4592,0.458690
6148,0.623168
3476,0.393939
10096,0.604275
4158,0.367519
1126,0.335128
3011,0.568828
3822,0.327635
11711,0.561408
7637,0.634119
2212,0.639075
6598,0.309843
7354,0.336250
7043,0.592027
8861,0.499617
10110,0.647816
11426,0.572735
3829,0.671544
5340,0.509552
11572,0.371099
4580,0.578249
7368,0.560412
3961,0.648035
11845,0.358606
10070,0.630242
9718,0.316589
1173,0.606404
3485,0.582882
9746,0.349804
5569,0.438430
10508,0.370082
5623,0.303443
1760,0.318425
8763,0.580962
627,0.352784
8314,0.346784
7323,0.559705
11835,0.587661
1871,0.578641
1980,0.602546
1792,0.311258
9654,0.603975
1160,0.339942
5489,0.587860
9925,0.611751
1213,0.344293
5787,0.590736
10592,0.333059
6832,0.628162
3610,0.597924
3281,0.325990
9921,0.637411
2800,0.640965
11405,0.343309
7390,0.573461
4247,0.670885
9929,0.315258
8501,0.394500
8218,0.342199
7647,0.641455
212,0.609470
304,0.358220
12436,0.612194
7987,0.350796
11109,0.337195
9089,0.450204
3597,0.320919
5222,0.622901
2181,0.345312
2538,0.447465
6737,0.586304
110,0.601938
1504,0.503052
9568,0.569307
4440,0.410074
11701,0.417153
1313,0.337543
5728,0.331752
8740,0.629667
11387,0.630166
7764,0.612122
4443,0.586414
4758,0.395274
3694,0.526445
7715,0.593038
2725,0.337245
7849,0.600633
7668,0.611345
8169,0.593575
2718,0.645238
6559,0.453808
8047,0.443809
4055,0.570092
6548,0.462374
10898,0.611276
1025,0.350548
3059,0.580102
4392,0.377195
8277,0.344560
9551,0.605532
12083,0.380476
11053,0.577485
8490,0.346082
1758,0.595093
1961,0.332538
12339,0.339816
494,0.420367
10987,0.339396
7776,0.632070
12126,0.546861
9948,0.383645
3413,0.648122
5532,0.596284
6662,0.586095
2570,0.582197
318,0.378376
10214,0.628287
4775,0.488890
3679,0.354908
3591,0.483100
8537,0.378168
4594,0.614697
6752,0.321827
1583,0.612479
11979,0.622551
669,0.664583
8418,0.442679
7605,0.404791
4162,0.330891
4666,0.554548
7631,0.589653
4536,0.334485
11563,0.351827
2855,0.616283
8980,0.389964
3886,0.318695
4804,0.641150
7903,0.643682
8835,0.633558
1447,0.525547
4473,0.634303
673,0.431938
3876,0.333988
10018,0.375206
8019,0.552679
4490,0.400361
1620,0.615540
11984,0.583881
4897,0.558128
4710,0.608615
6982,0.594450
10144,0.630251
6568,0.321106
11990,0.618089
953,0.625776
9570,0.367095
4488,0.379727
7658,0.644716
2450,0.559058
10525,0.535496
10322,0.612158
11972,0.561509
5123,0.612292
6955,0.619434
11687,0.411636
2329,0.329967
1454,0.489592
5581,0.536060
1063,0.361934
539,0.452533
362,0.409286
6797,0.630549
10300,0.667992
5501,0.562695
11589,0.562980
7914,0.572074
8811,0.613470
6701,0.611215
2867,0.616886
12494,0.615647
2315,0.573507
10815,0.545079
3053,0.334495
8514,0.424333
10520,0.617321
8527,0.637869
11537,0.511634
10196,0.593104
7520,0.616221
6653,0.605869
9419,0.625592
3686,0.412604
4001,0.573003
9784,0.657401
4880,0.374118
10404,0.388699
11031,0.364896
10445,0.622027
11886,0.564104
1979,0.652916
5020,0.336637
9057,0.359173
10461,0.336891
10660,0.320630
12189,0.511446
11293,0.637233
3133,0.615219
8637,0.621145
1966,0.632139
8458,0.431002
1177,0.436719
10929,0.628209
7607,0.377058
1294,0.630848
6966,0.437909
8520,0.338353
2885,0.620325
8269,0.484384
3946,0.592274
11939,0.351053
4882,0.367584
1564,0.600733
985,0.373154
8614,0.376039
11413,0.305297
3651,0.465286
10169,0.593786
1699,0.555649
11761,0.660089
4670,0.352778
1049,0.388424
5540,0.334500
6958,0.599793
5795,0.613485
1527,0.342561
1469,0.669142
8352,0.382863
6938,0.588387
9122,0.435213
11106,0.438366
7055,0.605332
4707,0.358596
931,0.325804
2149,0.320352
1933,0.544119
12309,0.351777
5919,0.593165
6743,0.347128
4165,0.597572
5773,0.386584
1586,0.314012
8685,0.328444
6485,0.612134
7449,0.562353
2307,0.360474
9085,0.618667
9724,0.422648
10483,0.360192
29,0.507752
81,0.541175
2972,0.652940
3390,0.368943
11043,0.594772
9973,0.612982
2889,0.683002
1925,0.631198
4623,0.629151
3268,0.357072
6004,0.629453
5843,0.630958
7028,0.359681
1595,0.317222
2700,0.633818
6238,0.469306
2874,0.358570
7743,0.414053
2616,0.607672
2328,0.343659
6520,0.320884
4864,0.345784
3948,0.602902
6397,0.585325
6557,0.391841
4341,0.606793
9426,0.637056
9170,0.607567
3944,0.486537
9852,0.497801
3736,0.596767
11516,0.625874
8474,0.608384
1004,0.564335
4868,0.510164
11692,0.329408
3911,0.423438
2200,0.338265
6921,0.335244
441,0.351920
7789,0.669075
5500,0.330809
11668,0.426041
12047,0.447020
2763,0.636449
1486,0.601694
11912,0.614943
9479,0.627930
4566,0.633522
7804,0.574169
1487,0.393035
5485,0.616102
8203,0.478202
6859,0.656434
3524,0.558044
2696,0.367561
6093,0.617941
11724,0.388465
7688,0.428060
8684,0.420972
8025,0.397188
2983,0.326575
8139,0.680791
9387,0.415231
11168,0.378065
8239,0.445882
7296,0.421840
2870,0.646086
5707,0.331162
11369,0.426639
12122,0.628165
1319,0.626921
1981,0.612973
7925,0.566006
432,0.342450
9806,0.588414
6279,0.584164
12331,0.320135
9860,0.325930
426,0.346402
8138,0.501377
11817,0.368942
7074,0.668666
3677,0.606512
4537,0.652312
2802,0.586533
4458,0.364667
10245,0.562257
5711,0.510868
10153,0.632149
11626,0.599087
10859,0.617868
10698,0.443745
2054,0.578932
11177,0.542688
9314,0.466752
12284,0.628502
9483,0.376403
10721,0.338994
9601,0.349867
574,0.614208
10094,0.645742
10293,0.643936
2268,0.401319
2002,0.609605
6746,0.325733
9953,0.393448
4601,0.369365
1902,0.550519
12335,0.463483
7081,0.592763
2772,0.541646
7886,0.485270
11511,0.357586
2984,0.592717
136,0.350232
10607,0.318191
2103,0.600739
9017,0.607969
881,0.389072
191,0.502147
9540,0.365446
4108,0.516585
382,0.381199
12203,0.359419
222,0.614268
6495,0.320672
11623,0.591689
9496,0.314106
11342,0.320400
32,0.514635
8022,0.422083
7308,0.501575
1838,0.650884
6603,0.328251
5292,0.551313
6461,0.625307
1222,0.547708
2033,0.619612
2301,0.661970
12154,0.319051
8198,0.330513
667,0.598772
10480,0.429112
7065,0.646549
6558,0.304198
5089,0.630698
12221,0.429480
7592,0.506842
4489,0.396379
4841,0.398397
11534,0.357278
11639,0.438311
10749,0.397125
5658,0.545769
408,0.339960
3568,0.579626
2863,0.398815
11225,0.395957
2214,0.600893
692,0.378761
5534,0.635857
5487,0.581417
12007,0.359298
9620,0.372489
5886,0.624089
3510,0.383587
10069,0.334425
64,0.471800
11175,0.575575
9313,0.347472
8776,0.410187
2949,0.587151
2353,0.441662
8566,0.323621
4891,0.417594
7763,0.350570
11495,0.353442
11091,0.508216
12177,0.643927
6497,0.600982
10465,0.595006
3438,0.313505
12487,0.590986
9353,0.395510
4904,0.442632
11064,0.401239
1184,0.591153
5221,0.323452
7264,0.662860
5759,0.627487
526,0.345663
9417,0.623364
8745,0.638666
10623,0.342483
4771,0.639109
11968,0.365296
5227,0.319087
3284,0.527556
7852,0.358062
9319,0.562616
12124,0.328218
9763,0.325596
2961,0.548841
6072,0.597092
5679,0.381498
10416,0.315380
5064,0.602147
4155,0.639934
7577,0.626366
5633,0.569797
9403,0.323664
1660,0.444672
2514,0.587471
10103,0.391137
10192,0.524463
4992,0.588218
11684,0.425010
9469,0.337361
5121,0.559523
94,0.632246
8968,0.565697
10184,0.408707
6997,0.596222
1631,0.379522
4267,0.600916
6262,0.333891
4160,0.324375
5620,0.558862
11100,0.631761
4745,0.631709
754,0.323913
2561,0.586181
5974,0.414883
3582,0.593878
1705,0.646251
8455,0.637400
7050,0.417156
11181,0.612518
5308,0.586691
5004,0.551880
1302,0.486472
3321,0.564502
5235,0.578678
11339,0.608659
759,0.363905
145,0.343452
4317,0.680724
1336,0.362945
10352,0.626801
9673,0.462566
5652,0.319735
3923,0.607323
6549,0.608428
9253,0.575413
11425,0.586814
12355,0.388189
1603,0.436048
4005,0.332647
8295,0.376799
1821,0.635385
3958,0.354373
8113,0.661992
4669,0.541159
11526,0.623680
12137,0.351036
3894,0.630166
5433,0.613763
337,0.566217
1865,0.627626
10064,0.537936
8150,0.344135
514,0.412011
9566,0.577222
1293,0.451509
2850,0.369938
2712,0.536383
1618,0.479290
6160,0.617068
10223,0.339859
11673,0.642750
8405,0.446038
10748,0.334763
9990,0.550084
8186,0.443686
5515,0.650195
11856,0.463045
3047,0.383240
10567,0.668003
7765,0.561196
1858,0.339036
7529,0.577237
2721,0.585327
10312,0.310224
9530,0.611305
7898,0.593683
2600,0.607696
10984,0.585417
2974,0.571337
10673,0.617544
4818,0.605294
1093,0.589791
2351,0.527848
5129,0.442752
809,0.632855
10278,0.432256
375,0.626912
9679,0.619685
6431,0.580568
2809,0.379007
7243,0.372591
11088,0.363031
11925,0.529868
6738,0.640399
244,0.645614
5938,0.619235
10708,0.438767
1697,0.348739
4615,0.588192
10356,0.366517
5833,0.579421
2409,0.636217
11698,0.474978
12336,0.467663
11587,0.320972
7286,0.437718
11585,0.626321
8928,0.375152
10803,0.320552
7209,0.545411
7361,0.557579
935,0.579750
2499,0.391578
7015,0.425056
7858,0.356668
4856,0.591115
2601,0.561880
2520,0.557442
11443,0.627100
7777,0.419676
1290,0.642286
8483,0.559668
6655,0.329200
4800,0.325241
2234,0.627389
6488,0.379210
1157,0.602391
5367,0.517329
2419,0.324955
3924,0.616331
11269,0.567695
12186,0.618033
4618,0.612327
276,0.627328
5087,0.315204
310,0.321096
9614,0.537851
3080,0.331997
11645,0.643598
12100,0.565382
437,0.330500
4256,0.398725
5669,0.479132
7810,0.329874
565,0.631969
6810,0.429100
9392,0.365622
369,0.586294
8552,0.443927
2768,0.565629
10801,0.603820
5939,0.344561
6423,0.368874
103,0.428252
3398,0.356561
2511,0.594831
10435,0.319218
12171,0.319937
7167,0.316225
9243,0.326302
6396,0.336905
7133,0.625956
353,0.670208
828,0.629905
5985,0.673597
8519,0.615633
453,0.603016
3032,0.648944
3979,0.654640
2793,0.361736
9581,0.329282
2801,0.640782
9040,0.623465
10586,0.333265
6873,0.327946
5755,0.647816
8919,0.628780
5502,0.398798
8204,0.341987
9440,0.421258
955,0.597303
829,0.608354
5550,0.586655
12039,0.618528
2497,0.370729
7241,0.348822
9305,0.451948
4933,0.416620
8839,0.617557
9799,0.586247
2051,0.462840
10575,0.325122
6774,0.589993
2308,0.527424
10996,0.618414
10447,0.621611
4065,0.371505
8355,0.621332
2469,0.564887
11507,0.552956
11447,0.346414
5989,0.564726
11327,0.647879
3486,0.608024
9779,0.631933
5819,0.608787
2572,0.538377
4294,0.576915
1918,0.345556
11690,0.622133
11558,0.463063
8052,0.327800
10199,0.323064
6434,0.335746
3990,0.615126
8535,0.345680
4814,0.617415
7578,0.571341
1569,0.573693
3716,0.614422
8536,0.345471
9512,0.449191
6897,0.360531
10628,0.323764
8253,0.349998
10513,0.387913
11868,0.388229
1104,0.375962
12067,0.352212
2909,0.331239
5264,0.648162
10297,0.660462
8913,0.558612
5712,0.414235
9453,0.667059
5162,0.655869
7445,0.614073
10995,0.511229
1027,0.397904
535,0.315212
603,0.331965
4406,0.575288
4929,0.659867
5536,0.567221
4694,0.392531
10334,0.318848
5570,0.607602
9281,0.617791
12,0.598721
11672,0.525178
6895,0.605099
9441,0.572649
1368,0.393841
3547,0.340489
12327,0.339026
7772,0.350391
2015,0.625269
11035,0.634708
9035,0.478845
8791,0.571790
4941,0.598613
6015,0.412910
7127,0.598512
1692,0.601953
12414,0.571527
12416,0.649003
8161,0.337719
10298,0.610786
11857,0.382871
12356,0.331085
7250,0.349781
9805,0.340794
3577,0.331928
1855,0.609714
9961,0.359739
8824,0.304681
11009,0.479855
10171,0.316281
4546,0.520684
2996,0.592264
2394,0.321936
12349,0.430423
8191,0.596994
12442,0.367169
4206,0.584804
11234,0.319562
8848,0.320768
8307,0.433589
2853,0.394866
10038,0.623657
9298,0.557364
6700,0.586452
949,0.543114
1688,0.569831
7277,0.384023
11226,0.330787
4686,0.363381
11101,0.600161
479,0.591920
1234,0.437582
8176,0.378337
11187,0.320611
8475,0.335940
686,0.625391
3659,0.615689
140,0.330002
10585,0.427572
11326,0.639621
11013,0.571004
760,0.544372
10956,0.464594
11897,0.614076
2034,0.375625
3437,0.619498
10764,0.315788
10522,0.627924
7174,0.349210
4035,0.326450
1992,0.412755
10479,0.564967
6567,0.616941
3322,0.367370
11474,0.333743
9943,0.647962
7212,0.392683
2910,0.582256
4096,0.470243
4724,0.649336
11209,0.446967
3532,0.569562
9712,0.403986
9262,0.440551
12147,0.580954
9546,0.584153
7766,0.633580
3288,0.656306
7659,0.627300
8344,0.660223
8708,0.622953
8080,0.536095
3853,0.468069
11722,0.399159
4981,0.328276
5820,0.657252
1398,0.372064
3589,0.322926
4248,0.561797
237,0.320189
8437,0.375232
8581,0.604942
5857,0.354605
4994,0.368348
5903,0.396442
7917,0.422083
5284,0.325476
2839,0.383738
9080,0.627115
11488,0.603591
4709,0.566350
10412,0.439114
3165,0.426003
5086,0.585025
11531,0.324731
2223,0.647335
4542,0.438148
5366,0.619424
8578,0.549978
1218,0.329515
3521,0.532254
9053,0.411858
9832,0.612326
1360,0.616917
3873,0.357333
503,0.640218
6114,0.328205
2072,0.344106
922,0.595029
11006,0.599881
10431,0.397802
9448,0.593550
2032,0.348104
11882,0.564504
11737,0.451325
8038,0.374436
9179,0.582893
12252,0.361168
5997,0.582112
4400,0.562196
8882,0.507051
11725,0.626445
9260,0.566111
10761,0.419620
11208,0.570350
2398,0.649691
3884,0.656575
7489,0.575759
5673,0.399720
5000,0.637683
5375,0.543889
7505,0.627706
5326,0.571301
2125,0.529795
681,0.583913
9231,0.679736
6385,0.650849
5142,0.399216
3564,0.502034
2035,0.635881
4716,0.363972
10137,0.312616
6009,0.446489
11195,0.611397
6860,0.333392
11624,0.565174
1532,0.391204
9136,0.614030
9227,0.588189
2876,0.619186
4038,0.373425
2609,0.615960
6592,0.573395
7467,0.594204
11867,0.634572
7175,0.404754
3191,0.353395
8549,0.457964
959,0.430461
1767,0.602681
3035,0.326436
11802,0.631593
3762,0.332296
11983,0.485375
4766,0.505638
7831,0.388456
12357,0.684367
1369,0.609739
9273,0.596417
2451,0.612763
10216,0.599059
6942,0.437387
9018,0.612771
11251,0.635713
10515,0.385708
11069,0.623191
8525,0.340693
2173,0.551822
6037,0.378085
6908,0.626565
4547,0.567938
8318,0.337686
3118,0.340362
7798,0.671029
3299,0.341094
6006,0.434965
3842,0.371515
6457,0.645552
6490,0.312004
2037,0.377690
12119,0.386069
9318,0.360276
8795,0.323377
3998,0.476172
12230,0.647171
4257,0.596439
8248,0.581913
8528,0.591957
9041,0.348223
2432,0.628228
11040,0.513295
556,0.320308
11242,0.614180
6227,0.341333
9482,0.320331
283,0.457172
6579,0.395891
10057,0.524581
9618,0.656809
12125,0.505260
5687,0.428997
12206,0.631722
138,0.614146
7287,0.449133
6205,0.354604
7893,0.624924
383,0.634038
8850,0.627547
6302,0.582781
12378,0.613243
11836,0.617692
8421,0.402512
7589,0.675690
2415,0.425787
7535,0.338300
10589,0.480459
10329,0.605348
10860,0.345138
3242,0.324447
9416,0.569975
8452,0.375618
6166,0.445381
3631,0.552478
617,0.595749
9609,0.359961
7199,0.371292
7224,0.451320
413,0.620384
10848,0.642073
2109,0.587128
8479,0.564594
4708,0.563688
2211,0.585272
11503,0.575480
10986,0.387305
6252,0.406035
6309,0.629545
2685,0.338706
12481,0.526877
3615,0.605889
9082,0.595232
4212,0.339050
7424,0.415840
728,0.324974
8259,0.570486
272,0.321760
12291,0.581803
1585,0.316315
5696,0.436756
6683,0.298552
4049,0.646163
7004,0.378472
4543,0.616446
8030,0.409551
3569,0.612560
341,0.368200
12256,0.568147
5160,0.420869
10664,0.332616
8006,0.337765
4913,0.611267
1522,0.336572
4970,0.328158
7633,0.327484
8808,0.346017
285,0.388074
7273,0.489862
5631,0.592872
1606,0.372247
3420,0.680088
3904,0.620775
2334,0.597430
12306,0.432106
11726,0.344375
12162,0.491260
6159,0.398801
93,0.426430
10838,0.606151
2920,0.345447
460,0.555843
9312,0.662210
10230,0.455984
8343,0.573468
1669,0.582354
1962,0.553910
12441,0.330645
9569,0.502424
929,0.329875
3092,0.614695
5799,0.611871
10751,0.326265
8311,0.341803
5330,0.337587
11649,0.591809
12251,0.347846
1180,0.643412
7870,0.443653
2167,0.338149
3389,0.345273
4516,0.575173
5343,0.637727
2199,0.615330
8634,0.599500
4544,0.437837
2101,0.665622
12142,0.385595
11987,0.515801
4232,0.427628
9622,0.332391
10885,0.401060
4340,0.545338
9525,0.351433
9185,0.638851
903,0.556609
3436,0.635452
2029,0.387172
1309,0.460480
2404,0.626528
5279,0.644951
5468,0.594009
1802,0.404725
9785,0.629401
11441,0.609033
10339,0.604400
551,0.429291
7151,0.469106
8149,0.373870
10228,0.378177
3450,0.404772
8100,0.387866
7047,0.664726
117,0.405565
5300,0.386738
6074,0.343053
5412,0.334033
1463,0.337912
8272,0.326563
10685,0.335429
6265,0.584147
1238,0.615658
396,0.455350
11098,0.405196
839,0.574365
2655,0.320004
2175,0.565329
5493,0.606209
2943,0.403196
7887,0.658869
8907,0.669196
4449,0.418283
1124,0.373104
12288,0.517344
1884,0.614427
11997,0.568913
1497,0.570712
7412,0.584917
1495,0.639579
12267,0.608882
11620,0.337343
7768,0.401309
8205,0.607373
11798,0.334548
10079,0.357302
9270,0.543774
6019,0.658273
1258,0.397561
8916,0.450655
5303,0.356596
7803,0.639616
5588,0.594036
4633,0.321833
330,0.463006
12164,0.399840
5439,0.337055
294,0.474154
9571,0.366925
11268,0.555186
3850,0.342658
9791,0.447378
2338,0.358078
567,0.318728
11675,0.343261
8902,0.498770
11416,0.631969
3620,0.358613
10637,0.346919
8731,0.511089
132,0.573472
3648,0.645435
7395,0.600364
7943,0.409386
8548,0.590844
6864,0.351219
2282,0.377683
2004,0.586972
6699,0.644760
10014,0.337254
3108,0.327624
8291,0.580383
10024,0.591931
5003,0.634598
2470,0.597201
2731,0.322564
8441,0.648181
4463,0.321837
3858,0.656285
2263,0.625714
9932,0.600592
12180,0.653770
7448,0.677339
7370,0.597477
2559,0.681218
9701,0.625937
11240,0.323607
11491,0.410468
10009,0.350221
8084,0.512631
2508,0.355219
4789,0.433284
6749,0.377569
4381,0.360875
5021,0.592079
2297,0.566869
8575,0.369623
11311,0.620318
7585,0.593185
4935,0.635157
11829,0.635803
800,0.604092
12096,0.596852
9001,0.600457
7228,0.590166
3161,0.363578
8649,0.406567
6572,0.602432
2118,0.348137
1433,0.614777
7377,0.433102
4012,0.396457
10549,0.334025
6200,0.590843
9128,0.621650
10068,0.371095
8923,0.565835
8920,0.649233
1400,0.609364
5905,0.598818
2332,0.427256
8517,0.529355
1825,0.606369
6981,0.336233
7008,0.444979
407,0.333997
11827,0.667062
4980,0.635391
464,0.312783
1761,0.600541
1906,0.550908
10414,0.532508
3335,0.477888
9574,0.468024
174,0.378516
4659,0.352697
1012,0.576985
3289,0.328420
9968,0.578992
883,0.625216
5911,0.655521
3006,0.603165
11894,0.589195
11471,0.551369
12340,0.381826
853,0.617161
11744,0.364408
9905,0.423457
12166,0.419558
6049,0.598064
11892,0.596111
9503,0.445191
10162,0.627572
7442,0.317607
2253,0.611899
4076,0.314663
11966,0.419019
8167,0.339171
6991,0.424803
5327,0.586329
7341,0.601917
11309,0.646701
2444,0.671598
11216,0.396382
4793,0.372973
3908,0.598127
1651,0.315853
6833,0.660553
6320,0.430410
5692,0.568945
5990,0.528293
6679,0.645165
1169,0.558451
2164,0.385023
4940,0.603586
11346,0.634650
1923,0.332422
4712,0.359689
5202,0.370688
7353,0.615780
10140,0.634792
12139,0.549533
12178,0.609166
11686,0.513182
2201,0.589357
2031,0.422084
5297,0.324849
5503,0.538770
11915,0.631738
6381,0.428808
1943,0.548532
1420,0.594844
5408,0.387696
5992,0.622153
3221,0.328584
9865,0.347648
4378,0.623632
11647,0.612172
2493,0.333233
7679,0.341288
2556,0.593022
7351,0.368292
6415,0.501070
3910,0.575146
7121,0.577117
1693,0.606155
4832,0.611183
12318,0.650109
8388,0.560479
3988,0.618952
1588,0.347733
9923,0.342848
1725,0.594635
9959,0.653446
3119,0.614327
8216,0.557792
3466,0.500530
5040,0.597534
9459,0.402106
2480,0.346443
7085,0.586470
4149,0.342262
3935,0.334414
9492,0.374260
10862,0.314172
3312,0.566302
1421,0.559998
9648,0.410584
10149,0.349691
338,0.414946
5315,0.591254
6668,0.558064
1614,0.466808
3806,0.619176
10112,0.396168
5683,0.337894
3259,0.497277
3769,0.395832
10669,0.333475
10950,0.399189
3612,0.368325
880,0.377346
3783,0.625578
4393,0.640181
6542,0.559622
9023,0.619044
328,0.614419
7720,0.443459
8439,0.574821
5929,0.619876
12444,0.637047
3515,0.604749
8767,0.581528
5559,0.609270
7506,0.372990
6678,0.399498
9360,0.644938
7500,0.556019
6010,0.592293
6980,0.660185
153,0.444384
9169,0.562743
5513,0.617807
5595,0.426122
12433,0.554567
26,0.612364
8319,0.586057
4921,0.463387
11487,0.676137
9218,0.587588
8693,0.625575
1453,0.340674
2691,0.626192
133,0.454898
10485,0.587415
3431,0.315646
8054,0.627161
6998,0.336217
1459,0.341700
2393,0.609033
5841,0.472355
169,0.313530
7227,0.338876
2547,0.622380
8068,0.629294
4312,0.387682
6563,0.514585
1468,0.607886
3661,0.588656
3488,0.583334
9636,0.339775
10464,0.638744
11275,0.342822
9174,0.621279
6839,0.621464
6043,0.401071
1635,0.548017
1788,0.533333
4925,0.322633
7566,0.342992
3672,0.324173
3492,0.338481
8221,0.587281
8688,0.569956
11678,0.353303
10343,0.320370
7152,0.314659
10235,0.359062
869,0.411205
2433,0.600782
11111,0.653049
3700,0.344067
2356,0.425964
3078,0.625514
678,0.530145
1719,0.615329
6920,0.661032
11920,0.574916
10150,0.531243
8309,0.630026
12217,0.388298
3941,0.576630
11839,0.609372
11602,0.576859
5925,0.615914
9734,0.387528
180,0.369148
8378,0.541442
4091,0.567480
6348,0.592026
8623,0.427223
3766,0.381601
8523,0.378058
5171,0.582079
9822,0.533852
1381,0.590527
8446,0.392424
831,0.318172
9398,0.564788
1549,0.630549
5083,0.326351
11252,0.321770
1396,0.329944
7417,0.594023
10209,0.627963
12241,0.393242
7261,0.620464
5029,0.345103
8960,0.612417
11374,0.349844
9329,0.616668
5186,0.381807
3845,0.451166
5051,0.425767
824,0.340189
3803,0.623657
3967,0.599396
8322,0.524445
11223,0.473995
8805,0.425195
6321,0.637983
126,0.566011
10172,0.585135
5302,0.610061
3255,0.332690
7186,0.544090
2343,0.329218
7504,0.573467
6708,0.597777
1764,0.659351
1565,0.420441
10644,0.604385
1842,0.613135
4045,0.350176
7932,0.642566
2998,0.609916
7473,0.600672
7677,0.402529
6755,0.323005
5606,0.326850
6480,0.645582
1146,0.585428
6410,0.407375
1756,0.392455
8146,0.400250
9455,0.407027
2092,0.605824
7934,0.655249
6225,0.632535
3243,0.565782
10666,0.604553
2047,0.389962
900,0.586422
1366,0.548604
10259,0.619462
1502,0.319527
5463,0.632591
1058,0.553381
1348,0.318633
6527,0.550570
7265,0.551165
3536,0.589247
5354,0.442226
2552,0.606063
9633,0.340821
5370,0.631453
11574,0.323742
5017,0.635663
6979,0.314935
8551,0.605493
6633,0.327626
9271,0.343293
5858,0.602811
2986,0.368940
10394,0.330324
600,0.389180
9824,0.333310
4963,0.619456
6978,0.565083
5070,0.626695
12237,0.564546
921,0.315705
9039,0.566240
7542,0.612066
10916,0.612841
2673,0.560540
421,0.606794
3102,0.572562
6652,0.605151
2348,0.336983
12415,0.487744
7461,0.594952
482,0.656117
8563,0.343260
2340,0.514061
5957,0.571006
513,0.601697
11937,0.409213
401,0.602998
11272,0.627102
5775,0.340704
3970,0.559200
7147,0.437987
7654,0.584661
7365,0.603555
409,0.486407
5065,0.357547
9960,0.664995
4988,0.605108
8433,0.608795
5785,0.321349
4587,0.320591
12156,0.630116
7440,0.331734
4131,0.571236
303,0.329698
7259,0.641608
10526,0.594065
2686,0.421683
2779,0.363731
9644,0.364912
1176,0.409806
4217,0.364863
11138,0.662404
645,0.365969
524,0.431433
1967,0.333384
1873,0.562684
3458,0.416193
11485,0.350472
9871,0.591649
8195,0.436200
10030,0.659826
11139,0.659739
8911,0.339716
1643,0.619808
9606,0.646102
6842,0.546176
1112,0.353856
3785,0.593666
12000,0.502522
9817,0.637633
2705,0.355849
1285,0.396555
8371,0.358472
4018,0.430167
2882,0.647650
3017,0.358941
6709,0.321520
4208,0.579511
7976,0.362279
11198,0.396391
8122,0.575924
5937,0.474839
4275,0.355644
11265,0.618489
238,0.614056
9278,0.426973
5664,0.327939
9282,0.615051
5835,0.381986
2536,0.413384
12471,0.657367
11322,0.537572
8399,0.606428
11102,0.506009
9515,0.639018
765,0.631337
1230,0.422929
9556,0.568950
7427,0.632646
9304,0.597897
9256,0.318385
5009,0.323965
6761,0.577543
11918,0.574956
9754,0.320789
1168,0.495423
1422,0.336333
9846,0.468435
399,0.652667
4500,0.338875
6407,0.356909
4493,0.378690
1578,0.370235
2281,0.631039
61,0.360690
2189,0.639270
4978,0.331499
10296,0.388548
11913,0.425462
6158,0.329711
7540,0.351344
5953,0.360701
6972,0.620944
1710,0.361450
5063,0.570581
8857,0.572535
11887,0.340059
5253,0.560075
8921,0.345056
5258,0.630570
2104,0.628855
1087,0.560944
666,0.388156
5702,0.382605
12102,0.356524
8338,0.340009
889,0.347198
2367,0.324951
5471,0.550231
2019,0.337539
1662,0.591203
4350,0.604279
9764,0.655013
4423,0.435566
1060,0.390551
7515,0.405053
9154,0.338649
3480,0.306510
4118,0.480867
96,0.325760
1515,0.570730
10825,0.628037
3004,0.329267
