id,label
1,0.999999
10,0.000000
100,0.000000
1000,1.000000
10000,0.999999
10001,0.000000
10002,0.000000
10003,1.000000
10004,0.515835
10005,0.000000
10006,0.000000
10007,0.000000
10008,0.000000
10009,0.000000
1001,0.000000
10010,0.999314
10011,0.975452
10012,0.000000
10013,0.000000
10014,0.000000
10015,0.951476
10016,0.000000
10017,0.000000
10018,0.000000
10019,0.000000
1002,1.000000
10020,0.000000
10021,0.000000
10022,1.000000
10023,1.000000
10024,1.000000
10025,0.998006
10026,1.000000
10027,1.000000
10028,0.000000
10029,0.998797
1003,1.000000
10030,1.000000
10031,0.000000
10032,0.000304
10033,0.000000
10034,0.999915
10035,0.999988
10036,0.999999
10037,0.002541
10038,1.000000
10039,1.000000
1004,1.000000
10040,0.000001
10041,1.000000
10042,0.975676
10043,0.999995
10044,0.000000
10045,0.767762
10046,0.967447
10047,0.999754
10048,1.000000
10049,0.000000
1005,0.000000
10050,0.000001
10051,0.000000
10052,0.000000
10053,0.876365
10054,0.000000
10055,0.000000
10056,1.000000
10057,0.000000
10058,0.999936
10059,0.004453
1006,1.000000
10060,0.998290
10061,0.000000
10062,0.000000
10063,0.987417
10064,0.941716
10065,0.000000
10066,0.000000
10067,0.000000
10068,0.000000
10069,0.000000
1007,1.000000
10070,1.000000
10071,0.000000
10072,0.000000
10073,0.999051
10074,0.000000
10075,0.000000
10076,0.000000
10077,0.000000
10078,1.000000
10079,0.000000
1008,0.000000
10080,1.000000
10081,0.000001
10082,0.000000
10083,0.000000
10084,1.000000
10085,1.000000
10086,1.000000
10087,1.000000
10088,0.000000
10089,0.000000
1009,1.000000
10090,0.000000
10091,0.000000
10092,0.992286
10093,0.000033
10094,1.000000
10095,0.000000
10096,1.000000
10097,0.999999
10098,0.999993
10099,0.000000
101,0.000000
1010,0.999707
10100,0.997834
10101,0.999912
10102,0.000048
10103,0.000000
10104,1.000000
10105,0.999769
10106,0.000000
10107,0.000000
10108,0.999875
10109,0.000000
1011,0.000000
10110,0.995135
10111,0.000002
10112,0.000000
10113,1.000000
10114,0.000000
10115,0.000000
10116,1.000000
10117,0.000000
10118,0.000000
10119,1.000000
1012,0.998910
10120,0.000000
10121,0.000000
10122,0.000000
10123,0.000000
10124,1.000000
10125,0.000000
10126,0.000000
10127,0.995163
10128,0.000000
10129,0.998484
1013,0.000000
10130,0.000000
10131,1.000000
10132,0.000000
10133,0.000000
10134,0.968848
10135,1.000000
10136,0.999998
10137,0.000000
10138,1.000000
10139,1.000000
1014,1.000000
10140,0.996176
10141,1.000000
10142,1.000000
10143,1.000000
10144,1.000000
10145,0.000000
10146,1.000000
10147,1.000000
10148,0.957493
10149,0.000000
1015,0.000000
10150,0.000452
10151,0.000000
10152,0.000000
10153,0.996113
10154,0.000000
10155,0.999999
10156,0.000000
10157,0.000026
10158,0.000000
10159,1.000000
1016,0.000001
10160,0.000000
10161,0.000000
10162,1.000000
10163,1.000000
10164,0.997048
10165,0.647086
10166,1.000000
10167,0.998347
10168,0.995180
10169,0.998393
1017,0.000000
10170,0.000000
10171,0.000000
10172,0.997212
10173,0.000000
10174,0.000000
10175,0.000000
10176,1.000000
10177,1.000000
10178,0.008566
10179,1.000000
1018,0.991695
10180,0.000000
10181,0.999983
10182,0.000000
10183,0.000040
10184,0.000000
10185,0.999895
10186,0.963897
10187,1.000000
10188,0.000005
10189,1.000000
1019,1.000000
10190,1.000000
10191,0.000000
10192,0.677158
10193,0.000000
10194,0.000000
10195,1.000000
10196,0.989157
10197,1.000000
10198,0.000000
10199,0.000000
102,1.000000
1020,0.000000
10200,0.000000
10201,0.000000
10202,1.000000
10203,1.000000
10204,0.000000
10205,0.000000
10206,0.000000
10207,1.000000
10208,1.000000
10209,1.000000
1021,0.000170
10210,0.000000
10211,0.000000
10212,0.000000
10213,0.998222
10214,1.000000
10215,0.000000
10216,0.994583
10217,0.740343
10218,0.000000
10219,0.033745
1022,0.000000
10220,1.000000
10221,1.000000
10222,0.916616
10223,0.000000
10224,0.000000
10225,0.002884
10226,0.000000
10227,0.000000
10228,0.000000
10229,0.000000
1023,0.000000
10230,0.242130
10231,1.000000
10232,1.000000
10233,0.999811
10234,0.000000
10235,0.000000
10236,0.000000
10237,0.000000
10238,1.000000
10239,0.000000
1024,0.000000
10240,0.000000
10241,0.984509
10242,1.000000
10243,1.000000
10244,1.000000
10245,1.000000
10246,0.999172
10247,1.000000
10248,0.000005
10249,0.999978
1025,0.000000
10250,0.000000
10251,1.000000
10252,0.000000
10253,1.000000
10254,1.000000
10255,0.999993
10256,1.000000
10257,0.000000
10258,1.000000
10259,0.999871
1026,0.000026
10260,0.000000
10261,1.000000
10262,0.999756
10263,0.995187
10264,0.000000
10265,0.000000
10266,0.000000
10267,0.000000
10268,1.000000
10269,0.936438
1027,0.000000
10270,0.000000
10271,1.000000
10272,0.000000
10273,0.000000
10274,0.000000
10275,0.999999
10276,0.000000
10277,0.000141
10278,0.029469
10279,0.999998
1028,0.000000
10280,1.000000
10281,1.000000
10282,0.992523
10283,0.999997
10284,1.000000
10285,0.999997
10286,0.000000
10287,0.000341
10288,0.000000
10289,0.000000
1029,0.000000
10290,1.000000
10291,1.000000
10292,0.000000
10293,1.000000
10294,0.000000
10295,0.000000
10296,0.000000
10297,1.000000
10298,1.000000
10299,0.000853
103,0.000000
1030,0.000000
10300,1.000000
10301,0.000000
10302,0.999999
10303,0.000000
10304,0.997146
10305,1.000000
10306,1.000000
10307,0.014979
10308,0.000000
10309,0.000000
1031,0.000000
10310,0.347445
10311,0.000000
10312,0.000000
10313,0.986677
10314,0.000000
10315,1.000000
10316,0.999088
10317,1.000000
10318,0.000000
10319,0.996368
1032,1.000000
10320,1.000000
10321,0.999981
10322,1.000000
10323,0.930826
10324,0.999953
10325,0.000000
10326,1.000000
10327,0.931664
10328,0.000000
10329,0.999878
1033,0.687878
10330,0.000000
10331,0.000000
10332,0.999665
10333,0.000000
10334,0.000000
10335,1.000000
10336,0.000000
10337,0.000000
10338,0.000003
10339,1.000000
1034,0.930275
10340,0.000000
10341,0.000000
10342,0.999992
10343,0.000000
10344,0.999998
10345,0.999859
10346,0.000000
10347,0.000000
10348,0.923710
10349,0.990552
1035,0.000000
10350,0.998083
10351,0.000000
10352,1.000000
10353,0.000000
10354,0.999333
10355,1.000000
10356,0.000000
10357,1.000000
10358,0.000000
10359,1.000000
1036,1.000000
10360,0.000000
10361,0.000000
10362,0.000000
10363,0.000000
10364,1.000000
10365,0.000000
10366,1.000000
10367,0.001067
10368,1.000000
10369,0.000001
1037,0.999917
10370,0.999639
10371,0.000000
10372,0.926891
10373,0.000000
10374,0.999987
10375,0.000000
10376,0.000000
10377,0.000000
10378,0.000000
10379,1.000000
1038,0.998329
10380,0.999964
10381,0.000000
10382,0.000000
10383,0.000000
10384,0.999035
10385,1.000000
10386,0.000000
10387,0.999996
10388,0.000000
10389,0.000000
1039,0.000000
10390,1.000000
10391,0.005217
10392,0.000000
10393,0.000000
10394,0.000000
10395,1.000000
10396,1.000000
10397,0.000000
10398,0.000000
10399,1.000000
104,0.000000
1040,1.000000
10400,1.000000
10401,0.002588
10402,0.000000
10403,1.000000
10404,0.000000
10405,0.000000
10406,0.999996
10407,0.000000
10408,0.000000
10409,1.000000
1041,0.000000
10410,0.000000
10411,0.000131
10412,0.000000
10413,0.000000
10414,0.999700
10415,0.996650
10416,0.000000
10417,0.000000
10418,0.000000
10419,1.000000
1042,0.999902
10420,1.000000
10421,0.998660
10422,0.981778
10423,0.000000
10424,0.000000
10425,0.999998
10426,0.000000
10427,1.000000
10428,0.892309
10429,1.000000
1043,0.000000
10430,0.000000
10431,0.000000
10432,0.972154
10433,0.998613
10434,1.000000
10435,0.000000
10436,0.996891
10437,0.000000
10438,0.999999
10439,0.000000
1044,0.999996
10440,0.000000
10441,0.000000
10442,1.000000
10443,1.000000
10444,0.989140
10445,1.000000
10446,1.000000
10447,1.000000
10448,1.000000
10449,1.000000
1045,0.000000
10450,0.000000
10451,0.000000
10452,0.000000
10453,0.999997
10454,0.000000
10455,0.000000
10456,0.309039
10457,0.000000
10458,1.000000
10459,0.000000
1046,0.000000
10460,0.000000
10461,0.000000
10462,0.999954
10463,0.000000
10464,1.000000
10465,1.000000
10466,0.999582
10467,0.000000
10468,0.000000
10469,0.000006
1047,0.000000
10470,0.000000
10471,0.000000
10472,0.000000
10473,1.000000
10474,0.000401
10475,0.000000
10476,1.000000
10477,0.000000
10478,1.000000
10479,0.997389
1048,1.000000
10480,0.000001
10481,0.000000
10482,0.000000
10483,0.000000
10484,0.853593
10485,0.982937
10486,0.000001
10487,0.997925
10488,0.999659
10489,0.000000
1049,0.000000
10490,1.000000
10491,0.000000
10492,1.000000
10493,0.000000
10494,1.000000
10495,0.000000
10496,1.000000
10497,1.000000
10498,0.000000
10499,0.991502
105,0.999981
1050,0.000000
10500,1.000000
10501,0.996873
10502,1.000000
10503,0.000040
10504,0.999456
10505,0.997959
10506,0.000000
10507,0.000111
10508,0.000000
10509,0.999392
1051,0.000000
10510,0.000000
10511,0.000000
10512,0.000000
10513,0.000000
10514,0.993170
10515,0.000000
10516,1.000000
10517,1.000000
10518,1.000000
10519,0.000000
1052,1.000000
10520,1.000000
10521,0.000000
10522,0.329509
10523,1.000000
10524,1.000000
10525,0.995499
10526,0.192900
10527,0.000000
10528,0.000000
10529,0.000000
1053,1.000000
10530,0.000000
10531,0.995728
10532,0.000000
10533,0.000000
10534,1.000000
10535,0.000000
10536,0.000000
10537,0.997423
10538,0.000000
10539,0.000000
1054,0.999444
10540,1.000000
10541,0.999995
10542,0.999797
10543,0.000000
10544,0.000000
10545,0.000000
10546,0.000000
10547,0.926327
10548,1.000000
10549,0.000000
1055,0.289293
10550,1.000000
10551,0.982813
10552,0.000000
10553,0.000000
10554,0.973225
10555,0.000000
10556,0.948548
10557,0.000005
10558,1.000000
10559,1.000000
1056,0.946416
10560,0.000000
10561,1.000000
10562,0.999947
10563,1.000000
10564,1.000000
10565,1.000000
10566,1.000000
10567,1.000000
10568,0.999891
10569,0.999852
1057,0.999915
10570,0.999312
10571,0.999983
10572,0.000000
10573,0.000000
10574,1.000000
10575,0.000000
10576,0.000000
10577,0.000000
10578,1.000000
10579,0.999960
1058,0.996901
10580,1.000000
10581,0.843184
10582,0.000000
10583,0.989714
10584,0.999994
10585,0.000000
10586,0.000000
10587,0.999628
10588,1.000000
10589,0.000000
1059,1.000000
10590,0.000000
10591,0.988741
10592,0.000000
10593,1.000000
10594,1.000000
10595,0.997726
10596,0.000000
10597,0.000000
10598,1.000000
10599,1.000000
106,1.000000
1060,0.000000
10600,1.000000
10601,0.469625
10602,0.845131
10603,0.000000
10604,0.000000
10605,0.023631
10606,1.000000
10607,0.000000
10608,1.000000
10609,1.000000
1061,0.000000
10610,1.000000
10611,0.000000
10612,0.998417
10613,0.000000
10614,0.000000
10615,0.000000
10616,1.000000
10617,0.000000
10618,0.000000
10619,0.000000
1062,0.000000
10620,0.984476
10621,0.000000
10622,0.802873
10623,0.000000
10624,0.000000
10625,0.987891
10626,0.000000
10627,0.000000
10628,0.000000
10629,0.853158
1063,0.000000
10630,0.000000
10631,0.000000
10632,0.999979
10633,1.000000
10634,0.000000
10635,0.000000
10636,1.000000
10637,0.000000
10638,0.000000
10639,0.950057
1064,0.000000
10640,1.000000
10641,0.999987
10642,0.999986
10643,0.000000
10644,0.999896
10645,1.000000
10646,0.929467
10647,0.000000
10648,0.999088
10649,0.000000
1065,0.000000
10650,0.000000
10651,0.983848
10652,0.000000
10653,0.000000
10654,0.000000
10655,0.000000
10656,1.000000
10657,0.000000
10658,0.999996
10659,1.000000
1066,1.000000
10660,0.000000
10661,0.999401
10662,0.963322
10663,1.000000
10664,0.000000
10665,0.000000
10666,0.953501
10667,1.000000
10668,0.000000
10669,0.000000
1067,1.000000
10670,0.000000
10671,0.000000
10672,0.000000
10673,0.966914
10674,0.000000
10675,0.000000
10676,0.000000
10677,0.000000
10678,0.000000
10679,0.000000
1068,1.000000
10680,0.592142
10681,0.000000
10682,0.000000
10683,1.000000
10684,1.000000
10685,0.000000
10686,0.000000
10687,0.000000
10688,1.000000
10689,1.000000
1069,0.000000
10690,0.000000
10691,0.000000
10692,0.999993
10693,0.000000
10694,0.000000
10695,1.000000
10696,1.000000
10697,1.000000
10698,0.000000
10699,0.962332
107,0.000000
1070,0.999931
10700,0.000000
10701,0.962130
10702,1.000000
10703,0.000000
10704,0.000000
10705,0.957712
10706,0.999977
10707,1.000000
10708,0.000000
10709,1.000000
1071,0.000000
10710,0.896767
10711,0.000000
10712,1.000000
10713,0.000000
10714,0.999291
10715,1.000000
10716,0.000000
10717,0.999997
10718,0.000000
10719,0.999981
1072,0.997661
10720,1.000000
10721,0.000000
10722,0.000000
10723,0.906335
10724,1.000000
10725,1.000000
10726,0.000000
10727,0.000000
10728,0.000001
10729,0.000000
1073,0.000000
10730,0.956646
10731,0.971046
10732,0.000000
10733,0.994801
10734,0.000000
10735,0.000000
10736,0.998496
10737,0.000000
10738,0.989428
10739,1.000000
1074,1.000000
10740,0.000000
10741,0.000000
10742,0.999273
10743,0.998155
10744,1.000000
10745,0.000014
10746,0.000000
10747,0.000103
10748,0.000000
10749,0.000000
1075,0.999998
10750,0.958839
10751,0.000000
10752,0.013899
10753,0.972943
10754,0.000000
10755,1.000000
10756,1.000000
10757,0.000000
10758,0.999998
10759,0.000000
1076,0.000000
10760,0.000000
10761,0.000070
10762,0.000000
10763,0.000000
10764,0.000000
10765,1.000000
10766,1.000000
10767,1.000000
10768,1.000000
10769,0.999869
1077,0.008719
10770,0.999909
10771,0.991333
10772,0.960367
10773,1.000000
10774,0.000000
10775,0.000000
10776,0.000000
10777,1.000000
10778,0.000000
10779,0.000000
1078,0.000000
10780,0.000000
10781,0.000000
10782,1.000000
10783,0.000000
10784,0.000000
10785,1.000000
10786,0.000000
10787,0.986454
10788,1.000000
10789,0.000000
1079,0.999584
10790,0.507679
10791,0.000000
10792,0.000000
10793,0.000000
10794,0.944185
10795,0.900403
10796,0.000000
10797,0.000000
10798,0.992342
10799,0.000000
108,0.000000
1080,1.000000
10800,0.285637
10801,0.999437
10802,0.000000
10803,0.000000
10804,1.000000
10805,0.000000
10806,1.000000
10807,0.000000
10808,1.000000
10809,0.000000
1081,0.982161
10810,0.000000
10811,1.000000
10812,0.000000
10813,0.000000
10814,0.000000
10815,0.944783
10816,0.000000
10817,0.000000
10818,0.000000
10819,0.000000
1082,0.999998
10820,0.994486
10821,0.999093
10822,0.000000
10823,0.000000
10824,0.000000
10825,1.000000
10826,0.999612
10827,0.000000
10828,0.000089
10829,0.999961
1083,1.000000
10830,0.000000
10831,0.997290
10832,1.000000
10833,0.000000
10834,0.004668
10835,0.000000
10836,0.118747
10837,0.009629
10838,0.999999
10839,0.000000
1084,0.000000
10840,0.000000
10841,0.000000
10842,0.000000
10843,0.000000
10844,1.000000
10845,1.000000
10846,0.000000
10847,1.000000
10848,1.000000
10849,0.000000
1085,0.116568
10850,0.000000
10851,1.000000
10852,0.974275
10853,1.000000
10854,0.999986
10855,1.000000
10856,0.000000
10857,1.000000
10858,1.000000
10859,1.000000
1086,1.000000
10860,0.000000
10861,0.999205
10862,0.000000
10863,0.998667
10864,0.953801
10865,0.000000
10866,1.000000
10867,0.000000
10868,0.000007
10869,0.971736
1087,0.993948
10870,0.002972
10871,0.000000
10872,0.999857
10873,0.000000
10874,0.000000
10875,1.000000
10876,1.000000
10877,0.000000
10878,0.000000
10879,1.000000
1088,0.000000
10880,0.000000
10881,1.000000
10882,0.940806
10883,1.000000
10884,0.000000
10885,0.000000
10886,0.000000
10887,0.000000
10888,1.000000
10889,0.000044
1089,1.000000
10890,0.000000
10891,0.000000
10892,1.000000
10893,0.000000
10894,0.000000
10895,1.000000
10896,1.000000
10897,0.999874
10898,1.000000
10899,1.000000
109,0.000112
1090,0.000000
10900,0.982394
10901,0.000000
10902,1.000000
10903,0.999986
10904,0.999999
10905,1.000000
10906,0.000000
10907,0.999853
10908,0.000000
10909,1.000000
1091,1.000000
10910,0.000000
10911,0.999976
10912,1.000000
10913,0.000004
10914,1.000000
10915,0.000000
10916,1.000000
10917,0.000000
10918,0.000000
10919,0.999914
1092,0.000000
10920,1.000000
10921,0.000000
10922,0.000000
10923,0.000000
10924,1.000000
10925,1.000000
10926,0.998084
10927,0.000000
10928,0.000000
10929,0.879367
1093,0.997283
10930,0.999846
10931,0.000000
10932,0.999735
10933,0.000000
10934,0.000000
10935,0.999393
10936,1.000000
10937,1.000000
10938,0.000000
10939,0.000000
1094,0.988165
10940,1.000000
10941,0.000000
10942,0.000000
10943,0.000000
10944,0.000000
10945,0.000000
10946,1.000000
10947,0.000000
10948,0.990575
10949,0.000000
1095,0.998690
10950,0.000000
10951,1.000000
10952,0.654330
10953,0.000000
10954,1.000000
10955,0.000000
10956,0.000000
10957,0.998412
10958,0.000000
10959,0.978089
1096,0.883796
10960,0.000003
10961,1.000000
10962,0.980289
10963,1.000000
10964,0.000000
10965,0.000000
10966,0.999151
10967,0.000000
10968,0.999956
10969,0.000000
1097,0.000000
10970,0.000000
10971,0.000000
10972,0.000000
10973,1.000000
10974,0.999910
10975,0.000000
10976,0.999977
10977,0.000000
10978,0.000000
10979,0.999996
1098,0.000000
10980,0.000000
10981,0.985746
10982,0.932777
10983,1.000000
10984,1.000000
10985,1.000000
10986,0.000000
10987,0.000000
10988,0.000000
10989,0.000000
1099,0.000000
10990,0.996493
10991,0.000000
10992,0.000000
10993,1.000000
10994,0.992219
10995,0.000000
10996,1.000000
10997,0.000000
10998,1.000000
10999,0.000000
11,0.000000
110,0.999999
1100,1.000000
11000,0.000000
11001,0.999948
11002,1.000000
11003,0.000000
11004,0.000000
11005,0.999999
11006,1.000000
11007,1.000000
11008,0.000000
11009,0.000446
1101,0.941403
11010,0.995844
11011,0.797882
11012,1.000000
11013,0.989487
11014,0.991795
11015,1.000000
11016,1.000000
11017,0.000000
11018,0.000000
11019,0.998573
1102,0.000000
11020,1.000000
11021,0.999934
11022,0.000000
11023,1.000000
11024,0.999009
11025,0.000000
11026,0.000000
11027,1.000000
11028,0.000047
11029,0.183003
1103,0.000000
11030,0.999995
11031,0.000000
11032,0.000000
11033,1.000000
11034,0.997344
11035,1.000000
11036,1.000000
11037,0.999997
11038,0.000000
11039,0.000000
1104,0.000000
11040,0.000003
11041,1.000000
11042,0.000000
11043,0.999982
11044,1.000000
11045,0.000000
11046,1.000000
11047,0.997570
11048,0.997976
11049,0.000000
1105,0.918639
11050,1.000000
11051,0.990893
11052,0.000000
11053,0.965007
11054,1.000000
11055,0.000000
11056,0.000000
11057,1.000000
11058,0.000000
11059,0.000000
1106,1.000000
11060,0.000000
11061,0.000000
11062,1.000000
11063,0.999998
11064,0.000000
11065,1.000000
11066,0.999938
11067,0.000000
11068,0.000000
11069,0.999956
1107,0.000000
11070,1.000000
11071,1.000000
11072,0.000003
11073,0.000000
11074,0.000000
11075,0.000000
11076,0.000000
11077,0.000000
11078,0.000000
11079,0.999845
1108,0.999622
11080,1.000000
11081,1.000000
11082,0.000000
11083,1.000000
11084,0.999996
11085,0.999873
11086,0.000000
11087,0.000000
11088,0.000000
11089,1.000000
1109,0.000000
11090,0.996537
11091,0.264565
11092,1.000000
11093,1.000000
11094,0.000000
11095,0.999942
11096,0.948329
11097,0.999995
11098,0.000000
11099,0.000015
111,1.000000
1110,0.000000
11100,1.000000
11101,1.000000
11102,0.001632
11103,0.000000
11104,1.000000
11105,0.449322
11106,0.000000
11107,0.980401
11108,0.000000
11109,0.000000
1111,0.000000
11110,0.000000
11111,1.000000
11112,0.999254
11113,0.000000
11114,1.000000
11115,0.000000
11116,0.987091
11117,1.000000
11118,0.000000
11119,0.000000
1112,0.000000
11120,0.000280
11121,0.715141
11122,0.000000
11123,1.000000
11124,0.000000
11125,0.999992
11126,0.999996
11127,0.000000
11128,1.000000
11129,0.000000
1113,0.000000
11130,0.000000
11131,0.000000
11132,0.999980
11133,0.999583
11134,0.667174
11135,0.000000
11136,0.000000
11137,0.000000
11138,0.999995
11139,1.000000
1114,0.985702
11140,1.000000
11141,1.000000
11142,0.000000
11143,1.000000
11144,0.000000
11145,1.000000
11146,1.000000
11147,0.999988
11148,1.000000
11149,1.000000
1115,0.901593
11150,0.000000
11151,1.000000
11152,1.000000
11153,0.999697
11154,0.999982
11155,0.999512
11156,0.000000
11157,1.000000
11158,0.000000
11159,1.000000
1116,0.919532
11160,0.000000
11161,0.998507
11162,0.000000
11163,0.000000
11164,1.000000
11165,1.000000
11166,0.000000
11167,0.000000
11168,0.000000
11169,0.999905
1117,0.000000
11170,0.999958
11171,0.000000
11172,0.000000
11173,0.999999
11174,1.000000
11175,0.999995
11176,0.999978
11177,0.000000
11178,1.000000
11179,0.000000
1118,0.000000
11180,0.999999
11181,0.967664
11182,0.993656
11183,0.000000
11184,0.000000
11185,0.000000
11186,0.000000
11187,0.000000
11188,0.967204
11189,0.999993
1119,0.000000
11190,0.000000
11191,0.999847
11192,0.000001
11193,0.988520
11194,0.993745
11195,0.888680
11196,0.000000
11197,0.000000
11198,0.000000
11199,0.000000
112,1.000000
1120,0.000000
11200,0.000000
11201,1.000000
11202,1.000000
11203,0.000000
11204,0.999361
11205,0.997448
11206,0.000000
11207,0.000000
11208,0.999982
11209,0.000000
1121,1.000000
11210,1.000000
11211,0.783256
11212,1.000000
11213,1.000000
11214,0.000000
11215,0.000000
11216,0.000000
11217,0.988097
11218,0.999637
11219,0.000000
1122,1.000000
11220,0.000000
11221,0.000000
11222,1.000000
11223,0.005043
11224,0.998904
11225,0.000000
11226,0.000000
11227,0.999323
11228,0.000002
11229,0.994807
1123,0.000000
11230,0.982270
11231,0.447707
11232,0.999999
11233,0.000000
11234,0.000000
11235,0.957432
11236,0.000000
11237,0.998943
11238,1.000000
11239,0.750351
1124,0.000000
11240,0.000000
11241,0.999890
11242,1.000000
11243,0.000000
11244,1.000000
11245,0.000000
11246,0.121798
11247,1.000000
11248,1.000000
11249,1.000000
1125,0.000000
11250,0.999353
11251,1.000000
11252,0.000000
11253,0.999243
11254,1.000000
11255,0.998813
11256,0.000000
11257,0.000000
11258,1.000000
11259,0.000000
1126,0.000000
11260,0.000000
11261,1.000000
11262,0.999995
11263,0.000000
11264,0.000000
11265,0.999999
11266,0.000000
11267,0.000001
11268,0.958467
11269,1.000000
1127,0.000000
11270,0.000000
11271,0.000000
11272,1.000000
11273,0.999996
11274,1.000000
11275,0.000000
11276,0.000000
11277,1.000000
11278,0.999998
11279,1.000000
1128,0.000001
11280,0.986809
11281,0.999997
11282,0.999991
11283,0.999651
11284,1.000000
11285,0.000000
11286,1.000000
11287,0.000000
11288,0.000000
11289,0.000000
1129,0.000000
11290,0.996119
11291,0.000000
11292,1.000000
11293,1.000000
11294,0.937115
11295,0.000000
11296,0.998023
11297,1.000000
11298,0.000000
11299,0.000000
113,0.980422
1130,1.000000
11300,1.000000
11301,0.000000
11302,0.999887
11303,0.994944
11304,0.999997
11305,0.999961
11306,0.999806
11307,0.999999
11308,0.999958
11309,0.999709
1131,1.000000
11310,1.000000
11311,1.000000
11312,1.000000
11313,0.000000
11314,1.000000
11315,0.000000
11316,0.998846
11317,0.000000
11318,0.000000
11319,1.000000
1132,0.000000
11320,0.999982
11321,0.999920
11322,0.996106
11323,0.000000
11324,0.000000
11325,0.000000
11326,0.999999
11327,1.000000
11328,0.000000
11329,0.999461
1133,0.000000
11330,0.000000
11331,1.000000
11332,1.000000
11333,0.900171
11334,0.991307
11335,1.000000
11336,0.000000
11337,0.283905
11338,0.000000
11339,0.987356
1134,0.000000
11340,1.000000
11341,1.000000
11342,0.000000
11343,1.000000
11344,1.000000
11345,0.000000
11346,1.000000
11347,1.000000
11348,0.999176
11349,0.972454
1135,0.000000
11350,0.000000
11351,0.000000
11352,1.000000
11353,0.000000
11354,0.000000
11355,0.000000
11356,1.000000
11357,0.999990
11358,0.999827
11359,0.000000
1136,1.000000
11360,1.000000
11361,0.000000
11362,0.000000
11363,1.000000
11364,0.000000
11365,0.000000
11366,1.000000
11367,0.000000
11368,0.000000
11369,0.000000
1137,0.000000
11370,0.936999
11371,0.999849
11372,0.000000
11373,0.000000
11374,0.000000
11375,0.000000
11376,0.000000
11377,0.000000
11378,1.000000
11379,1.000000
1138,0.000000
11380,0.988298
11381,0.000000
11382,0.999999
11383,1.000000
11384,0.000000
11385,1.000000
11386,0.999986
11387,1.000000
11388,0.000000
11389,0.000000
1139,0.000000
11390,0.000000
11391,1.000000
11392,0.000000
11393,0.000000
11394,1.000000
11395,0.999885
11396,0.000000
11397,0.000000
11398,0.999970
11399,1.000000
114,0.000000
1140,0.000000
11400,1.000000
11401,0.000000
11402,1.000000
11403,0.000000
11404,0.000000
11405,0.000000
11406,1.000000
11407,0.000000
11408,1.000000
11409,0.000000
1141,0.000000
11410,0.000000
11411,1.000000
11412,1.000000
11413,0.000000
11414,0.000028
11415,0.000000
11416,1.000000
11417,0.964952
11418,0.013836
11419,1.000000
1142,0.000000
11420,0.999961
11421,0.000000
11422,1.000000
11423,0.999889
11424,0.000000
11425,0.990684
11426,0.999765
11427,1.000000
11428,1.000000
11429,0.999807
1143,0.000000
11430,1.000000
11431,0.000000
11432,0.000000
11433,0.000000
11434,0.000000
11435,0.999281
11436,0.751892
11437,0.995518
11438,0.999983
11439,0.999986
1144,1.000000
11440,0.000000
11441,0.998270
11442,1.000000
11443,1.000000
11444,0.000000
11445,0.926044
11446,0.000000
11447,0.000000
11448,0.997455
11449,0.995529
1145,1.000000
11450,0.000000
11451,0.851793
11452,0.577787
11453,0.977264
11454,0.999559
11455,0.000000
11456,0.000000
11457,0.000000
11458,0.984557
11459,0.999993
1146,0.999433
11460,0.000000
11461,1.000000
11462,0.000000
11463,0.000000
11464,0.997995
11465,0.000000
11466,0.000000
11467,0.000000
11468,1.000000
11469,1.000000
1147,1.000000
11470,1.000000
11471,0.001922
11472,1.000000
11473,1.000000
11474,0.000000
11475,0.000000
11476,0.089352
11477,0.000000
11478,1.000000
11479,0.000000
1148,0.000000
11480,0.000000
11481,0.000000
11482,0.999974
11483,1.000000
11484,0.000000
11485,0.000000
11486,1.000000
11487,0.999998
11488,1.000000
11489,0.000000
1149,0.119866
11490,0.684161
11491,0.000000
11492,0.000000
11493,0.000000
11494,0.999323
11495,0.000000
11496,0.999998
11497,1.000000
11498,0.000000
11499,0.000000
115,0.000000
1150,0.000000
11500,0.000000
11501,0.000000
11502,0.996963
11503,1.000000
11504,0.000000
11505,0.000000
11506,1.000000
11507,0.999636
11508,0.000000
11509,0.000000
1151,1.000000
11510,0.999982
11511,0.000000
11512,0.999979
11513,0.999974
11514,0.946297
11515,1.000000
11516,1.000000
11517,0.000000
11518,0.000000
11519,0.986672
1152,0.000000
11520,1.000000
11521,0.996616
11522,0.996986
11523,0.000000
11524,0.000000
11525,0.000000
11526,1.000000
11527,1.000000
11528,0.000000
11529,0.000000
1153,0.000000
11530,1.000000
11531,0.000000
11532,0.458527
11533,1.000000
11534,0.000000
11535,1.000000
11536,1.000000
11537,0.000000
11538,0.000000
11539,1.000000
1154,1.000000
11540,0.000000
11541,0.999999
11542,0.999732
11543,0.000000
11544,0.000000
11545,0.000000
11546,0.000000
11547,0.000000
11548,1.000000
11549,0.000000
1155,0.992091
11550,1.000000
11551,0.000000
11552,1.000000
11553,0.994644
11554,0.973855
11555,1.000000
11556,0.000000
11557,0.000000
11558,0.928393
11559,0.000000
1156,0.000000
11560,0.000000
11561,0.999616
11562,1.000000
11563,0.000000
11564,0.000000
11565,0.000000
11566,0.000000
11567,1.000000
11568,0.000180
11569,0.997404
1157,0.999989
11570,0.000000
11571,1.000000
11572,0.000000
11573,0.000000
11574,0.000000
11575,0.973483
11576,1.000000
11577,0.000000
11578,0.000000
11579,0.999599
1158,1.000000
11580,0.999610
11581,0.000008
11582,0.000000
11583,0.000000
11584,0.989402
11585,1.000000
11586,0.999878
11587,0.000000
11588,0.000000
11589,0.037729
1159,0.000000
11590,0.000000
11591,0.000000
11592,0.000000
11593,0.999970
11594,0.000011
11595,0.000000
11596,0.000000
11597,0.000000
11598,1.000000
11599,0.000000
116,0.000000
1160,0.000000
11600,0.309935
11601,1.000000
11602,0.562406
11603,0.998221
11604,0.999994
11605,0.997046
11606,0.000000
11607,0.000000
11608,0.000000
11609,0.000000
1161,0.000000
11610,0.000000
11611,0.000000
11612,0.000000
11613,1.000000
11614,0.000000
11615,0.000000
11616,0.000000
11617,0.986429
11618,0.000000
11619,0.000000
1162,0.000000
11620,0.000000
11621,0.000000
11622,0.000000
11623,0.999374
11624,0.000000
11625,1.000000
11626,1.000000
11627,0.999724
11628,0.988988
11629,0.998069
1163,0.000000
11630,0.999996
11631,0.000001
11632,0.000000
11633,0.000000
11634,0.000000
11635,0.857142
11636,0.000000
11637,0.000005
11638,0.000000
11639,0.000000
1164,0.000000
11640,1.000000
11641,0.000000
11642,1.000000
11643,0.993253
11644,0.000000
11645,0.999843
11646,0.861408
11647,1.000000
11648,0.999929
11649,0.999999
1165,0.931550
11650,1.000000
11651,0.999990
11652,0.000000
11653,0.000000
11654,1.000000
11655,1.000000
11656,1.000000
11657,0.000000
11658,0.000000
11659,0.000000
1166,1.000000
11660,1.000000
11661,0.000000
11662,0.000012
11663,1.000000
11664,0.000000
11665,0.999900
11666,0.000000
11667,0.000000
11668,0.000000
11669,1.000000
1167,0.998284
11670,0.999986
11671,1.000000
11672,0.000468
11673,0.951803
11674,0.021356
11675,0.000000
11676,0.000000
11677,1.000000
11678,0.000000
11679,0.000000
1168,0.000273
11680,0.000000
11681,1.000000
11682,0.000000
11683,0.999867
11684,0.000000
11685,0.000000
11686,0.519481
11687,0.000000
11688,0.995708
11689,0.000000
1169,0.961855
11690,0.999996
11691,0.000000
11692,0.000001
11693,0.000000
11694,0.999999
11695,0.000000
11696,1.000000
11697,1.000000
11698,0.000000
11699,0.999959
117,0.000000
1170,0.999610
11700,0.000000
11701,0.000003
11702,0.000000
11703,0.000000
11704,0.000000
11705,1.000000
11706,1.000000
11707,0.999240
11708,0.000000
11709,1.000000
1171,0.000000
11710,0.000000
11711,0.923125
11712,0.000000
11713,0.838939
11714,0.000000
11715,1.000000
11716,1.000000
11717,0.855652
11718,1.000000
11719,0.000000
1172,1.000000
11720,1.000000
11721,0.000000
11722,0.000000
11723,1.000000
11724,0.000000
11725,0.999998
11726,0.000005
11727,0.000000
11728,0.000000
11729,1.000000
1173,0.990281
11730,0.000000
11731,0.999997
11732,0.999998
11733,1.000000
11734,0.000000
11735,0.996891
11736,0.000000
11737,0.000000
11738,0.000000
11739,0.000003
1174,1.000000
11740,1.000000
11741,0.000000
11742,0.000000
11743,0.000000
11744,0.000000
11745,0.000000
11746,0.105245
11747,0.000000
11748,0.000000
11749,1.000000
1175,0.995212
11750,0.000000
11751,0.000000
11752,1.000000
11753,1.000000
11754,0.000000
11755,0.000000
11756,0.999653
11757,0.999997
11758,1.000000
11759,1.000000
1176,0.000000
11760,0.999998
11761,0.999990
11762,1.000000
11763,0.999960
11764,1.000000
11765,1.000000
11766,0.993403
11767,1.000000
11768,0.000000
11769,0.000000
1177,0.000000
11770,1.000000
11771,0.000000
11772,0.002192
11773,0.998623
11774,0.861252
11775,1.000000
11776,0.997971
11777,0.000000
11778,1.000000
11779,0.000000
1178,0.000000
11780,1.000000
11781,1.000000
11782,0.997228
11783,0.000000
11784,0.000002
11785,1.000000
11786,0.000000
11787,0.279301
11788,0.000000
11789,1.000000
1179,1.000000
11790,0.629851
11791,1.000000
11792,0.998878
11793,0.000000
11794,0.000000
11795,0.998455
11796,0.000000
11797,0.000000
11798,0.000000
11799,0.976413
118,0.999981
1180,1.000000
11800,0.000004
11801,1.000000
11802,0.999986
11803,0.000000
11804,0.992993
11805,0.999999
11806,1.000000
11807,0.000000
11808,0.000057
11809,1.000000
1181,0.000000
11810,0.999971
11811,0.000000
11812,0.986076
11813,0.000000
11814,1.000000
11815,0.999918
11816,0.999998
11817,0.000000
11818,0.000073
11819,0.000000
1182,1.000000
11820,0.000000
11821,1.000000
11822,1.000000
11823,1.000000
11824,0.000000
11825,0.875427
11826,0.000000
11827,1.000000
11828,1.000000
11829,0.999997
1183,0.999791
11830,0.000000
11831,0.999886
11832,1.000000
11833,1.000000
11834,0.000000
11835,1.000000
11836,1.000000
11837,0.000000
11838,1.000000
11839,1.000000
1184,1.000000
11840,1.000000
11841,1.000000
11842,0.000000
11843,0.999998
11844,0.999740
11845,0.000000
11846,1.000000
11847,0.000000
11848,0.000000
11849,0.999960
1185,0.000000
11850,1.000000
11851,0.039409
11852,0.999971
11853,0.000000
11854,0.000000
11855,0.999998
11856,0.000000
11857,0.000000
11858,0.000000
11859,0.000000
1186,1.000000
11860,0.000000
11861,0.999986
11862,1.000000
11863,0.999958
11864,0.000000
11865,0.000000
11866,0.991863
11867,0.999988
11868,0.000000
11869,1.000000
1187,0.000000
11870,0.996689
11871,0.990884
11872,0.000000
11873,0.049739
11874,1.000000
11875,0.346246
11876,0.000000
11877,0.999965
11878,1.000000
11879,0.995693
1188,0.999909
11880,0.000000
11881,0.029613
11882,0.999181
11883,0.997528
11884,0.000000
11885,0.000000
11886,0.852806
11887,0.000000
11888,0.000000
11889,0.000058
1189,0.301234
11890,0.000000
11891,0.000000
11892,0.998869
11893,0.000000
11894,0.990355
11895,0.969277
11896,0.000000
11897,0.999498
11898,0.000000
11899,0.000000
119,1.000000
1190,0.269520
11900,0.000000
11901,0.987165
11902,1.000000
11903,0.000000
11904,1.000000
11905,0.000000
11906,1.000000
11907,0.989248
11908,0.000000
11909,0.000000
1191,1.000000
11910,0.999998
11911,0.000000
11912,0.929029
11913,0.000000
11914,0.000005
11915,1.000000
11916,0.000000
11917,0.980349
11918,1.000000
11919,0.000000
1192,0.000000
11920,1.000000
11921,1.000000
11922,1.000000
11923,1.000000
11924,0.000000
11925,0.446083
11926,1.000000
11927,0.998820
11928,0.999761
11929,0.999535
1193,0.000000
11930,0.582480
11931,0.000000
11932,1.000000
11933,0.000000
11934,0.991740
11935,0.996540
11936,0.000000
11937,0.000000
11938,1.000000
11939,0.000000
1194,0.000000
11940,0.999976
11941,1.000000
11942,0.000000
11943,0.000000
11944,0.999991
11945,0.000000
11946,0.998743
11947,0.000000
11948,0.000000
11949,0.000000
1195,1.000000
11950,0.000000
11951,0.999992
11952,1.000000
11953,1.000000
11954,1.000000
11955,1.000000
11956,0.949698
11957,0.999959
11958,0.064210
11959,0.000000
1196,0.000000
11960,1.000000
11961,0.999777
11962,0.000000
11963,1.000000
11964,0.999975
11965,0.147180
11966,0.000000
11967,0.986306
11968,0.000000
11969,0.999998
1197,1.000000
11970,0.995934
11971,0.000000
11972,0.999840
11973,0.023691
11974,0.000000
11975,0.999983
11976,0.000000
11977,0.035846
11978,0.999981
11979,1.000000
1198,0.000000
11980,1.000000
11981,0.000000
11982,0.999891
11983,0.018577
11984,1.000000
11985,0.994541
11986,1.000000
11987,0.926289
11988,0.006700
11989,0.000000
1199,0.000000
11990,1.000000
11991,0.000000
11992,0.000000
11993,0.000000
11994,0.000000
11995,0.000000
11996,0.000000
11997,1.000000
11998,1.000000
11999,1.000000
12,1.000000
120,0.000009
1200,1.000000
12000,0.000000
12001,0.987938
12002,0.000000
12003,0.000017
12004,0.000519
12005,1.000000
12006,0.999999
12007,0.000001
12008,0.000000
12009,1.000000
1201,0.999998
12010,0.999978
12011,1.000000
12012,1.000000
12013,0.999917
12014,1.000000
12015,1.000000
12016,0.000000
12017,1.000000
12018,0.000000
12019,0.000000
1202,0.000000
12020,0.000013
12021,1.000000
12022,1.000000
12023,0.960798
12024,1.000000
12025,0.000000
12026,0.849794
12027,0.000000
12028,1.000000
12029,0.000000
1203,1.000000
12030,0.000030
12031,0.000000
12032,0.000000
12033,0.999309
12034,0.000000
12035,0.992151
12036,0.000000
12037,1.000000
12038,1.000000
12039,0.999742
1204,0.000000
12040,1.000000
12041,0.999655
12042,0.000000
12043,0.000000
12044,0.000000
12045,0.000010
12046,0.999984
12047,0.000000
12048,1.000000
12049,0.000000
1205,0.948860
12050,0.000000
12051,0.999466
12052,1.000000
12053,0.661129
12054,0.996689
12055,1.000000
12056,0.976925
12057,1.000000
12058,0.000000
12059,0.000000
1206,0.000470
12060,0.999611
12061,1.000000
12062,1.000000
12063,0.000000
12064,1.000000
12065,0.000000
12066,0.000000
12067,0.000000
12068,0.000000
12069,0.000000
1207,0.998537
12070,0.000000
12071,0.000000
12072,0.000000
12073,0.931402
12074,0.999881
12075,1.000000
12076,1.000000
12077,0.000000
12078,0.000000
12079,1.000000
1208,0.000000
12080,1.000000
12081,0.000000
12082,0.999971
12083,0.000000
12084,0.000000
12085,0.000000
12086,0.990101
12087,1.000000
12088,0.626729
12089,0.000000
1209,0.000000
12090,0.999997
12091,0.000044
12092,1.000000
12093,0.000000
12094,1.000000
12095,0.553300
12096,1.000000
12097,0.000000
12098,1.000000
12099,0.956549
121,0.000000
1210,1.000000
12100,0.000081
12101,0.000000
12102,0.000000
12103,0.000000
12104,0.000000
12105,0.000000
12106,0.000000
12107,0.967629
12108,0.999987
12109,0.971529
1211,1.000000
12110,0.000000
12111,0.999961
12112,0.993308
12113,1.000000
12114,1.000000
12115,0.000000
12116,0.000000
12117,1.000000
12118,0.000000
12119,0.000000
1212,0.000000
12120,0.999990
12121,0.000000
12122,0.899573
12123,0.000000
12124,0.000000
12125,0.024888
12126,0.925085
12127,0.000000
12128,0.000000
12129,0.000000
1213,0.000000
12130,0.000000
12131,1.000000
12132,0.004857
12133,0.938180
12134,0.010484
12135,0.000000
12136,0.000000
12137,0.000000
12138,0.000000
12139,1.000000
1214,1.000000
12140,0.000000
12141,0.808591
12142,0.000000
12143,0.994107
12144,0.000000
12145,1.000000
12146,1.000000
12147,0.999603
12148,0.000000
12149,1.000000
1215,0.999324
12150,0.995779
12151,0.000000
12152,0.000000
12153,1.000000
12154,0.000000
12155,0.362692
12156,1.000000
12157,0.999909
12158,1.000000
12159,0.000000
1216,1.000000
12160,0.983808
12161,0.000000
12162,0.000000
12163,1.000000
12164,0.000000
12165,1.000000
12166,0.000001
12167,1.000000
12168,0.001774
12169,0.000000
1217,0.996963
12170,1.000000
12171,0.000000
12172,1.000000
12173,0.000000
12174,0.997649
12175,1.000000
12176,0.000000
12177,1.000000
12178,0.993874
12179,1.000000
1218,0.000000
12180,1.000000
12181,0.000000
12182,0.999796
12183,0.994863
12184,1.000000
12185,0.999997
12186,1.000000
12187,0.000000
12188,1.000000
12189,0.000010
1219,1.000000
12190,0.007913
12191,1.000000
12192,0.999982
12193,0.000000
12194,0.000000
12195,0.000000
12196,0.998824
12197,0.000000
12198,0.000000
12199,1.000000
122,0.000000
1220,0.000000
12200,1.000000
12201,0.000000
12202,0.000000
12203,0.000000
12204,0.000000
12205,0.000000
12206,1.000000
12207,0.982694
12208,1.000000
12209,0.000000
1221,0.000000
12210,0.000000
12211,0.000000
12212,0.000000
12213,0.999988
12214,0.000000
12215,0.000000
12216,0.000000
12217,0.000000
12218,0.000000
12219,1.000000
1222,0.849391
12220,0.000000
12221,0.000000
12222,1.000000
12223,0.000000
12224,0.000000
12225,0.989867
12226,1.000000
12227,0.000000
12228,0.988041
12229,0.999702
1223,0.995117
12230,0.999511
12231,0.000000
12232,1.000000
12233,0.999505
12234,0.488254
12235,1.000000
12236,0.000000
12237,0.999995
12238,1.000000
12239,0.000008
1224,1.000000
12240,0.000000
12241,0.000000
12242,0.000000
12243,0.000000
12244,0.000041
12245,0.000000
12246,1.000000
12247,0.009878
12248,1.000000
12249,1.000000
1225,0.000000
12250,0.000000
12251,0.000002
12252,0.000000
12253,0.971873
12254,1.000000
12255,0.000000
12256,1.000000
12257,0.000006
12258,0.000006
12259,0.999999
1226,0.000000
12260,0.996209
12261,0.000000
12262,0.999997
12263,1.000000
12264,1.000000
12265,0.000000
12266,0.805972
12267,0.997199
12268,0.999973
12269,1.000000
1227,0.999911
12270,0.979355
12271,0.840060
12272,0.000000
12273,0.990184
12274,0.809122
12275,1.000000
12276,0.000000
12277,0.998154
12278,1.000000
12279,0.998642
1228,0.000000
12280,0.000000
12281,1.000000
12282,1.000000
12283,0.000000
12284,1.000000
12285,0.000000
12286,0.000000
12287,1.000000
12288,0.227177
12289,1.000000
1229,0.000000
12290,1.000000
12291,0.999999
12292,0.983868
12293,1.000000
12294,1.000000
12295,0.000000
12296,0.000000
12297,0.000000
12298,0.999818
12299,0.000000
123,0.000000
1230,0.000000
12300,0.998987
12301,0.000000
12302,0.000118
12303,1.000000
12304,1.000000
12305,0.946920
12306,0.000000
12307,1.000000
12308,0.000000
12309,0.000000
1231,0.000002
12310,0.000000
12311,0.934547
12312,0.000000
12313,1.000000
12314,1.000000
12315,1.000000
12316,0.999999
12317,0.000000
12318,1.000000
12319,0.000000
1232,0.999519
12320,0.999437
12321,1.000000
12322,1.000000
12323,1.000000
12324,0.852577
12325,0.000000
12326,0.000000
12327,0.000000
12328,1.000000
12329,0.849053
1233,0.000000
12330,0.999257
12331,0.000000
12332,1.000000
12333,1.000000
12334,0.000000
12335,0.000000
12336,0.000000
12337,0.999997
12338,0.000000
12339,0.000000
1234,0.000000
12340,0.000000
12341,1.000000
12342,1.000000
12343,0.000000
12344,0.000000
12345,0.000000
12346,0.000000
12347,0.000000
12348,0.999812
12349,0.000000
1235,0.998549
12350,0.999483
12351,0.000000
12352,0.999931
12353,0.001594
12354,0.852705
12355,0.000000
12356,0.000000
12357,0.999997
12358,0.000000
12359,0.999997
1236,0.901559
12360,0.986846
12361,0.999989
12362,1.000000
12363,0.000000
12364,0.999999
12365,1.000000
12366,1.000000
12367,0.999796
12368,0.000000
12369,1.000000
1237,1.000000
12370,0.000000
12371,0.999910
12372,0.000000
12373,0.000000
12374,0.000000
12375,1.000000
12376,1.000000
12377,1.000000
12378,0.999967
12379,1.000000
1238,0.999359
12380,0.998308
12381,0.999123
12382,1.000000
12383,0.947637
12384,0.000000
12385,1.000000
12386,1.000000
12387,0.000000
12388,0.000000
12389,0.000000
1239,0.000000
12390,0.000000
12391,0.999928
12392,0.999990
12393,0.996328
12394,0.000000
12395,0.000000
12396,0.000025
12397,0.000000
12398,0.000000
12399,0.000000
124,0.000000
1240,0.000000
12400,1.000000
12401,0.746579
12402,0.084372
12403,1.000000
12404,0.000000
12405,0.000000
12406,0.000000
12407,1.000000
12408,0.000000
12409,0.937214
1241,1.000000
12410,0.000000
12411,0.999729
12412,0.999998
12413,0.000005
12414,0.773406
12415,0.000002
12416,1.000000
12417,0.000000
12418,0.000000
12419,0.000000
1242,1.000000
12420,0.000000
12421,0.999829
12422,1.000000
12423,0.000000
12424,0.000000
12425,1.000000
12426,0.000000
12427,0.999998
12428,0.000018
12429,0.993495
1243,0.000000
12430,0.996840
12431,0.693895
12432,1.000000
12433,0.991073
12434,0.988394
12435,1.000000
12436,1.000000
12437,1.000000
12438,0.997267
12439,0.956053
1244,0.000000
12440,0.995198
12441,0.000000
12442,0.000000
12443,1.000000
12444,0.999997
12445,0.000000
12446,0.000000
12447,0.291285
12448,0.978268
12449,0.000000
1245,0.999947
12450,0.000000
12451,0.000000
12452,0.889265
12453,0.549000
12454,0.000000
12455,0.000000
12456,0.999420
12457,0.000000
12458,0.000000
12459,1.000000
1246,0.000000
12460,0.995947
12461,1.000000
12462,0.000000
12463,1.000000
12464,1.000000
12465,0.000000
12466,0.724693
12467,0.428844
12468,0.000000
12469,0.000000
1247,0.000000
12470,1.000000
12471,1.000000
12472,1.000000
12473,0.000000
12474,0.000000
12475,0.000000
12476,1.000000
12477,1.000000
12478,0.792137
12479,0.000000
1248,0.995819
12480,0.000000
12481,0.193482
12482,0.000000
12483,0.000000
12484,0.999999
12485,0.000000
12486,1.000000
12487,1.000000
12488,0.999331
12489,1.000000
1249,0.000000
12490,0.748706
12491,0.999680
12492,0.997985
12493,1.000000
12494,1.000000
12495,0.000000
12496,0.000000
12497,0.000000
12498,1.000000
12499,1.000000
125,0.000000
1250,1.000000
12500,0.000000
1251,0.000000
1252,0.000000
1253,0.852074
1254,0.000000
1255,0.000000
1256,0.000000
1257,1.000000
1258,0.000000
1259,0.000000
126,0.970200
1260,0.000000
1261,1.000000
1262,0.000000
1263,0.000001
1264,0.000000
1265,0.000000
1266,0.000000
1267,0.968437
1268,0.000000
1269,0.869115
127,0.999713
1270,0.000000
1271,0.999999
1272,0.999998
1273,0.999995
1274,0.000816
1275,0.999998
1276,0.999999
1277,0.000000
1278,0.000000
1279,0.999881
128,0.000000
1280,1.000000
1281,0.000000
1282,0.000000
1283,1.000000
1284,1.000000
1285,0.000000
1286,1.000000
1287,0.000000
1288,0.000000
1289,1.000000
129,0.000000
1290,1.000000
1291,0.000000
1292,0.000378
1293,0.000000
1294,1.000000
1295,0.000000
1296,0.000000
1297,0.000000
1298,0.000576
1299,0.000000
13,0.000000
130,0.992614
1300,0.000000
1301,0.992335
1302,0.000000
1303,0.000000
1304,0.993625
1305,1.000000
1306,1.000000
1307,0.000000
1308,0.999969
1309,0.000000
131,1.000000
1310,0.000000
1311,0.000013
1312,0.997141
1313,0.000000
1314,1.000000
1315,1.000000
1316,0.000000
1317,0.992014
1318,1.000000
1319,0.921631
132,0.004935
1320,0.000000
1321,0.000000
1322,0.000000
1323,0.000000
1324,0.000000
1325,0.000000
1326,0.000000
1327,0.999977
1328,1.000000
1329,1.000000
133,0.000000
1330,0.000000
1331,0.000000
1332,1.000000
1333,1.000000
1334,0.000030
1335,0.000000
1336,0.000000
1337,0.000000
1338,0.000000
1339,0.000000
134,0.000000
1340,0.999913
1341,0.000000
1342,1.000000
1343,0.999311
1344,0.000000
1345,0.000000
1346,0.000000
1347,0.000000
1348,0.000000
1349,0.000012
135,0.000000
1350,0.999993
1351,1.000000
1352,0.000000
1353,0.999998
1354,0.000000
1355,0.000000
1356,1.000000
1357,0.000000
1358,0.999986
1359,0.000000
136,0.000000
1360,1.000000
1361,0.000000
1362,0.000000
1363,0.000000
1364,0.000000
1365,0.010712
1366,0.132513
1367,0.796722
1368,0.000003
1369,0.996939
137,1.000000
1370,0.000000
1371,0.000120
1372,1.000000
1373,1.000000
1374,0.060929
1375,0.000000
1376,1.000000
1377,1.000000
1378,0.999392
1379,0.000000
138,0.001067
1380,0.000001
1381,1.000000
1382,0.999988
1383,0.000000
1384,0.615016
1385,0.998575
1386,1.000000
1387,0.999997
1388,0.000000
1389,0.915303
139,0.000000
1390,0.000000
1391,0.000000
1392,0.000000
1393,0.999288
1394,0.000000
1395,0.999788
1396,0.000000
1397,0.000000
1398,0.000000
1399,1.000000
14,0.000000
140,0.000000
1400,1.000000
1401,1.000000
1402,1.000000
1403,0.000000
1404,0.000000
1405,0.999998
1406,0.000000
1407,0.000000
1408,0.000000
1409,0.996146
141,0.000000
1410,0.000000
1411,0.995417
1412,0.000000
1413,0.999982
1414,0.993825
1415,0.000000
1416,0.000000
1417,0.000000
1418,0.000000
1419,0.000000
142,1.000000
1420,1.000000
1421,0.290426
1422,0.000000
1423,0.000001
1424,1.000000
1425,0.000000
1426,0.000000
1427,1.000000
1428,0.453505
1429,0.979991
143,0.999998
1430,0.978830
1431,0.999972
1432,0.992907
1433,0.997665
1434,1.000000
1435,1.000000
1436,1.000000
1437,1.000000
1438,0.000000
1439,0.000000
144,0.000002
1440,0.000000
1441,0.000000
1442,0.988658
1443,0.999934
1444,0.999722
1445,1.000000
1446,0.000000
1447,0.000034
1448,0.000154
1449,1.000000
145,0.000000
1450,0.000000
1451,0.171248
1452,0.993243
1453,0.000000
1454,0.000000
1455,0.000000
1456,0.000000
1457,1.000000
1458,0.964697
1459,0.000000
146,1.000000
1460,0.991711
1461,0.000000
1462,0.000001
1463,0.000000
1464,0.000000
1465,0.000000
1466,0.000000
1467,0.000000
1468,0.999767
1469,1.000000
147,0.803222
1470,1.000000
1471,0.999994
1472,0.000000
1473,0.000000
1474,0.000000
1475,0.000000
1476,0.999994
1477,0.999709
1478,0.000000
1479,0.998312
148,0.284774
1480,0.000000
1481,1.000000
1482,0.953859
1483,1.000000
1484,0.000000
1485,0.000000
1486,0.999925
1487,0.000000
1488,0.000000
1489,0.000000
149,0.000000
1490,0.986363
1491,0.000000
1492,0.000000
1493,1.000000
1494,0.000000
1495,1.000000
1496,0.999733
1497,1.000000
1498,1.000000
1499,0.000000
15,0.000000
150,0.000000
1500,0.000000
1501,0.999998
1502,0.000000
1503,0.000000
1504,0.000001
1505,0.000000
1506,1.000000
1507,0.000000
1508,0.998879
1509,0.999990
151,0.999992
1510,0.000000
1511,0.000000
1512,1.000000
1513,0.000583
1514,0.000000
1515,0.004940
1516,0.999999
1517,0.000000
1518,0.000000
1519,0.999758
152,0.000000
1520,0.000001
1521,1.000000
1522,0.000000
1523,0.000000
1524,0.000000
1525,1.000000
1526,1.000000
1527,0.000000
1528,0.000000
1529,1.000000
153,0.000000
1530,1.000000
1531,1.000000
1532,0.000000
1533,0.000000
1534,0.000000
1535,0.000000
1536,1.000000
1537,0.999998
1538,1.000000
1539,0.000000
154,0.000000
1540,0.000000
1541,0.999406
1542,0.999991
1543,0.115674
1544,0.994561
1545,0.051845
1546,0.950469
1547,0.998920
1548,0.000000
1549,0.998429
155,0.963735
1550,0.000000
1551,0.000000
1552,0.000000
1553,1.000000
1554,0.999992
1555,0.000000
1556,0.000000
1557,1.000000
1558,0.000000
1559,0.000000
156,0.000000
1560,0.744011
1561,0.000000
1562,1.000000
1563,1.000000
1564,1.000000
1565,0.000000
1566,0.000000
1567,0.000000
1568,1.000000
1569,0.999968
157,0.000000
1570,0.000000
1571,0.992721
1572,1.000000
1573,1.000000
1574,0.999861
1575,1.000000
1576,0.999976
1577,0.859899
1578,0.000000
1579,0.000000
158,1.000000
1580,0.999899
1581,1.000000
1582,0.000000
1583,1.000000
1584,0.000000
1585,0.000000
1586,0.000000
1587,0.000000
1588,0.000000
1589,0.000000
159,1.000000
1590,0.969471
1591,1.000000
1592,0.000000
1593,0.926938
1594,0.998141
1595,0.000000
1596,1.000000
1597,0.000000
1598,0.009091
1599,0.995668
16,0.000000
160,0.999997
1600,0.998534
1601,0.000000
1602,0.999395
1603,0.000000
1604,0.000000
1605,0.839841
1606,0.000000
1607,0.000000
1608,0.000000
1609,1.000000
161,0.000000
1610,1.000000
1611,0.000000
1612,1.000000
1613,0.000000
1614,0.000000
1615,0.000000
1616,0.000000
1617,1.000000
1618,0.000000
1619,0.999852
162,0.000000
1620,1.000000
1621,0.000000
1622,0.000000
1623,0.000000
1624,0.000016
1625,0.985470
1626,0.000000
1627,0.000000
1628,1.000000
1629,1.000000
163,0.000000
1630,0.999998
1631,0.000000
1632,1.000000
1633,1.000000
1634,0.997360
1635,1.000000
1636,0.000000
1637,1.000000
1638,1.000000
1639,1.000000
164,1.000000
1640,1.000000
1641,0.000000
1642,0.999997
1643,1.000000
1644,1.000000
1645,1.000000
1646,0.000000
1647,1.000000
1648,0.000000
1649,0.000000
165,0.000000
1650,0.998961
1651,0.000000
1652,0.924534
1653,1.000000
1654,1.000000
1655,0.982741
1656,0.000000
1657,0.000000
1658,1.000000
1659,1.000000
166,0.000003
1660,0.008899
1661,0.000000
1662,0.997909
1663,0.940875
1664,0.000000
1665,0.000000
1666,0.000000
1667,1.000000
1668,0.001382
1669,1.000000
167,0.996427
1670,0.000000
1671,1.000000
1672,1.000000
1673,0.000000
1674,0.000000
1675,0.000000
1676,0.992810
1677,1.000000
1678,1.000000
1679,0.000000
168,0.000000
1680,0.000007
1681,0.000000
1682,1.000000
1683,0.000000
1684,0.999894
1685,1.000000
1686,0.993290
1687,0.999273
1688,0.999737
1689,0.000000
169,0.000000
1690,1.000000
1691,0.450465
1692,1.000000
1693,1.000000
1694,0.000000
1695,0.000066
1696,1.000000
1697,0.000000
1698,0.000000
1699,0.973988
17,0.925369
170,0.000000
1700,0.000000
1701,1.000000
1702,1.000000
1703,0.999985
1704,1.000000
1705,0.999999
1706,0.999966
1707,0.000000
1708,0.989408
1709,0.000000
171,0.000000
1710,0.000000
1711,0.999876
1712,0.000000
1713,0.000000
1714,0.991747
1715,0.038251
1716,0.999989
1717,0.985692
1718,0.000000
1719,0.999895
172,0.999171
1720,0.999999
1721,0.000000
1722,0.999959
1723,0.000000
1724,0.000000
1725,1.000000
1726,1.000000
1727,1.000000
1728,0.986484
1729,0.000000
173,0.998751
1730,1.000000
1731,0.000000
1732,0.998176
1733,1.000000
1734,0.000000
1735,0.000000
1736,0.000000
1737,1.000000
1738,0.000000
1739,0.857116
174,0.000000
1740,0.000000
1741,0.000000
1742,0.999961
1743,0.999999
1744,1.000000
1745,0.000000
1746,1.000000
1747,0.000000
1748,0.000000
1749,0.000000
175,1.000000
1750,0.000000
1751,0.968975
1752,0.000000
1753,0.999978
1754,0.000000
1755,1.000000
1756,0.000000
1757,0.000065
1758,0.909611
1759,0.999992
176,0.999996
1760,0.000000
1761,1.000000
1762,1.000000
1763,0.000000
1764,1.000000
1765,0.000000
1766,1.000000
1767,1.000000
1768,0.969458
1769,1.000000
177,1.000000
1770,0.000000
1771,0.000003
1772,0.000000
1773,0.922682
1774,0.000000
1775,0.000000
1776,0.975471
1777,0.000000
1778,0.000010
1779,0.000000
178,1.000000
1780,0.000000
1781,0.999999
1782,1.000000
1783,0.000000
1784,0.000000
1785,0.000000
1786,1.000000
1787,1.000000
1788,0.066065
1789,0.999985
179,0.892890
1790,0.000001
1791,1.000000
1792,0.000000
1793,0.000000
1794,1.000000
1795,0.000000
1796,0.000000
1797,1.000000
1798,0.000000
1799,0.000000
18,0.999893
180,0.000000
1800,1.000000
1801,0.999999
1802,0.000000
1803,1.000000
1804,0.000000
1805,0.000000
1806,0.048139
1807,0.999381
1808,0.000000
1809,1.000000
181,1.000000
1810,0.613226
1811,0.999970
1812,0.000000
1813,1.000000
1814,0.999843
1815,0.000000
1816,1.000000
1817,0.999998
1818,0.000000
1819,0.016003
182,0.999985
1820,0.000000
1821,1.000000
1822,0.000000
1823,0.000000
1824,0.000000
1825,1.000000
1826,0.002145
1827,0.000000
1828,0.999999
1829,1.000000
183,0.000000
1830,0.000000
1831,1.000000
1832,1.000000
1833,0.000001
1834,0.000000
1835,0.000000
1836,0.000000
1837,0.992607
1838,1.000000
1839,0.000000
184,0.000000
1840,1.000000
1841,1.000000
1842,0.999996
1843,0.000000
1844,0.000000
1845,1.000000
1846,0.998065
1847,0.000000
1848,0.999998
1849,0.999932
185,0.000000
1850,0.999333
1851,1.000000
1852,0.000000
1853,1.000000
1854,0.000000
1855,0.986628
1856,1.000000
1857,0.000000
1858,0.000000
1859,1.000000
186,0.000000
1860,0.833460
1861,0.000000
1862,0.000000
1863,1.000000
1864,0.000000
1865,1.000000
1866,1.000000
1867,0.000000
1868,0.000000
1869,0.000000
187,0.000000
1870,0.000000
1871,1.000000
1872,0.999993
1873,0.964375
1874,0.999858
1875,0.000000
1876,1.000000
1877,1.000000
1878,1.000000
1879,0.000000
188,0.000000
1880,0.000001
1881,0.999814
1882,0.862485
1883,0.000000
1884,0.998559
1885,0.000231
1886,0.994451
1887,0.030773
1888,1.000000
1889,0.000000
189,0.000000
1890,0.000000
1891,1.000000
1892,0.980404
1893,0.000000
1894,0.000000
1895,0.998816
1896,0.000000
1897,0.000000
1898,0.000000
1899,0.000000
19,0.000000
190,1.000000
1900,0.000000
1901,0.000000
1902,0.856264
1903,1.000000
1904,0.999804
1905,1.000000
1906,0.999999
1907,0.000000
1908,0.995926
1909,0.991190
191,0.000001
1910,1.000000
1911,0.522922
1912,0.995040
1913,0.000000
1914,1.000000
1915,0.900106
1916,1.000000
1917,1.000000
1918,0.000000
1919,0.484341
192,0.000000
1920,0.000000
1921,0.000000
1922,0.999986
1923,0.000000
1924,0.000000
1925,1.000000
1926,0.000000
1927,0.000000
1928,0.992070
1929,0.000000
193,0.000000
1930,0.999998
1931,0.000000
1932,0.999285
1933,0.327602
1934,0.000000
1935,0.000000
1936,0.000931
1937,0.869911
1938,1.000000
1939,1.000000
194,0.000000
1940,0.999990
1941,1.000000
1942,0.000000
1943,0.129859
1944,0.000000
1945,0.000000
1946,0.000000
1947,1.000000
1948,1.000000
1949,0.999743
195,0.999816
1950,1.000000
1951,0.000000
1952,0.000000
1953,0.000679
1954,1.000000
1955,0.000000
1956,0.999967
1957,0.000000
1958,0.000000
1959,0.000000
196,0.888953
1960,0.000000
1961,0.000000
1962,1.000000
1963,0.000000
1964,0.000000
1965,0.000000
1966,1.000000
1967,0.000000
1968,1.000000
1969,0.000006
197,0.999973
1970,0.986087
1971,0.000000
1972,0.981617
1973,0.000000
1974,0.000000
1975,0.000000
1976,0.000000
1977,0.956114
1978,0.000000
1979,1.000000
198,0.000000
1980,1.000000
1981,0.999971
1982,0.000000
1983,1.000000
1984,1.000000
1985,0.000000
1986,1.000000
1987,0.999103
1988,0.000000
1989,1.000000
199,1.000000
1990,1.000000
1991,1.000000
1992,0.000000
1993,0.000000
1994,0.926740
1995,0.000000
1996,1.000000
1997,1.000000
1998,1.000000
1999,0.000000
2,1.000000
20,0.000000
200,0.892896
2000,0.991838
2001,1.000000
2002,0.998358
2003,0.000000
2004,1.000000
2005,0.999291
2006,0.000000
2007,1.000000
2008,1.000000
2009,1.000000
201,1.000000
2010,1.000000
2011,0.995899
2012,0.000000
2013,0.000000
2014,0.000000
2015,0.932331
2016,0.000001
2017,0.000000
2018,0.000000
2019,0.000000
202,0.000000
2020,0.000000
2021,0.000000
2022,0.000000
2023,0.000000
2024,0.000000
2025,0.000000
2026,0.023182
2027,0.000000
2028,0.000000
2029,0.000000
203,1.000000
2030,0.000000
2031,0.000000
2032,0.000000
2033,0.999999
2034,0.000000
2035,1.000000
2036,0.000000
2037,0.000228
2038,0.972165
2039,0.000000
204,1.000000
2040,1.000000
2041,0.999864
2042,0.999994
2043,0.000008
2044,0.000000
2045,0.999781
2046,1.000000
2047,0.000000
2048,0.000000
2049,0.000000
205,0.000000
2050,1.000000
2051,0.000000
2052,0.999984
2053,0.000000
2054,0.982841
2055,1.000000
2056,1.000000
2057,1.000000
2058,0.000000
2059,1.000000
206,0.000000
2060,0.999990
2061,0.999947
2062,1.000000
2063,0.999988
2064,0.999998
2065,1.000000
2066,0.000000
2067,1.000000
2068,0.000000
2069,1.000000
207,0.999999
2070,0.995635
2071,0.999995
2072,0.000000
2073,0.000000
2074,0.000000
2075,0.000000
2076,0.000000
2077,0.999184
2078,0.999599
2079,0.000000
208,0.000000
2080,0.999992
2081,0.802024
2082,0.715785
2083,0.996006
2084,1.000000
2085,0.009335
2086,1.000000
2087,0.000000
2088,0.000000
2089,0.000000
209,0.000000
2090,0.000000
2091,1.000000
2092,1.000000
2093,0.000000
2094,0.003710
2095,0.999911
2096,0.000000
2097,0.018270
2098,0.840328
2099,0.999998
21,0.999970
210,0.000000
2100,0.000000
2101,0.977923
2102,1.000000
2103,1.000000
2104,1.000000
2105,0.000000
2106,0.000000
2107,1.000000
2108,0.000000
2109,0.999989
211,1.000000
2110,1.000000
2111,1.000000
2112,0.000000
2113,0.000000
2114,0.999719
2115,0.000000
2116,0.000000
2117,0.990220
2118,0.000000
2119,0.999978
212,0.998749
2120,1.000000
2121,0.998464
2122,1.000000
2123,1.000000
2124,1.000000
2125,0.942035
2126,1.000000
2127,0.000000
2128,0.000000
2129,0.999244
213,0.000011
2130,0.000000
2131,0.000000
2132,0.000000
2133,0.000000
2134,0.958028
2135,0.999788
2136,0.999430
2137,0.000000
2138,0.984649
2139,0.000000
214,0.977207
2140,0.947097
2141,0.000000
2142,0.000000
2143,1.000000
2144,0.000000
2145,1.000000
2146,1.000000
2147,0.000000
2148,0.000000
2149,0.000000
215,1.000000
2150,0.000000
2151,0.000000
2152,0.000000
2153,0.000000
2154,1.000000
2155,0.989386
2156,0.000000
2157,1.000000
2158,0.992191
2159,0.575882
216,0.981562
2160,0.976275
2161,0.000000
2162,0.000000
2163,1.000000
2164,0.000000
2165,0.000000
2166,0.000000
2167,0.000000
2168,0.000000
2169,0.000000
217,1.000000
2170,0.000000
2171,0.997788
2172,0.000000
2173,0.999742
2174,1.000000
2175,0.999695
2176,0.999980
2177,0.709794
2178,0.999511
2179,1.000000
218,0.000000
2180,0.999845
2181,0.001356
2182,0.999993
2183,0.000000
2184,1.000000
2185,1.000000
2186,0.999007
2187,0.000000
2188,0.000000
2189,1.000000
219,1.000000
2190,0.000000
2191,0.000000
2192,0.999896
2193,0.957392
2194,1.000000
2195,0.003346
2196,1.000000
2197,1.000000
2198,0.995787
2199,0.999904
22,0.000000
220,0.999964
2200,0.000000
2201,0.994938
2202,1.000000
2203,0.000000
2204,0.979071
2205,0.000000
2206,0.000000
2207,0.000000
2208,0.000000
2209,0.999999
221,0.000000
2210,1.000000
2211,0.999989
2212,0.999529
2213,0.000000
2214,1.000000
2215,1.000000
2216,1.000000
2217,1.000000
2218,0.000000
2219,0.001188
222,0.999997
2220,0.999995
2221,1.000000
2222,1.000000
2223,1.000000
2224,0.000000
2225,0.000000
2226,0.949355
2227,0.000000
2228,1.000000
2229,1.000000
223,0.996934
2230,0.999991
2231,0.000000
2232,1.000000
2233,0.000000
2234,0.999920
2235,0.000000
2236,0.893396
2237,0.000000
2238,1.000000
2239,0.000000
224,0.000000
2240,1.000000
2241,1.000000
2242,0.000000
2243,0.000000
2244,0.997424
2245,0.000000
2246,0.999960
2247,0.000000
2248,0.000000
2249,0.003177
225,0.999933
2250,0.997224
2251,0.000000
2252,0.000000
2253,1.000000
2254,0.998888
2255,0.996051
2256,0.000000
2257,0.000000
2258,0.969862
2259,1.000000
226,0.938495
2260,1.000000
2261,0.975497
2262,0.000000
2263,1.000000
2264,0.041100
2265,0.000000
2266,0.000000
2267,0.999961
2268,0.000000
2269,0.014004
227,0.999947
2270,0.000000
2271,1.000000
2272,1.000000
2273,0.000000
2274,0.000000
2275,1.000000
2276,0.999994
2277,0.269820
2278,0.000000
2279,0.000029
228,0.000001
2280,1.000000
2281,1.000000
2282,0.000000
2283,0.000000
2284,1.000000
2285,0.999993
2286,0.987260
2287,0.000000
2288,0.000000
2289,0.000000
229,1.000000
2290,0.000000
2291,1.000000
2292,0.000000
2293,0.000000
2294,0.999995
2295,1.000000
2296,0.000000
2297,0.999998
2298,0.000000
2299,0.000000
23,1.000000
230,0.000001
2300,1.000000
2301,1.000000
2302,0.000201
2303,0.000000
2304,1.000000
2305,0.999979
2306,1.000000
2307,0.000000
2308,0.610156
2309,0.000000
231,1.000000
2310,0.996639
2311,1.000000
2312,0.000000
2313,0.996041
2314,0.000000
2315,0.026433
2316,0.999980
2317,0.000000
2318,0.000000
2319,1.000000
232,0.376794
2320,0.943334
2321,0.000000
2322,1.000000
2323,0.000000
2324,0.964936
2325,1.000000
2326,0.286461
2327,1.000000
2328,0.000000
2329,0.000000
233,0.000000
2330,0.000000
2331,0.000000
2332,0.000000
2333,0.999999
2334,0.998990
2335,0.000000
2336,1.000000
2337,0.000000
2338,0.000000
2339,0.999777
234,0.000000
2340,0.992057
2341,0.000000
2342,0.997404
2343,0.000000
2344,0.000000
2345,0.996603
2346,0.000000
2347,0.000004
2348,0.000000
2349,0.000000
235,1.000000
2350,1.000000
2351,0.987631
2352,0.000000
2353,0.000000
2354,0.000000
2355,1.000000
2356,0.000000
2357,0.990023
2358,1.000000
2359,1.000000
236,1.000000
2360,0.000000
2361,0.000000
2362,0.999999
2363,0.000000
2364,0.000000
2365,0.999987
2366,1.000000
2367,0.000000
2368,0.999996
2369,0.000000
237,0.000000
2370,0.000000
2371,0.000000
2372,0.999921
2373,1.000000
2374,0.993325
2375,0.000000
2376,1.000000
2377,0.000000
2378,0.957254
2379,0.000000
238,0.999999
2380,0.000000
2381,1.000000
2382,0.000000
2383,0.999344
2384,1.000000
2385,0.998958
2386,1.000000
2387,0.000000
2388,0.916692
2389,0.999997
239,0.000000
2390,0.000000
2391,0.997761
2392,0.000000
2393,0.987336
2394,0.000000
2395,0.000000
2396,0.000000
2397,0.000001
2398,1.000000
2399,0.000000
24,0.924372
240,1.000000
2400,1.000000
2401,0.000000
2402,0.976787
2403,1.000000
2404,0.999999
2405,0.000010
2406,1.000000
2407,0.000000
2408,0.000000
2409,1.000000
241,1.000000
2410,0.000000
2411,0.000000
2412,1.000000
2413,0.000000
2414,0.000000
2415,0.000000
2416,1.000000
2417,0.000000
2418,0.000000
2419,0.000000
242,1.000000
2420,0.854053
2421,0.000000
2422,1.000000
2423,0.000000
2424,0.000021
2425,0.000000
2426,0.000000
2427,0.000000
2428,0.999996
2429,0.000000
243,0.000000
2430,0.999923
2431,0.994920
2432,0.998268
2433,0.999998
2434,0.000000
2435,0.000000
2436,0.000008
2437,0.999422
2438,1.000000
2439,0.000000
244,1.000000
2440,0.000000
2441,0.000000
2442,0.998847
2443,0.000000
2444,0.999775
2445,0.997906
2446,0.000000
2447,1.000000
2448,0.981802
2449,0.000000
245,0.999999
2450,0.990454
2451,1.000000
2452,1.000000
2453,0.000000
2454,0.000000
2455,0.000000
2456,0.999435
2457,1.000000
2458,0.000000
2459,0.999999
246,0.000003
2460,0.000000
2461,0.000000
2462,0.999717
2463,0.000000
2464,1.000000
2465,1.000000
2466,0.579738
2467,0.999972
2468,0.763352
2469,1.000000
247,0.999923
2470,1.000000
2471,0.999260
2472,0.999997
2473,0.000000
2474,1.000000
2475,0.000000
2476,0.999998
2477,0.000000
2478,0.999986
2479,0.000000
248,0.000000
2480,0.000000
2481,1.000000
2482,0.754297
2483,0.996638
2484,1.000000
2485,0.000000
2486,0.000000
2487,1.000000
2488,0.000000
2489,0.998926
249,0.000000
2490,0.674955
2491,1.000000
2492,0.000000
2493,0.000000
2494,1.000000
2495,0.000000
2496,0.000000
2497,0.000000
2498,1.000000
2499,0.000000
25,0.000000
250,1.000000
2500,0.000000
2501,0.000000
2502,0.000000
2503,0.000000
2504,1.000000
2505,1.000000
2506,1.000000
2507,0.999954
2508,0.000000
2509,1.000000
251,1.000000
2510,0.999995
2511,1.000000
2512,0.000000
2513,0.000000
2514,1.000000
2515,0.975082
2516,0.000000
2517,0.000000
2518,1.000000
2519,0.000000
252,0.000001
2520,0.999982
2521,0.492548
2522,0.000000
2523,0.996540
2524,0.000000
2525,0.000371
2526,0.000002
2527,0.994960
2528,0.077793
2529,1.000000
253,1.000000
2530,0.000000
2531,0.000000
2532,1.000000
2533,0.994240
2534,0.000000
2535,0.000000
2536,0.000000
2537,1.000000
2538,0.000000
2539,1.000000
254,0.000000
2540,0.000002
2541,1.000000
2542,0.000006
2543,0.675868
2544,0.995489
2545,0.000000
2546,1.000000
2547,1.000000
2548,0.000000
2549,0.000000
255,0.165829
2550,0.000000
2551,0.000000
2552,0.999065
2553,0.000000
2554,0.000000
2555,0.999384
2556,1.000000
2557,0.000000
2558,0.000000
2559,1.000000
256,0.000000
2560,1.000000
2561,1.000000
2562,1.000000
2563,0.000000
2564,0.000000
2565,0.000000
2566,0.999999
2567,0.000000
2568,0.992240
2569,1.000000
257,0.998928
2570,0.999999
2571,0.000000
2572,0.000000
2573,1.000000
2574,0.000000
2575,1.000000
2576,0.000000
2577,1.000000
2578,0.000000
2579,1.000000
258,1.000000
2580,0.000000
2581,0.987440
2582,1.000000
2583,1.000000
2584,0.000000
2585,0.000000
2586,0.000000
2587,0.000000
2588,0.000000
2589,0.996010
259,0.000000
2590,0.999666
2591,0.000000
2592,0.000000
2593,0.000072
2594,0.999924
2595,0.000008
2596,0.000000
2597,0.000000
2598,0.999688
2599,0.986730
26,1.000000
260,0.000000
2600,0.921960
2601,1.000000
2602,0.999805
2603,0.000000
2604,0.000000
2605,0.996505
2606,0.997680
2607,0.000000
2608,0.000000
2609,1.000000
261,0.000000
2610,0.000000
2611,0.000000
2612,1.000000
2613,0.999353
2614,1.000000
2615,0.000000
2616,1.000000
2617,1.000000
2618,0.000040
2619,0.000000
262,0.999904
2620,0.000000
2621,0.000000
2622,0.000000
2623,0.000000
2624,1.000000
2625,0.000000
2626,1.000000
2627,0.999951
2628,1.000000
2629,0.998074
263,0.000000
2630,0.000000
2631,0.020913
2632,0.000000
2633,0.000005
2634,1.000000
2635,0.998710
2636,0.912609
2637,0.000000
2638,0.999677
2639,0.000000
264,0.000000
2640,0.000000
2641,0.377139
2642,1.000000
2643,1.000000
2644,0.993406
2645,0.888278
2646,0.000000
2647,0.000056
2648,1.000000
2649,0.000000
265,1.000000
2650,0.000000
2651,1.000000
2652,0.000000
2653,0.000000
2654,0.995742
2655,0.000000
2656,0.999606
2657,0.000310
2658,0.000000
2659,0.996577
266,0.000000
2660,0.000000
2661,0.999884
2662,0.002375
2663,1.000000
2664,0.987933
2665,0.000000
2666,0.000000
2667,0.000000
2668,0.000000
2669,0.000000
267,0.000000
2670,0.000000
2671,0.999964
2672,0.000000
2673,0.999968
2674,0.000000
2675,0.000000
2676,0.000000
2677,0.725875
2678,0.999903
2679,0.780295
268,0.000000
2680,0.955285
2681,0.000000
2682,1.000000
2683,1.000000
2684,1.000000
2685,0.000141
2686,0.000000
2687,0.000000
2688,0.000000
2689,0.999895
269,0.999991
2690,0.000000
2691,1.000000
2692,0.999951
2693,0.000000
2694,0.000000
2695,1.000000
2696,0.000000
2697,0.999919
2698,0.000000
2699,0.000000
27,0.999650
270,1.000000
2700,1.000000
2701,0.000000
2702,0.999990
2703,0.000006
2704,1.000000
2705,0.000000
2706,0.000082
2707,0.000000
2708,0.000000
2709,0.999996
271,1.000000
2710,1.000000
2711,0.000000
2712,0.977972
2713,0.040951
2714,0.953621
2715,0.000000
2716,1.000000
2717,0.993147
2718,0.999995
2719,0.999633
272,0.000000
2720,0.991005
2721,0.998734
2722,1.000000
2723,0.000000
2724,0.999931
2725,0.000000
2726,0.000000
2727,0.998240
2728,0.000000
2729,0.000000
273,0.998998
2730,0.999837
2731,0.000000
2732,1.000000
2733,0.000000
2734,0.000000
2735,0.000000
2736,0.000000
2737,1.000000
2738,1.000000
2739,1.000000
274,0.000000
2740,1.000000
2741,0.000000
2742,0.000000
2743,1.000000
2744,1.000000
2745,1.000000
2746,0.000000
2747,0.000000
2748,0.999759
2749,0.000000
275,0.000000
2750,0.000000
2751,1.000000
2752,0.978562
2753,0.000002
2754,0.000000
2755,1.000000
2756,1.000000
2757,1.000000
2758,0.000000
2759,1.000000
276,1.000000
2760,0.000000
2761,0.999955
2762,0.000000
2763,1.000000
2764,0.000000
2765,0.000000
2766,1.000000
2767,0.999988
2768,0.995546
2769,0.000000
277,0.050698
2770,0.999999
2771,0.999978
2772,0.001611
2773,0.000000
2774,0.999941
2775,0.989096
2776,0.996291
2777,0.999979
2778,1.000000
2779,0.000000
278,0.000000
2780,0.000000
2781,0.000000
2782,0.000000
2783,0.000000
2784,0.000000
2785,0.000000
2786,0.839000
2787,0.998605
2788,1.000000
2789,0.999528
279,0.000000
2790,0.000000
2791,0.999997
2792,0.764991
2793,0.000000
2794,0.000000
2795,0.999999
2796,1.000000
2797,0.000000
2798,0.999724
2799,0.000000
28,0.000000
280,0.993211
2800,0.909372
2801,0.979688
2802,1.000000
2803,0.000000
2804,0.999778
2805,0.000000
2806,0.999883
2807,0.000000
2808,0.000000
2809,0.000000
281,1.000000
2810,0.000000
2811,0.000000
2812,0.000000
2813,0.999956
2814,0.000000
2815,0.000000
2816,0.000000
2817,0.000000
2818,0.000000
2819,0.000000
282,1.000000
2820,1.000000
2821,0.000000
2822,1.000000
2823,0.000000
2824,0.999999
2825,0.000000
2826,0.999999
2827,1.000000
2828,0.000000
2829,1.000000
283,0.000000
2830,0.999532
2831,0.000000
2832,1.000000
2833,0.998078
2834,0.999926
2835,0.999997
2836,0.000001
2837,0.000006
2838,0.000000
2839,0.000000
284,1.000000
2840,0.000000
2841,0.000030
2842,0.927926
2843,0.992870
2844,0.996217
2845,1.000000
2846,0.970300
2847,1.000000
2848,0.000000
2849,0.000000
285,0.000000
2850,0.000000
2851,0.000000
2852,0.000000
2853,0.000000
2854,0.000000
2855,0.999679
2856,1.000000
2857,0.000000
2858,0.000000
2859,0.000000
286,1.000000
2860,0.537996
2861,0.999880
2862,1.000000
2863,0.000000
2864,1.000000
2865,0.000000
2866,0.000000
2867,0.997335
2868,1.000000
2869,0.000000
287,0.000000
2870,1.000000
2871,1.000000
2872,0.000000
2873,0.000000
2874,0.000000
2875,0.998844
2876,1.000000
2877,1.000000
2878,1.000000
2879,1.000000
288,0.000000
2880,0.000000
2881,0.999990
2882,0.999997
2883,0.000022
2884,0.999988
2885,1.000000
2886,0.000000
2887,0.000000
2888,0.000000
2889,1.000000
289,1.000000
2890,0.000000
2891,1.000000
2892,1.000000
2893,0.000000
2894,0.967225
2895,1.000000
2896,0.000000
2897,0.000000
2898,0.000000
2899,0.596970
29,0.000019
290,0.000000
2900,0.999925
2901,0.000000
2902,0.000000
2903,0.000004
2904,0.547535
2905,0.999994
2906,0.000000
2907,1.000000
2908,0.000000
2909,0.000000
291,0.000000
2910,1.000000
2911,1.000000
2912,1.000000
2913,0.998728
2914,0.000000
2915,0.000000
2916,1.000000
2917,0.000000
2918,0.000041
2919,1.000000
292,1.000000
2920,0.000000
2921,0.000000
2922,0.000000
2923,1.000000
2924,0.994202
2925,0.999984
2926,0.993937
2927,0.999960
2928,1.000000
2929,0.000034
293,0.999096
2930,0.000000
2931,0.999964
2932,0.000000
2933,0.000000
2934,0.000002
2935,0.000000
2936,1.000000
2937,0.000000
2938,0.000000
2939,1.000000
294,0.000000
2940,1.000000
2941,0.000000
2942,0.000000
2943,0.000000
2944,0.000000
2945,1.000000
2946,0.999956
2947,0.000000
2948,0.999827
2949,0.999997
295,0.000000
2950,0.976542
2951,0.990288
2952,1.000000
2953,0.000000
2954,0.000000
2955,0.000000
2956,0.999998
2957,0.000000
2958,1.000000
2959,0.000000
296,1.000000
2960,0.323560
2961,0.991341
2962,0.000000
2963,0.000000
2964,0.999995
2965,0.000000
2966,0.000000
2967,0.000000
2968,0.000000
2969,0.355728
297,1.000000
2970,0.000000
2971,0.998680
2972,0.999984
2973,0.000012
2974,1.000000
2975,1.000000
2976,0.000000
2977,0.000000
2978,0.000000
2979,0.000792
298,0.999907
2980,0.000000
2981,1.000000
2982,0.999942
2983,0.000000
2984,1.000000
2985,0.000000
2986,0.000000
2987,0.000000
2988,1.000000
2989,0.000000
299,1.000000
2990,1.000000
2991,0.000000
2992,1.000000
2993,0.000000
2994,0.000000
2995,0.000000
2996,1.000000
2997,0.000000
2998,1.000000
2999,0.000000
3,1.000000
30,1.000000
300,0.000000
3000,0.694858
3001,1.000000
3002,0.999983
3003,0.000000
3004,0.000000
3005,0.000000
3006,0.975104
3007,1.000000
3008,0.000000
3009,1.000000
301,0.000000
3010,0.000000
3011,1.000000
3012,0.000000
3013,0.000000
3014,0.000000
3015,0.009434
3016,0.999878
3017,0.000000
3018,1.000000
3019,1.000000
302,0.000000
3020,0.991689
3021,1.000000
3022,0.000000
3023,0.000000
3024,1.000000
3025,0.000000
3026,0.000000
3027,0.000000
3028,0.999999
3029,0.996720
303,0.000000
3030,0.000000
3031,0.000000
3032,1.000000
3033,0.000000
3034,0.000000
3035,0.000000
3036,0.000000
3037,1.000000
3038,0.999974
3039,1.000000
304,0.000000
3040,0.000000
3041,1.000000
3042,0.000000
3043,1.000000
3044,0.995953
3045,1.000000
3046,0.000000
3047,0.000000
3048,0.000000
3049,0.000931
305,0.000000
3050,0.998294
3051,1.000000
3052,1.000000
3053,0.000000
3054,0.000014
3055,0.000010
3056,0.000000
3057,0.999686
3058,0.000000
3059,1.000000
306,1.000000
3060,0.999940
3061,1.000000
3062,0.999270
3063,0.000000
3064,0.998725
3065,1.000000
3066,0.984300
3067,0.000000
3068,0.999988
3069,1.000000
307,0.987401
3070,1.000000
3071,0.000000
3072,1.000000
3073,0.999981
3074,1.000000
3075,1.000000
3076,0.999082
3077,0.000000
3078,1.000000
3079,0.000000
308,0.000000
3080,0.000000
3081,0.000000
3082,0.681547
3083,1.000000
3084,0.000000
3085,1.000000
3086,0.813350
3087,0.000000
3088,0.000000
3089,0.999999
309,0.000000
3090,0.000000
3091,0.000000
3092,1.000000
3093,0.000000
3094,0.999999
3095,1.000000
3096,1.000000
3097,0.000000
3098,0.000000
3099,1.000000
31,1.000000
310,0.000002
3100,0.000000
3101,1.000000
3102,0.498430
3103,1.000000
3104,0.000000
3105,0.954178
3106,0.000000
3107,0.000000
3108,0.000000
3109,0.996242
311,0.000000
3110,0.999995
3111,0.000000
3112,1.000000
3113,0.000000
3114,1.000000
3115,0.999989
3116,1.000000
3117,0.997995
3118,0.000000
3119,0.994597
312,0.000000
3120,0.999927
3121,0.000000
3122,0.000000
3123,0.000000
3124,0.997569
3125,0.999685
3126,0.000000
3127,0.000000
3128,0.998890
3129,0.999998
313,0.000000
3130,0.000000
3131,0.000000
3132,0.000000
3133,1.000000
3134,1.000000
3135,0.000000
3136,1.000000
3137,0.987496
3138,0.999727
3139,0.822872
314,0.000000
3140,0.536798
3141,0.998353
3142,0.000000
3143,1.000000
3144,0.000000
3145,1.000000
3146,0.000000
3147,0.999997
3148,1.000000
3149,1.000000
315,1.000000
3150,0.813503
3151,1.000000
3152,0.995857
3153,0.000000
3154,0.000000
3155,0.896618
3156,1.000000
3157,1.000000
3158,0.000000
3159,0.999229
316,0.000000
3160,0.993646
3161,0.000000
3162,0.998989
3163,0.000000
3164,0.000000
3165,0.000000
3166,0.999166
3167,0.000000
3168,0.000000
3169,0.000000
317,0.995053
3170,0.999995
3171,0.000000
3172,0.000000
3173,0.000000
3174,0.000000
3175,0.000000
3176,1.000000
3177,0.000000
3178,1.000000
3179,0.000000
318,0.000000
3180,0.000000
3181,1.000000
3182,0.999999
3183,0.000000
3184,1.000000
3185,0.001917
3186,0.000000
3187,1.000000
3188,0.000000
3189,0.999999
319,0.999831
3190,0.000000
3191,0.000000
3192,1.000000
3193,0.000000
3194,0.000000
3195,0.991561
3196,0.999123
3197,0.000000
3198,0.999581
3199,0.000000
32,0.000000
320,0.000000
3200,1.000000
3201,0.998594
3202,0.000000
3203,1.000000
3204,1.000000
3205,0.000000
3206,0.999981
3207,0.000000
3208,0.000000
3209,1.000000
321,0.000000
3210,0.924851
3211,0.000002
3212,1.000000
3213,0.000000
3214,0.000000
3215,0.999959
3216,1.000000
3217,1.000000
3218,0.000000
3219,0.000000
322,0.862842
3220,0.000000
3221,0.000000
3222,0.982202
3223,1.000000
3224,1.000000
3225,0.000000
3226,1.000000
3227,0.000000
3228,0.000000
3229,1.000000
323,0.000000
3230,0.000000
3231,0.000000
3232,0.000000
3233,0.000000
3234,0.008901
3235,1.000000
3236,0.000000
3237,1.000000
3238,0.996563
3239,1.000000
324,0.000000
3240,0.808905
3241,0.999999
3242,0.000000
3243,0.999957
3244,1.000000
3245,1.000000
3246,0.000000
3247,1.000000
3248,0.976298
3249,0.000000
325,1.000000
3250,0.000000
3251,0.000000
3252,0.998294
3253,0.999374
3254,0.999810
3255,0.000000
3256,0.000000
3257,0.000000
3258,0.995194
3259,0.000000
326,0.970746
3260,1.000000
3261,1.000000
3262,1.000000
3263,0.000000
3264,0.994934
3265,0.000000
3266,0.000000
3267,0.074583
3268,0.000000
3269,0.999684
327,0.970324
3270,0.000000
3271,0.000000
3272,0.962956
3273,0.999998
3274,1.000000
3275,0.990134
3276,0.258140
3277,1.000000
3278,0.000000
3279,0.999528
328,1.000000
3280,0.000000
3281,0.000000
3282,0.000000
3283,0.000000
3284,1.000000
3285,0.000000
3286,0.000000
3287,1.000000
3288,1.000000
3289,0.000000
329,0.000000
3290,0.000000
3291,0.997308
3292,1.000000
3293,1.000000
3294,1.000000
3295,0.000000
3296,0.000000
3297,0.000000
3298,0.999974
3299,0.000000
33,0.989453
330,0.000000
3300,0.000000
3301,1.000000
3302,0.999819
3303,1.000000
3304,0.999999
3305,0.000005
3306,0.000000
3307,0.000000
3308,1.000000
3309,1.000000
331,0.590592
3310,0.992116
3311,0.000000
3312,0.999914
3313,0.000000
3314,1.000000
3315,1.000000
3316,0.000000
3317,0.999987
3318,0.000000
3319,0.000000
332,0.000006
3320,0.000007
3321,1.000000
3322,0.000000
3323,1.000000
3324,0.000000
3325,0.998945
3326,0.000000
3327,1.000000
3328,0.999996
3329,1.000000
333,1.000000
3330,0.000000
3331,0.999976
3332,0.000000
3333,0.000000
3334,1.000000
3335,0.000001
3336,1.000000
3337,1.000000
3338,0.973045
3339,0.808265
334,0.000000
3340,1.000000
3341,0.000000
3342,0.000000
3343,0.000000
3344,0.995222
3345,0.999985
3346,0.999042
3347,0.000000
3348,0.000000
3349,0.000000
335,0.000000
3350,0.000000
3351,1.000000
3352,0.000000
3353,0.000000
3354,1.000000
3355,0.999992
3356,0.997557
3357,1.000000
3358,0.999927
3359,0.999975
336,0.000017
3360,0.000000
3361,1.000000
3362,0.999981
3363,1.000000
3364,0.999972
3365,0.998507
3366,1.000000
3367,1.000000
3368,0.000000
3369,0.000000
337,1.000000
3370,0.000000
3371,0.000000
3372,1.000000
3373,0.997875
3374,1.000000
3375,0.999997
3376,0.000000
3377,0.000000
3378,1.000000
3379,0.000000
338,0.000000
3380,1.000000
3381,0.000000
3382,0.003755
3383,1.000000
3384,0.999740
3385,1.000000
3386,0.000000
3387,0.000000
3388,0.000000
3389,0.000000
339,0.000000
3390,0.000000
3391,1.000000
3392,0.000000
3393,0.000000
3394,0.000000
3395,0.999926
3396,0.147849
3397,0.000000
3398,0.000000
3399,1.000000
34,0.000000
340,0.000000
3400,1.000000
3401,1.000000
3402,0.000000
3403,0.000000
3404,0.000000
3405,0.000000
3406,0.000000
3407,0.997536
3408,1.000000
3409,1.000000
341,0.000000
3410,1.000000
3411,0.000000
3412,0.750133
3413,0.984245
3414,1.000000
3415,0.000000
3416,1.000000
3417,0.999585
3418,0.000000
3419,0.999760
342,0.000000
3420,1.000000
3421,1.000000
3422,1.000000
3423,0.000000
3424,0.998281
3425,1.000000
3426,0.999887
3427,0.999205
3428,0.000000
3429,0.000000
343,0.000000
3430,0.999888
3431,0.000003
3432,1.000000
3433,0.999997
3434,1.000000
3435,0.899678
3436,0.997707
3437,0.987789
3438,0.000000
3439,0.000000
344,0.440966
3440,0.000186
3441,1.000000
3442,0.997490
3443,0.000000
3444,0.000000
3445,1.000000
3446,1.000000
3447,0.000000
3448,0.000000
3449,0.000000
345,0.000047
3450,0.000000
3451,0.000000
3452,0.999926
3453,0.000000
3454,0.999978
3455,0.992990
3456,0.000000
3457,0.000000
3458,0.000000
3459,1.000000
346,0.998762
3460,0.000000
3461,0.000000
3462,0.000000
3463,0.000000
3464,1.000000
3465,0.000000
3466,0.000006
3467,0.999999
3468,1.000000
3469,1.000000
347,0.000000
3470,0.999996
3471,1.000000
3472,0.000000
3473,0.000000
3474,0.000000
3475,0.000000
3476,0.000000
3477,0.000000
3478,1.000000
3479,1.000000
348,0.988730
3480,0.000003
3481,0.017461
3482,1.000000
3483,0.000000
3484,0.002094
3485,1.000000
3486,1.000000
3487,0.001140
3488,0.999997
3489,0.000000
349,0.000000
3490,1.000000
3491,1.000000
3492,0.000000
3493,0.000000
3494,0.827340
3495,0.922962
3496,0.000000
3497,1.000000
3498,0.000000
3499,0.000001
35,0.000000
350,1.000000
3500,0.999673
3501,0.000000
3502,0.000000
3503,0.000000
3504,0.999328
3505,1.000000
3506,0.993321
3507,1.000000
3508,0.999999
3509,1.000000
351,0.000000
3510,0.000000
3511,0.999981
3512,1.000000
3513,0.000000
3514,0.000000
3515,1.000000
3516,0.000000
3517,0.000000
3518,0.000000
3519,1.000000
352,1.000000
3520,1.000000
3521,0.987985
3522,0.999932
3523,0.688419
3524,0.999644
3525,0.000000
3526,1.000000
3527,0.999998
3528,0.509291
3529,1.000000
353,1.000000
3530,0.992259
3531,0.000000
3532,0.991381
3533,0.000000
3534,0.372081
3535,1.000000
3536,1.000000
3537,0.000045
3538,0.999989
3539,1.000000
354,0.982126
3540,0.000000
3541,0.000000
3542,0.968263
3543,0.000000
3544,0.999930
3545,0.000000
3546,1.000000
3547,0.000000
3548,0.000000
3549,0.000000
355,1.000000
3550,1.000000
3551,0.000000
3552,1.000000
3553,0.000000
3554,1.000000
3555,0.000000
3556,0.000000
3557,1.000000
3558,1.000000
3559,0.000000
356,0.993140
3560,0.000000
3561,0.000000
3562,1.000000
3563,1.000000
3564,0.000113
3565,0.000000
3566,0.000000
3567,1.000000
3568,1.000000
3569,0.983424
357,0.000000
3570,1.000000
3571,0.998923
3572,0.999999
3573,0.000000
3574,1.000000
3575,0.000000
3576,0.000000
3577,0.000000
3578,0.000000
3579,0.000017
358,0.999513
3580,0.926724
3581,0.000001
3582,1.000000
3583,0.000000
3584,0.000000
3585,1.000000
3586,0.000000
3587,0.998333
3588,1.000000
3589,0.000000
359,0.000000
3590,0.000000
3591,0.000000
3592,0.999995
3593,1.000000
3594,0.000000
3595,0.995355
3596,0.999827
3597,0.000000
3598,0.051231
3599,0.000000
36,0.000000
360,0.000024
3600,1.000000
3601,1.000000
3602,0.000000
3603,0.000000
3604,0.000000
3605,0.000000
3606,1.000000
3607,0.000000
3608,0.999998
3609,0.000000
361,0.995596
3610,1.000000
3611,0.000000
3612,0.000000
3613,0.999948
3614,0.000059
3615,0.988065
3616,0.000000
3617,0.000000
3618,0.000000
3619,0.396716
362,0.000000
3620,0.000000
3621,0.999320
3622,0.000000
3623,0.999999
3624,0.000000
3625,0.000000
3626,1.000000
3627,0.998281
3628,0.000000
3629,0.000000
363,0.999999
3630,1.000000
3631,0.951116
3632,0.998283
3633,0.987560
3634,1.000000
3635,0.000000
3636,0.000000
3637,0.984837
3638,0.000000
3639,0.000000
364,0.000000
3640,0.000000
3641,1.000000
3642,0.980727
3643,0.000000
3644,0.000000
3645,0.262209
3646,0.999990
3647,0.000002
3648,1.000000
3649,0.000000
365,1.000000
3650,1.000000
3651,0.000000
3652,0.000000
3653,1.000000
3654,0.000000
3655,1.000000
3656,0.000000
3657,0.000000
3658,1.000000
3659,1.000000
366,1.000000
3660,0.000148
3661,0.988563
3662,0.000000
3663,0.000000
3664,1.000000
3665,0.000000
3666,0.000000
3667,0.000000
3668,0.000000
3669,0.996897
367,1.000000
3670,0.000000
3671,0.000000
3672,0.000000
3673,0.000000
3674,1.000000
3675,1.000000
3676,0.999928
3677,0.966674
3678,0.000000
3679,0.000957
368,1.000000
3680,0.998598
3681,0.000000
3682,1.000000
3683,0.000000
3684,0.019194
3685,0.000000
3686,0.000000
3687,0.000000
3688,0.999139
3689,0.000000
369,1.000000
3690,0.970227
3691,0.000000
3692,0.000000
3693,1.000000
3694,0.000000
3695,0.000000
3696,0.000000
3697,0.999992
3698,0.000000
3699,0.000000
37,0.000000
370,0.999995
3700,0.000000
3701,0.998691
3702,0.000000
3703,0.000001
3704,0.000000
3705,0.000000
3706,0.999997
3707,0.999985
3708,1.000000
3709,0.000000
371,0.990080
3710,0.980123
3711,0.000000
3712,0.000000
3713,0.999998
3714,0.002385
3715,1.000000
3716,1.000000
3717,0.998066
3718,0.449052
3719,1.000000
372,0.000000
3720,0.000000
3721,0.000000
3722,1.000000
3723,0.000000
3724,0.000000
3725,0.000000
3726,0.000000
3727,0.000000
3728,0.000007
3729,0.000000
373,1.000000
3730,0.000000
3731,0.000000
3732,0.000055
3733,0.000000
3734,0.999043
3735,0.868547
3736,0.999928
3737,0.000000
3738,0.000000
3739,0.969973
374,0.000000
3740,0.000000
3741,1.000000
3742,1.000000
3743,0.000000
3744,1.000000
3745,0.000000
3746,0.000000
3747,0.000000
3748,0.000000
3749,1.000000
375,1.000000
3750,0.999944
3751,0.999502
3752,1.000000
3753,0.000000
3754,0.995722
3755,0.994821
3756,0.167045
3757,0.708734
3758,1.000000
3759,0.000000
376,0.000000
3760,0.000351
3761,0.999995
3762,0.000000
3763,0.000000
3764,0.000000
3765,1.000000
3766,0.000000
3767,0.000000
3768,0.999968
3769,0.000000
377,1.000000
3770,0.954421
3771,0.998016
3772,1.000000
3773,0.012234
3774,0.999999
3775,0.991548
3776,0.000000
3777,0.000000
3778,1.000000
3779,0.000000
378,0.000000
3780,1.000000
3781,0.000000
3782,0.000000
3783,1.000000
3784,1.000000
3785,1.000000
3786,0.000000
3787,0.999980
3788,0.833448
3789,1.000000
379,0.999999
3790,0.000000
3791,0.000000
3792,1.000000
3793,1.000000
3794,0.995409
3795,1.000000
3796,0.000000
3797,1.000000
3798,0.000000
3799,0.999997
38,0.000000
380,0.882047
3800,0.998284
3801,1.000000
3802,0.917644
3803,1.000000
3804,0.000000
3805,1.000000
3806,0.998933
3807,1.000000
3808,1.000000
3809,0.999687
381,0.391555
3810,1.000000
3811,0.993969
3812,1.000000
3813,0.999998
3814,1.000000
3815,0.000000
3816,0.997278
3817,0.997598
3818,0.980137
3819,1.000000
382,0.000000
3820,1.000000
3821,0.000000
3822,0.000000
3823,0.999889
3824,0.000001
3825,0.000000
3826,1.000000
3827,1.000000
3828,0.999853
3829,1.000000
383,1.000000
3830,0.000000
3831,0.000000
3832,0.000000
3833,0.999901
3834,0.000000
3835,0.000000
3836,0.820326
3837,0.000000
3838,0.973983
3839,0.000000
384,1.000000
3840,0.000000
3841,0.000000
3842,0.000000
3843,0.000000
3844,1.000000
3845,0.000000
3846,0.332017
3847,0.000000
3848,0.508079
3849,1.000000
385,1.000000
3850,0.000000
3851,0.814827
3852,0.000000
3853,0.000000
3854,0.000000
3855,0.947948
3856,0.000000
3857,0.000000
3858,1.000000
3859,0.000000
386,0.000000
3860,0.999692
3861,0.000000
3862,0.907983
3863,0.000000
3864,0.000035
3865,0.000000
3866,0.000000
3867,0.997081
3868,0.000000
3869,0.000000
387,0.000026
3870,0.005839
3871,0.000000
3872,0.000000
3873,0.000000
3874,1.000000
3875,1.000000
3876,0.000001
3877,1.000000
3878,0.000000
3879,0.000000
388,0.000000
3880,0.000000
3881,0.000050
3882,0.999177
3883,0.000000
3884,1.000000
3885,0.000000
3886,0.000000
3887,0.000000
3888,0.000000
3889,0.000000
389,1.000000
3890,0.000000
3891,1.000000
3892,0.000000
3893,0.999842
3894,1.000000
3895,0.000000
3896,0.952777
3897,1.000000
3898,0.000000
3899,1.000000
39,0.997612
390,0.000385
3900,0.000000
3901,0.000000
3902,0.000000
3903,0.000000
3904,1.000000
3905,0.998738
3906,0.000000
3907,0.999921
3908,0.999073
3909,0.966265
391,0.000000
3910,1.000000
3911,0.000000
3912,0.000000
3913,0.996281
3914,0.980090
3915,1.000000
3916,0.000000
3917,1.000000
3918,1.000000
3919,0.999999
392,0.380029
3920,0.000000
3921,1.000000
3922,0.986931
3923,0.999642
3924,0.998828
3925,1.000000
3926,0.773830
3927,1.000000
3928,0.999962
3929,1.000000
393,0.000000
3930,0.000000
3931,0.979680
3932,0.000000
3933,0.999999
3934,0.000000
3935,0.000000
3936,0.000000
3937,0.996374
3938,0.005938
3939,0.997413
394,1.000000
3940,1.000000
3941,0.991108
3942,1.000000
3943,1.000000
3944,0.000000
3945,0.994961
3946,1.000000
3947,1.000000
3948,0.961913
3949,1.000000
395,0.999994
3950,0.999998
3951,0.000000
3952,1.000000
3953,0.000000
3954,0.999629
3955,1.000000
3956,1.000000
3957,0.000000
3958,0.000000
3959,0.000000
396,0.000000
3960,0.998012
3961,0.999986
3962,0.999986
3963,0.000000
3964,0.000000
3965,0.999985
3966,0.999998
3967,0.999962
3968,0.999868
3969,1.000000
397,0.999925
3970,0.853115
3971,0.000000
3972,0.605155
3973,0.997608
3974,0.991020
3975,0.000031
3976,0.000000
3977,0.000000
3978,0.000000
3979,1.000000
398,0.000000
3980,0.404310
3981,0.999886
3982,0.000000
3983,0.000000
3984,0.999999
3985,1.000000
3986,1.000000
3987,0.000000
3988,1.000000
3989,0.887560
399,0.998600
3990,1.000000
3991,0.000000
3992,0.000000
3993,0.000000
3994,0.000000
3995,0.000000
3996,1.000000
3997,0.999510
3998,0.995725
3999,1.000000
4,0.999999
40,0.000000
400,0.036400
4000,0.000000
4001,0.967807
4002,0.000110
4003,0.000000
4004,0.000000
4005,0.000000
4006,1.000000
4007,0.000000
4008,0.000000
4009,0.211906
401,1.000000
4010,0.000000
4011,0.000000
4012,0.000000
4013,0.000000
4014,0.000000
4015,0.000000
4016,0.000000
4017,0.000693
4018,0.000000
4019,0.000000
402,0.000000
4020,0.031281
4021,0.997560
4022,0.000000
4023,1.000000
4024,1.000000
4025,0.967251
4026,1.000000
4027,1.000000
4028,0.000014
4029,0.000000
403,0.997989
4030,0.000000
4031,1.000000
4032,1.000000
4033,1.000000
4034,0.000000
4035,0.000000
4036,0.908931
4037,0.000000
4038,0.000000
4039,0.000000
404,0.000000
4040,0.999884
4041,0.958670
4042,0.999569
4043,1.000000
4044,0.999970
4045,0.000004
4046,0.000000
4047,0.000000
4048,0.000000
4049,1.000000
405,0.998264
4050,1.000000
4051,0.000000
4052,0.000000
4053,0.999994
4054,1.000000
4055,0.987764
4056,0.000125
4057,0.999998
4058,0.000000
4059,0.092864
406,1.000000
4060,0.000000
4061,0.000000
4062,0.999993
4063,0.980440
4064,0.000000
4065,0.000000
4066,0.752438
4067,1.000000
4068,0.000000
4069,0.999929
407,0.000004
4070,0.000000
4071,1.000000
4072,1.000000
4073,0.999987
4074,0.000000
4075,0.000003
4076,0.000000
4077,0.999731
4078,0.000000
4079,0.000000
408,0.000000
4080,0.999759
4081,0.206916
4082,1.000000
4083,0.999968
4084,0.000000
4085,0.000000
4086,0.999828
4087,0.000000
4088,0.000000
4089,0.933656
409,0.000000
4090,0.985268
4091,1.000000
4092,0.993879
4093,0.000000
4094,0.000000
4095,0.999999
4096,0.000033
4097,0.000000
4098,0.000000
4099,1.000000
41,1.000000
410,0.000000
4100,0.000000
4101,0.000000
4102,1.000000
4103,1.000000
4104,0.999993
4105,0.000000
4106,0.000000
4107,0.962639
4108,1.000000
4109,0.000000
411,0.999949
4110,1.000000
4111,0.000000
4112,0.000000
4113,0.200387
4114,0.000000
4115,0.000000
4116,1.000000
4117,0.000000
4118,0.000000
4119,0.000000
412,1.000000
4120,0.000000
4121,0.991767
4122,0.922824
4123,0.000000
4124,0.000000
4125,1.000000
4126,0.999985
4127,0.000000
4128,0.000000
4129,0.439363
413,1.000000
4130,1.000000
4131,0.996863
4132,1.000000
4133,0.000000
4134,0.000000
4135,0.999645
4136,1.000000
4137,0.000000
4138,0.959927
4139,0.000000
414,0.000000
4140,0.000000
4141,0.995032
4142,0.999998
4143,1.000000
4144,0.999999
4145,1.000000
4146,0.000000
4147,0.000001
4148,0.000000
4149,0.000000
415,1.000000
4150,0.000000
4151,0.000000
4152,0.917161
4153,0.000000
4154,0.000000
4155,1.000000
4156,0.000000
4157,0.000434
4158,0.000000
4159,0.000000
416,0.000000
4160,0.000000
4161,0.999992
4162,0.000000
4163,0.000000
4164,0.999998
4165,0.995963
4166,0.999920
4167,0.000000
4168,0.000000
4169,0.000000
417,0.889971
4170,1.000000
4171,0.999074
4172,0.000000
4173,1.000000
4174,0.999953
4175,1.000000
4176,1.000000
4177,1.000000
4178,0.107440
4179,0.000000
418,0.983539
4180,0.999855
4181,0.000000
4182,0.000000
4183,0.000000
4184,0.000000
4185,0.000000
4186,0.999985
4187,0.000000
4188,0.000000
4189,0.000000
419,0.993585
4190,0.999682
4191,0.996995
4192,1.000000
4193,0.000000
4194,0.999990
4195,0.915365
4196,0.973112
4197,0.000000
4198,1.000000
4199,1.000000
42,1.000000
420,1.000000
4200,0.986045
4201,0.000000
4202,0.000000
4203,0.991716
4204,0.000000
4205,0.000000
4206,0.999994
4207,0.000000
4208,0.304947
4209,0.000000
421,1.000000
4210,1.000000
4211,0.000000
4212,0.000000
4213,0.000000
4214,0.000000
4215,0.998893
4216,0.999946
4217,0.000000
4218,1.000000
4219,1.000000
422,0.999998
4220,0.000000
4221,0.000000
4222,0.000000
4223,1.000000
4224,0.984843
4225,0.000000
4226,0.000000
4227,0.000000
4228,0.000000
4229,0.999988
423,0.999999
4230,1.000000
4231,1.000000
4232,0.000000
4233,0.999568
4234,0.000033
4235,0.999989
4236,0.000000
4237,1.000000
4238,0.997080
4239,0.000000
424,1.000000
4240,0.999999
4241,0.000194
4242,1.000000
4243,0.999998
4244,0.000002
4245,0.997835
4246,0.999923
4247,1.000000
4248,0.644640
4249,0.000000
425,0.999987
4250,0.000000
4251,0.946461
4252,0.999826
4253,0.000000
4254,0.000003
4255,1.000000
4256,0.000000
4257,1.000000
4258,0.999999
4259,1.000000
426,0.000000
4260,1.000000
4261,0.987709
4262,0.013070
4263,0.000000
4264,1.000000
4265,0.980012
4266,0.000118
4267,1.000000
4268,1.000000
4269,0.000000
427,0.944825
4270,0.000000
4271,0.000000
4272,1.000000
4273,0.000000
4274,1.000000
4275,0.000000
4276,0.986400
4277,0.000000
4278,0.000000
4279,0.000000
428,0.000000
4280,0.000000
4281,0.000000
4282,1.000000
4283,0.000000
4284,0.000000
4285,0.000000
4286,0.000000
4287,0.998123
4288,0.000000
4289,1.000000
429,1.000000
4290,1.000000
4291,0.000000
4292,0.000000
4293,0.000000
4294,0.999993
4295,1.000000
4296,0.000000
4297,0.808336
4298,0.000000
4299,1.000000
43,1.000000
430,1.000000
4300,1.000000
4301,0.000000
4302,0.969639
4303,1.000000
4304,1.000000
4305,0.594980
4306,0.000000
4307,1.000000
4308,0.000000
4309,1.000000
431,1.000000
4310,0.000000
4311,0.000000
4312,0.000000
4313,0.000000
4314,1.000000
4315,1.000000
4316,0.975549
4317,1.000000
4318,0.000000
4319,1.000000
432,0.000000
4320,0.000008
4321,0.977560
4322,0.999979
4323,0.000000
4324,0.000000
4325,0.999999
4326,0.000000
4327,1.000000
4328,1.000000
4329,0.000000
433,0.949495
4330,1.000000
4331,0.000000
4332,0.000000
4333,1.000000
4334,0.976099
4335,1.000000
4336,1.000000
4337,0.000000
4338,0.999338
4339,0.000000
434,0.797098
4340,0.998599
4341,1.000000
4342,0.897385
4343,0.999949
4344,0.999993
4345,0.000000
4346,0.000000
4347,1.000000
4348,0.000000
4349,0.964898
435,1.000000
4350,1.000000
4351,0.999238
4352,1.000000
4353,0.952768
4354,0.980361
4355,0.000000
4356,0.000000
4357,0.999997
4358,1.000000
4359,0.000000
436,0.000000
4360,0.991696
4361,0.000000
4362,1.000000
4363,0.000000
4364,0.000000
4365,0.000000
4366,0.000000
4367,1.000000
4368,0.000000
4369,1.000000
437,0.000000
4370,0.999883
4371,0.000000
4372,0.000000
4373,0.000000
4374,0.000000
4375,0.999628
4376,0.000000
4377,0.000000
4378,1.000000
4379,0.000000
438,0.780564
4380,0.000000
4381,0.000000
4382,0.000000
4383,1.000000
4384,0.000000
4385,1.000000
4386,0.000001
4387,0.000000
4388,0.999998
4389,0.000000
439,0.973408
4390,1.000000
4391,0.996190
4392,0.000000
4393,0.999777
4394,0.000003
4395,0.000000
4396,0.999999
4397,1.000000
4398,0.000000
4399,0.000000
44,0.999999
440,0.985806
4400,0.999993
4401,0.999997
4402,0.000000
4403,0.000000
4404,1.000000
4405,0.908136
4406,0.994714
4407,0.999960
4408,1.000000
4409,0.919487
441,0.000000
4410,1.000000
4411,1.000000
4412,0.000000
4413,1.000000
4414,0.000000
4415,0.999024
4416,0.995741
4417,0.989110
4418,0.000000
4419,0.000000
442,0.000000
4420,0.998988
4421,1.000000
4422,1.000000
4423,0.000020
4424,0.999998
4425,0.000000
4426,1.000000
4427,0.997660
4428,0.000000
4429,1.000000
443,0.999999
4430,0.999997
4431,0.000000
4432,0.026181
4433,0.000000
4434,0.999358
4435,0.000000
4436,1.000000
4437,1.000000
4438,0.000000
4439,0.999925
444,0.000000
4440,0.000000
4441,0.000004
4442,0.000000
4443,0.997681
4444,0.000000
4445,0.000000
4446,0.000000
4447,1.000000
4448,0.000000
4449,0.000000
445,0.000000
4450,0.000000
4451,0.991226
4452,1.000000
4453,0.000009
4454,0.000000
4455,0.000000
4456,0.996489
4457,1.000000
4458,0.000000
4459,0.000000
446,0.999999
4460,0.000160
4461,0.000000
4462,0.415358
4463,0.000000
4464,0.999991
4465,0.999992
4466,1.000000
4467,0.999997
4468,1.000000
4469,0.999822
447,0.000000
4470,0.000000
4471,0.993356
4472,1.000000
4473,1.000000
4474,0.000000
4475,0.000000
4476,0.000000
4477,0.000000
4478,0.956540
4479,0.000000
448,0.000000
4480,0.999808
4481,0.000000
4482,0.001153
4483,0.914721
4484,0.000000
4485,0.000000
4486,0.000000
4487,0.000000
4488,0.000000
4489,0.000000
449,0.000000
4490,0.000000
4491,0.999639
4492,0.999969
4493,0.000000
4494,0.961234
4495,0.000000
4496,0.000000
4497,0.000000
4498,1.000000
4499,0.982294
45,0.000000
450,1.000000
4500,0.000000
4501,1.000000
4502,1.000000
4503,0.000000
4504,0.000000
4505,0.000000
4506,0.000000
4507,0.000000
4508,0.000000
4509,0.000000
451,0.000000
4510,0.000000
4511,1.000000
4512,0.995710
4513,0.000000
4514,0.000000
4515,1.000000
4516,0.999486
4517,0.000000
4518,1.000000
4519,0.000000
452,0.999701
4520,1.000000
4521,0.000000
4522,0.000000
4523,0.000000
4524,0.000000
4525,0.000000
4526,0.999875
4527,0.000009
4528,0.000000
4529,0.000000
453,1.000000
4530,0.000000
4531,1.000000
4532,0.000000
4533,0.000000
4534,0.000000
4535,0.994820
4536,0.000000
4537,1.000000
4538,0.000000
4539,1.000000
454,0.000000
4540,0.000000
4541,1.000000
4542,0.000000
4543,0.990226
4544,0.000000
4545,0.000000
4546,0.974268
4547,0.947823
4548,0.999948
4549,0.000000
455,0.000000
4550,0.000000
4551,0.999765
4552,0.000022
4553,0.000000
4554,1.000000
4555,0.000000
4556,0.000000
4557,0.000000
4558,0.997641
4559,1.000000
456,0.000000
4560,0.000000
4561,0.000000
4562,0.999995
4563,0.000000
4564,1.000000
4565,0.000000
4566,1.000000
4567,1.000000
4568,0.000000
4569,0.000000
457,0.993958
4570,0.982674
4571,0.152806
4572,0.000000
4573,1.000000
4574,0.998693
4575,0.999969
4576,0.000000
4577,1.000000
4578,1.000000
4579,0.000000
458,0.000000
4580,0.999853
4581,0.994383
4582,0.000000
4583,0.000000
4584,0.000000
4585,0.000000
4586,0.999952
4587,0.000000
4588,0.999992
4589,0.000000
459,1.000000
4590,0.999812
4591,0.000000
4592,0.000000
4593,0.999747
4594,1.000000
4595,0.000000
4596,1.000000
4597,0.000000
4598,0.973748
4599,1.000000
46,0.999998
460,0.361798
4600,0.000000
4601,0.000000
4602,0.967486
4603,0.925402
4604,0.000000
4605,0.000000
4606,1.000000
4607,0.000000
4608,0.000000
4609,0.000000
461,0.000000
4610,0.000000
4611,0.000000
4612,0.000000
4613,0.000000
4614,0.000000
4615,0.334243
4616,0.999900
4617,0.000010
4618,1.000000
4619,0.000000
462,0.000000
4620,0.000000
4621,0.000000
4622,0.999572
4623,1.000000
4624,1.000000
4625,0.000000
4626,1.000000
4627,1.000000
4628,0.999992
4629,0.000000
463,0.999969
4630,0.969426
4631,0.998869
4632,0.000000
4633,0.000000
4634,0.000000
4635,0.999842
4636,0.807781
4637,0.990225
4638,0.000000
4639,0.000000
464,0.000000
4640,0.999999
4641,1.000000
4642,0.133200
4643,1.000000
4644,0.000019
4645,0.000000
4646,0.447375
4647,1.000000
4648,0.000000
4649,0.998869
465,0.000000
4650,0.772878
4651,1.000000
4652,0.964526
4653,0.000000
4654,0.999953
4655,0.000000
4656,0.991997
4657,0.000000
4658,0.000000
4659,0.000000
466,0.999982
4660,0.000000
4661,0.000000
4662,0.000000
4663,0.000000
4664,1.000000
4665,0.999999
4666,0.999922
4667,0.996505
4668,1.000000
4669,0.898558
467,1.000000
4670,0.000000
4671,0.999815
4672,0.000000
4673,0.795665
4674,1.000000
4675,1.000000
4676,1.000000
4677,0.999555
4678,0.000000
4679,0.999999
468,0.000000
4680,1.000000
4681,0.000000
4682,0.000000
4683,0.000000
4684,0.963386
4685,1.000000
4686,0.000000
4687,0.000000
4688,0.000000
4689,0.992746
469,0.999893
4690,0.000000
4691,1.000000
4692,0.000000
4693,0.997856
4694,0.000000
4695,0.000000
4696,0.009242
4697,0.000000
4698,1.000000
4699,1.000000
47,0.000000
470,0.999739
4700,1.000000
4701,0.000000
4702,1.000000
4703,0.000000
4704,0.000000
4705,0.916763
4706,0.000000
4707,0.000000
4708,0.999977
4709,0.994746
471,0.000000
4710,1.000000
4711,0.999831
4712,0.000000
4713,0.999994
4714,0.978250
4715,0.843963
4716,0.000003
4717,0.999971
4718,1.000000
4719,0.000000
472,1.000000
4720,0.999954
4721,0.000000
4722,0.000000
4723,0.918481
4724,0.999892
4725,0.000004
4726,1.000000
4727,0.001671
4728,0.000000
4729,0.999819
473,1.000000
4730,0.999999
4731,1.000000
4732,0.959573
4733,0.998096
4734,0.999198
4735,0.000000
4736,0.961336
4737,0.999984
4738,0.998698
4739,0.000000
474,0.989740
4740,0.000000
4741,0.000000
4742,0.000000
4743,0.993600
4744,0.999973
4745,0.956900
4746,0.999984
4747,0.935511
4748,0.994717
4749,0.000000
475,0.999966
4750,1.000000
4751,0.000000
4752,0.000000
4753,0.000000
4754,0.000000
4755,1.000000
4756,1.000000
4757,1.000000
4758,0.000000
4759,0.000000
476,0.000000
4760,0.000000
4761,0.000000
4762,0.001161
4763,0.985107
4764,0.000000
4765,0.999999
4766,0.000000
4767,1.000000
4768,0.000000
4769,0.000000
477,0.067809
4770,0.000007
4771,1.000000
4772,1.000000
4773,1.000000
4774,0.999999
4775,0.000000
4776,0.000000
4777,0.000000
4778,1.000000
4779,0.000000
478,0.000000
4780,1.000000
4781,0.000000
4782,1.000000
4783,1.000000
4784,1.000000
4785,0.000000
4786,0.999681
4787,0.129742
4788,1.000000
4789,0.000000
479,1.000000
4790,0.990044
4791,0.989352
4792,0.941399
4793,0.000000
4794,0.999288
4795,0.808773
4796,0.000000
4797,1.000000
4798,0.000000
4799,1.000000
48,1.000000
480,0.974634
4800,0.000000
4801,0.999968
4802,1.000000
4803,1.000000
4804,1.000000
4805,0.999999
4806,0.000000
4807,0.000000
4808,0.997069
4809,0.000000
481,1.000000
4810,0.000000
4811,0.000602
4812,1.000000
4813,0.000000
4814,1.000000
4815,0.997843
4816,1.000000
4817,0.000000
4818,0.862297
4819,0.000000
482,1.000000
4820,1.000000
4821,0.994598
4822,1.000000
4823,0.999999
4824,1.000000
4825,0.950012
4826,0.999985
4827,0.769627
4828,1.000000
4829,0.000000
483,0.962192
4830,0.000000
4831,0.000000
4832,1.000000
4833,0.000000
4834,0.969901
4835,0.997606
4836,1.000000
4837,0.000000
4838,1.000000
4839,0.000000
484,0.000000
4840,1.000000
4841,0.000000
4842,1.000000
4843,0.999463
4844,0.000000
4845,0.000000
4846,0.996488
4847,0.915286
4848,0.000000
4849,0.999996
485,0.999995
4850,1.000000
4851,0.000000
4852,0.960063
4853,0.000000
4854,1.000000
4855,0.000000
4856,1.000000
4857,0.930243
4858,0.999999
4859,0.000000
486,1.000000
4860,1.000000
4861,0.999954
4862,0.999998
4863,0.000000
4864,0.000000
4865,1.000000
4866,0.969889
4867,0.999998
4868,0.000000
4869,0.000000
487,0.000000
4870,1.000000
4871,1.000000
4872,1.000000
4873,1.000000
4874,1.000000
4875,0.833976
4876,0.000209
4877,0.000000
4878,0.000000
4879,0.985434
488,0.000000
4880,0.000000
4881,0.000000
4882,0.000000
4883,0.962317
4884,0.000000
4885,0.000000
4886,0.000000
4887,0.995377
4888,0.000011
4889,0.999999
489,1.000000
4890,0.970695
4891,0.000001
4892,0.000000
4893,0.000858
4894,0.999821
4895,0.999242
4896,0.000000
4897,0.999416
4898,0.761746
4899,0.000000
49,1.000000
490,0.999999
4900,0.000000
4901,0.999988
4902,1.000000
4903,0.000000
4904,0.000000
4905,0.000000
4906,0.000000
4907,0.000000
4908,0.963727
4909,1.000000
491,1.000000
4910,0.000000
4911,1.000000
4912,1.000000
4913,0.999990
4914,0.000000
4915,1.000000
4916,0.000000
4917,0.000000
4918,0.517529
4919,0.999996
492,0.000000
4920,0.000000
4921,0.000000
4922,0.000000
4923,0.000000
4924,0.960491
4925,0.000000
4926,1.000000
4927,0.963659
4928,0.000000
4929,1.000000
493,0.000000
4930,0.000000
4931,0.999966
4932,0.000000
4933,0.000000
4934,0.000000
4935,0.999962
4936,0.000000
4937,0.999963
4938,0.999214
4939,1.000000
494,0.000000
4940,0.999999
4941,0.991132
4942,0.999781
4943,0.000000
4944,0.000000
4945,0.000000
4946,0.999924
4947,0.000000
4948,0.000000
4949,0.000000
495,0.999859
4950,1.000000
4951,0.000000
4952,1.000000
4953,1.000000
4954,1.000000
4955,1.000000
4956,0.000000
4957,0.000000
4958,0.000000
4959,0.997849
496,1.000000
4960,0.855334
4961,0.000000
4962,1.000000
4963,0.999917
4964,0.000000
4965,0.995828
4966,0.999986
4967,0.000000
4968,0.000000
4969,1.000000
497,0.000000
4970,0.000000
4971,1.000000
4972,0.000000
4973,1.000000
4974,1.000000
4975,0.000000
4976,0.836390
4977,0.002205
4978,0.000000
4979,0.975797
498,0.999998
4980,1.000000
4981,0.000000
4982,1.000000
4983,0.000000
4984,0.999999
4985,0.981447
4986,0.999682
4987,0.000000
4988,1.000000
4989,0.996320
499,0.998815
4990,0.000000
4991,0.000000
4992,1.000000
4993,1.000000
4994,0.000000
4995,0.000000
4996,1.000000
4997,0.000000
4998,1.000000
4999,0.999614
5,0.000000
50,0.000000
500,0.000000
5000,1.000000
5001,0.000000
5002,0.000000
5003,0.997802
5004,0.999753
5005,0.000000
5006,0.000000
5007,0.000000
5008,0.000000
5009,0.000000
501,0.998226
5010,0.000000
5011,0.999999
5012,0.000000
5013,0.000000
5014,0.346614
5015,1.000000
5016,1.000000
5017,0.999978
5018,0.000000
5019,0.928080
502,0.000000
5020,0.000000
5021,0.186921
5022,1.000000
5023,0.000000
5024,1.000000
5025,0.000000
5026,0.000000
5027,0.000000
5028,0.000000
5029,0.005702
503,1.000000
5030,0.978789
5031,0.866689
5032,0.000000
5033,1.000000
5034,0.000000
5035,0.999999
5036,0.999997
5037,0.000000
5038,0.000000
5039,0.000000
504,0.000000
5040,1.000000
5041,0.007409
5042,0.000003
5043,0.000000
5044,0.000000
5045,1.000000
5046,1.000000
5047,0.000021
5048,0.461774
5049,1.000000
505,0.000000
5050,0.000000
5051,0.000000
5052,1.000000
5053,0.000000
5054,0.000000
5055,0.000000
5056,0.994624
5057,0.000000
5058,0.000000
5059,0.000000
506,0.000000
5060,0.999993
5061,0.705500
5062,1.000000
5063,0.714714
5064,0.984634
5065,0.000000
5066,0.933958
5067,1.000000
5068,1.000000
5069,0.999994
507,0.999956
5070,1.000000
5071,1.000000
5072,1.000000
5073,1.000000
5074,0.000000
5075,0.000000
5076,0.000000
5077,1.000000
5078,0.992613
5079,0.000000
508,1.000000
5080,0.999961
5081,1.000000
5082,0.000000
5083,0.000000
5084,0.000000
5085,0.000000
5086,0.992552
5087,0.000000
5088,0.000001
5089,0.996275
509,1.000000
5090,0.999986
5091,0.000000
5092,0.987960
5093,0.998461
5094,0.947853
5095,0.000000
5096,0.999935
5097,0.000000
5098,1.000000
5099,0.000000
51,0.000000
510,1.000000
5100,1.000000
5101,1.000000
5102,0.000000
5103,0.000000
5104,0.000000
5105,0.000000
5106,0.000000
5107,1.000000
5108,0.000000
5109,0.000000
511,1.000000
5110,0.000000
5111,1.000000
5112,0.000000
5113,1.000000
5114,0.999794
5115,0.000000
5116,1.000000
5117,1.000000
5118,1.000000
5119,0.000000
512,0.000000
5120,0.953462
5121,0.963233
5122,0.000000
5123,1.000000
5124,0.000000
5125,0.000000
5126,0.000000
5127,1.000000
5128,0.999993
5129,0.000020
513,1.000000
5130,0.999960
5131,0.000000
5132,0.000000
5133,0.000000
5134,0.000000
5135,1.000000
5136,0.000000
5137,0.000000
5138,0.000000
5139,0.000000
514,0.000000
5140,0.000000
5141,0.999059
5142,0.000000
5143,0.999998
5144,0.000000
5145,1.000000
5146,0.999999
5147,1.000000
5148,0.984952
5149,0.000000
515,0.998250
5150,0.999950
5151,0.000000
5152,0.000000
5153,0.000000
5154,0.000000
5155,1.000000
5156,0.998868
5157,1.000000
5158,0.999998
5159,1.000000
516,1.000000
5160,0.000000
5161,0.000000
5162,1.000000
5163,0.999946
5164,0.682211
5165,0.999863
5166,0.421606
5167,0.000000
5168,0.000000
5169,0.000000
517,1.000000
5170,0.000125
5171,1.000000
5172,1.000000
5173,0.997111
5174,0.000000
5175,0.000008
5176,1.000000
5177,1.000000
5178,0.000000
5179,0.000000
518,0.998294
5180,0.998616
5181,0.000000
5182,0.000000
5183,0.000000
5184,0.000000
5185,0.000000
5186,0.000000
5187,1.000000
5188,0.999999
5189,1.000000
519,0.000000
5190,0.000008
5191,0.999961
5192,0.000000
5193,0.000000
5194,0.999944
5195,0.000000
5196,0.000000
5197,0.000000
5198,0.998667
5199,0.000000
52,0.000000
520,0.000000
5200,1.000000
5201,0.000000
5202,0.000000
5203,0.984743
5204,0.000000
5205,0.000000
5206,0.000000
5207,0.000000
5208,0.000000
5209,0.000000
521,0.999878
5210,0.000000
5211,0.000000
5212,0.999864
5213,0.000000
5214,0.000000
5215,1.000000
5216,0.999861
5217,1.000000
5218,0.993638
5219,0.000000
522,0.000005
5220,1.000000
5221,0.000000
5222,1.000000
5223,0.000000
5224,1.000000
5225,0.397953
5226,0.998319
5227,0.000000
5228,0.999963
5229,0.000000
523,1.000000
5230,0.000000
5231,1.000000
5232,0.622878
5233,0.994603
5234,1.000000
5235,0.999963
5236,0.999999
5237,1.000000
5238,0.988821
5239,1.000000
524,0.000000
5240,0.000000
5241,1.000000
5242,1.000000
5243,0.999482
5244,0.923729
5245,0.000000
5246,0.000000
5247,0.000000
5248,0.000000
5249,0.000000
525,0.000000
5250,0.000000
5251,0.999997
5252,0.000000
5253,0.889801
5254,0.000000
5255,0.000000
5256,1.000000
5257,0.000000
5258,1.000000
5259,0.000000
526,0.000000
5260,0.000000
5261,0.000000
5262,0.000000
5263,0.000000
5264,1.000000
5265,0.000000
5266,1.000000
5267,0.000000
5268,0.947341
5269,0.000000
527,0.991170
5270,0.000000
5271,1.000000
5272,0.000000
5273,0.979545
5274,0.999999
5275,0.000000
5276,1.000000
5277,1.000000
5278,0.962424
5279,1.000000
528,0.999999
5280,0.000000
5281,0.986923
5282,0.000000
5283,0.898309
5284,0.000000
5285,0.000000
5286,0.000000
5287,0.000000
5288,0.997998
5289,0.999265
529,0.000000
5290,0.000000
5291,1.000000
5292,0.862509
5293,1.000000
5294,0.000000
5295,0.000108
5296,0.000000
5297,0.000000
5298,0.000000
5299,0.995265
53,0.000000
530,0.000000
5300,0.000000
5301,0.976376
5302,0.999963
5303,0.000107
5304,1.000000
5305,0.998869
5306,1.000000
5307,0.999919
5308,0.999264
5309,0.000000
531,1.000000
5310,1.000000
5311,0.000000
5312,0.000000
5313,0.000163
5314,1.000000
5315,0.999810
5316,0.000000
5317,1.000000
5318,1.000000
5319,0.000000
532,0.010912
5320,1.000000
5321,0.000000
5322,1.000000
5323,0.000001
5324,0.992915
5325,0.000000
5326,0.999986
5327,0.987352
5328,0.999788
5329,0.000000
533,0.000000
5330,0.000000
5331,0.997337
5332,0.999807
5333,0.999952
5334,0.000000
5335,0.000000
5336,0.976292
5337,1.000000
5338,0.000000
5339,1.000000
534,0.997238
5340,0.811543
5341,0.000000
5342,0.000000
5343,0.999996
5344,1.000000
5345,0.000000
5346,0.960783
5347,0.996591
5348,0.996532
5349,1.000000
535,0.000000
5350,0.999148
5351,0.935126
5352,0.000000
5353,0.000000
5354,0.000000
5355,0.000000
5356,0.000000
5357,1.000000
5358,0.998237
5359,0.056956
536,0.999631
5360,0.000000
5361,1.000000
5362,0.000000
5363,0.000000
5364,0.000176
5365,0.000000
5366,0.999982
5367,0.636707
5368,0.000000
5369,1.000000
537,0.000000
5370,1.000000
5371,0.999284
5372,0.000000
5373,0.000000
5374,0.000000
5375,0.976835
5376,1.000000
5377,0.999764
5378,0.997578
5379,0.000000
538,0.000000
5380,1.000000
5381,0.999974
5382,0.354955
5383,0.997267
5384,0.000000
5385,0.999988
5386,0.000000
5387,0.000000
5388,0.999965
5389,0.000000
539,0.000000
5390,1.000000
5391,1.000000
5392,0.000000
5393,0.988075
5394,1.000000
5395,1.000000
5396,0.989859
5397,0.000000
5398,0.000000
5399,1.000000
54,0.000000
540,0.999955
5400,1.000000
5401,0.000000
5402,0.999997
5403,1.000000
5404,0.997694
5405,0.000000
5406,0.999997
5407,1.000000
5408,0.000000
5409,1.000000
541,0.000000
5410,0.947231
5411,0.999998
5412,0.000000
5413,1.000000
5414,1.000000
5415,0.000000
5416,0.000000
5417,0.000000
5418,1.000000
5419,0.962044
542,1.000000
5420,1.000000
5421,0.942804
5422,0.997519
5423,0.000000
5424,0.000000
5425,0.985712
5426,0.999400
5427,1.000000
5428,1.000000
5429,0.000000
543,0.000000
5430,0.000000
5431,0.995816
5432,1.000000
5433,1.000000
5434,0.999995
5435,0.000000
5436,0.994996
5437,1.000000
5438,1.000000
5439,0.000000
544,0.000000
5440,1.000000
5441,1.000000
5442,1.000000
5443,1.000000
5444,1.000000
5445,0.000000
5446,1.000000
5447,0.998447
5448,1.000000
5449,0.999999
545,1.000000
5450,1.000000
5451,1.000000
5452,0.000000
5453,0.000000
5454,1.000000
5455,1.000000
5456,0.000000
5457,0.952235
5458,0.999999
5459,0.997490
546,0.000005
5460,0.000000
5461,0.000000
5462,0.000000
5463,1.000000
5464,1.000000
5465,1.000000
5466,0.000000
5467,1.000000
5468,1.000000
5469,0.612805
547,1.000000
5470,0.999993
5471,0.985232
5472,0.000000
5473,0.998170
5474,0.000000
5475,0.976001
5476,0.000000
5477,0.000080
5478,0.999704
5479,1.000000
548,0.999987
5480,0.000000
5481,1.000000
5482,0.000000
5483,0.000000
5484,1.000000
5485,1.000000
5486,0.000000
5487,0.999896
5488,1.000000
5489,0.956196
549,0.000000
5490,1.000000
5491,1.000000
5492,0.952658
5493,1.000000
5494,0.511154
5495,0.999998
5496,0.999997
5497,0.071244
5498,0.000000
5499,0.000000
55,0.000000
550,0.000000
5500,0.000000
5501,0.999926
5502,0.000000
5503,0.092245
5504,1.000000
5505,1.000000
5506,0.000000
5507,1.000000
5508,1.000000
5509,0.999990
551,0.000135
5510,1.000000
5511,0.700028
5512,1.000000
5513,0.984384
5514,0.978008
5515,1.000000
5516,0.962546
5517,0.000000
5518,0.000000
5519,1.000000
552,0.999322
5520,1.000000
5521,1.000000
5522,1.000000
5523,0.000000
5524,1.000000
5525,0.000000
5526,0.998355
5527,1.000000
5528,0.999783
5529,0.000000
553,0.000000
5530,0.000000
5531,0.999811
5532,1.000000
5533,0.000000
5534,1.000000
5535,0.000000
5536,0.999535
5537,0.000000
5538,0.000000
5539,1.000000
554,0.000000
5540,0.000000
5541,0.000000
5542,0.000000
5543,0.999799
5544,0.000000
5545,0.000000
5546,0.035203
5547,0.000000
5548,0.999945
5549,0.000000
555,0.999993
5550,0.780611
5551,0.670835
5552,0.000000
5553,0.000000
5554,0.999987
5555,0.999020
5556,0.000000
5557,0.000015
5558,0.988652
5559,1.000000
556,0.000000
5560,0.999084
5561,0.964889
5562,1.000000
5563,0.000000
5564,0.000000
5565,0.999999
5566,0.000000
5567,1.000000
5568,1.000000
5569,0.000016
557,0.925923
5570,0.816421
5571,1.000000
5572,1.000000
5573,0.995492
5574,1.000000
5575,1.000000
5576,0.000000
5577,0.998890
5578,0.866900
5579,0.000000
558,0.991026
5580,1.000000
5581,0.998488
5582,0.000000
5583,0.000000
5584,0.994498
5585,0.999876
5586,0.999964
5587,1.000000
5588,1.000000
5589,0.000000
559,0.999824
5590,0.999988
5591,0.999840
5592,0.999859
5593,0.997083
5594,1.000000
5595,0.000000
5596,0.990574
5597,0.907473
5598,0.000000
5599,0.000000
56,0.997207
560,0.999604
5600,1.000000
5601,1.000000
5602,0.999921
5603,0.000000
5604,1.000000
5605,0.000000
5606,0.000000
5607,1.000000
5608,0.999999
5609,0.000000
561,0.000000
5610,1.000000
5611,0.000000
5612,0.000000
5613,1.000000
5614,0.999881
5615,0.000000
5616,0.000000
5617,0.904633
5618,1.000000
5619,0.999986
562,0.000000
5620,1.000000
5621,0.000000
5622,0.000000
5623,0.000000
5624,0.000000
5625,1.000000
5626,0.000000
5627,0.000000
5628,1.000000
5629,1.000000
563,0.000000
5630,0.993818
5631,0.999994
5632,0.000000
5633,0.999960
5634,0.185267
5635,0.999224
5636,0.000000
5637,0.000000
5638,0.000018
5639,0.173731
564,0.000000
5640,0.999741
5641,0.999997
5642,0.999981
5643,0.000000
5644,0.346970
5645,0.000000
5646,0.000000
5647,0.000000
5648,0.000075
5649,1.000000
565,1.000000
5650,0.993904
5651,0.999997
5652,0.000000
5653,0.997794
5654,0.000000
5655,1.000000
5656,0.006397
5657,0.515929
5658,0.963045
5659,0.000000
566,0.000011
5660,0.999754
5661,0.000000
5662,1.000000
5663,0.000000
5664,0.000000
5665,1.000000
5666,0.000000
5667,1.000000
5668,0.008156
5669,0.000000
567,0.000000
5670,0.992752
5671,0.000877
5672,0.999989
5673,0.000000
5674,0.000000
5675,0.998404
5676,0.995849
5677,1.000000
5678,0.000000
5679,0.000000
568,0.999976
5680,1.000000
5681,0.000000
5682,0.000000
5683,0.000000
5684,0.950857
5685,0.000000
5686,0.000000
5687,0.000000
5688,1.000000
5689,0.874737
569,0.860442
5690,0.999993
5691,1.000000
5692,0.999750
5693,1.000000
5694,0.997498
5695,0.999500
5696,0.000026
5697,1.000000
5698,0.999996
5699,0.000000
57,1.000000
570,0.000000
5700,1.000000
5701,1.000000
5702,0.000000
5703,0.999389
5704,0.000000
5705,0.990631
5706,0.999969
5707,0.000000
5708,0.999762
5709,0.000000
571,0.995399
5710,0.000000
5711,0.994934
5712,0.000000
5713,0.000000
5714,0.000000
5715,1.000000
5716,0.002212
5717,0.758805
5718,0.964216
5719,0.000000
572,0.000106
5720,0.000000
5721,0.000000
5722,0.000001
5723,0.000000
5724,0.000000
5725,0.000000
5726,0.000000
5727,0.000000
5728,0.000000
5729,0.000000
573,0.000000
5730,0.999599
5731,0.076300
5732,1.000000
5733,1.000000
5734,0.000000
5735,1.000000
5736,0.000000
5737,0.982489
5738,0.999982
5739,1.000000
574,1.000000
5740,1.000000
5741,0.000000
5742,0.693808
5743,0.000001
5744,0.000000
5745,0.000000
5746,0.000000
5747,0.999933
5748,1.000000
5749,0.204545
575,0.000000
5750,0.000000
5751,0.997730
5752,1.000000
5753,0.000000
5754,0.000000
5755,0.996533
5756,0.811960
5757,0.000000
5758,0.000000
5759,1.000000
576,0.000027
5760,0.260986
5761,0.000000
5762,0.000000
5763,0.000000
5764,0.000000
5765,0.993255
5766,0.879210
5767,0.000000
5768,0.994832
5769,0.000000
577,0.000002
5770,0.000000
5771,0.925228
5772,1.000000
5773,0.000000
5774,0.000000
5775,0.000000
5776,1.000000
5777,0.999900
5778,0.997797
5779,1.000000
578,0.000000
5780,0.999994
5781,0.000000
5782,1.000000
5783,0.998286
5784,1.000000
5785,0.000000
5786,0.000000
5787,1.000000
5788,0.000000
5789,1.000000
579,0.000000
5790,0.000000
5791,0.000001
5792,0.000000
5793,0.000000
5794,0.998278
5795,0.956255
5796,1.000000
5797,0.000000
5798,1.000000
5799,0.972152
58,0.000000
580,0.000000
5800,0.000000
5801,0.961431
5802,0.000000
5803,0.000000
5804,1.000000
5805,1.000000
5806,0.000000
5807,1.000000
5808,0.993269
5809,1.000000
581,1.000000
5810,0.043313
5811,0.000000
5812,0.000000
5813,0.999843
5814,0.000000
5815,1.000000
5816,0.000000
5817,0.000000
5818,0.000000
5819,0.998133
582,0.999943
5820,1.000000
5821,1.000000
5822,0.000000
5823,0.000000
5824,0.993681
5825,1.000000
5826,0.995800
5827,0.000004
5828,0.999996
5829,1.000000
583,0.000000
5830,0.000000
5831,1.000000
5832,0.000000
5833,0.999999
5834,0.999991
5835,0.000000
5836,0.985777
5837,0.000000
5838,0.000000
5839,0.997124
584,0.000000
5840,0.000000
5841,0.000017
5842,0.975064
5843,1.000000
5844,0.000000
5845,1.000000
5846,0.000000
5847,0.000000
5848,0.173832
5849,1.000000
585,1.000000
5850,0.000000
5851,0.000000
5852,0.999998
5853,0.000000
5854,0.000000
5855,0.000000
5856,0.000000
5857,0.000000
5858,0.998871
5859,0.000000
586,0.000000
5860,0.999999
5861,0.000000
5862,0.999996
5863,0.000000
5864,0.477286
5865,0.000000
5866,0.000001
5867,0.000000
5868,0.000000
5869,1.000000
587,0.000000
5870,0.000000
5871,0.000028
5872,0.000000
5873,1.000000
5874,0.999951
5875,0.000000
5876,0.000000
5877,0.998687
5878,1.000000
5879,0.000000
588,0.000000
5880,1.000000
5881,1.000000
5882,0.999999
5883,0.999834
5884,0.788361
5885,0.000000
5886,1.000000
5887,0.000000
5888,0.000000
5889,0.000076
589,0.000000
5890,1.000000
5891,0.000000
5892,1.000000
5893,1.000000
5894,0.000000
5895,0.000000
5896,0.000000
5897,0.966724
5898,0.999964
5899,0.000001
59,1.000000
590,0.999943
5900,0.000000
5901,1.000000
5902,0.000000
5903,0.000000
5904,0.998918
5905,1.000000
5906,0.000000
5907,0.000000
5908,0.984556
5909,0.000000
591,0.998074
5910,0.000011
5911,1.000000
5912,0.000000
5913,0.000000
5914,0.000000
5915,0.999998
5916,1.000000
5917,1.000000
5918,0.000000
5919,1.000000
592,0.000000
5920,0.000000
5921,0.000000
5922,0.504909
5923,0.965614
5924,0.995924
5925,1.000000
5926,0.000000
5927,0.000000
5928,1.000000
5929,0.997985
593,0.989097
5930,0.999995
5931,1.000000
5932,0.000000
5933,0.000000
5934,0.000000
5935,1.000000
5936,1.000000
5937,0.000000
5938,0.999997
5939,0.000000
594,1.000000
5940,0.000000
5941,0.000000
5942,0.000000
5943,1.000000
5944,1.000000
5945,0.000000
5946,1.000000
5947,0.000000
5948,1.000000
5949,0.000000
595,1.000000
5950,0.000000
5951,0.999990
5952,0.999999
5953,0.000000
5954,0.000000
5955,0.997017
5956,0.000000
5957,1.000000
5958,0.999591
5959,0.967053
596,0.000000
5960,0.000000
5961,0.000000
5962,0.000000
5963,0.000000
5964,0.000000
5965,1.000000
5966,1.000000
5967,0.000000
5968,0.055852
5969,0.978675
597,0.999797
5970,1.000000
5971,1.000000
5972,1.000000
5973,0.953012
5974,0.000000
5975,0.999528
5976,0.999681
5977,0.449043
5978,0.013682
5979,1.000000
598,0.000138
5980,0.000000
5981,0.000000
5982,0.000000
5983,1.000000
5984,1.000000
5985,1.000000
5986,0.000000
5987,0.000000
5988,0.981989
5989,0.999997
599,0.000000
5990,0.917654
5991,0.000000
5992,1.000000
5993,0.980139
5994,0.000000
5995,1.000000
5996,0.000000
5997,0.999984
5998,0.000000
5999,1.000000
6,0.000000
60,0.000000
600,0.000000
6000,0.998814
6001,0.000000
6002,0.000000
6003,0.000000
6004,1.000000
6005,0.000000
6006,0.000000
6007,1.000000
6008,0.000000
6009,0.000000
601,0.954285
6010,0.615758
6011,0.000000
6012,1.000000
6013,0.000000
6014,0.000000
6015,0.000000
6016,1.000000
6017,0.936251
6018,0.000000
6019,0.999993
602,0.000000
6020,0.999999
6021,0.000043
6022,0.984905
6023,0.000000
6024,0.000000
6025,1.000000
6026,1.000000
6027,1.000000
6028,0.999992
6029,0.000000
603,0.000000
6030,0.999448
6031,0.000000
6032,0.000000
6033,0.000000
6034,0.000000
6035,0.000000
6036,0.000000
6037,0.000000
6038,1.000000
6039,0.000000
604,0.000000
6040,0.999999
6041,0.999759
6042,1.000000
6043,0.000000
6044,0.000000
6045,1.000000
6046,0.994856
6047,0.995447
6048,0.000000
6049,0.647143
605,0.000000
6050,0.000000
6051,0.958000
6052,0.000000
6053,0.000000
6054,0.000000
6055,1.000000
6056,0.000000
6057,0.000000
6058,0.000000
6059,0.000000
606,0.000000
6060,0.000000
6061,0.992816
6062,0.000000
6063,0.000000
6064,1.000000
6065,0.998520
6066,0.998309
6067,1.000000
6068,0.000000
6069,0.000000
607,0.999739
6070,1.000000
6071,0.000000
6072,1.000000
6073,0.999653
6074,0.000000
6075,1.000000
6076,0.000000
6077,0.000000
6078,0.999967
6079,1.000000
608,0.999997
6080,1.000000
6081,0.000000
6082,1.000000
6083,0.000000
6084,1.000000
6085,0.969220
6086,1.000000
6087,1.000000
6088,1.000000
6089,1.000000
609,0.000000
6090,0.993691
6091,0.986259
6092,0.000000
6093,1.000000
6094,0.999963
6095,0.000000
6096,0.000000
6097,0.000000
6098,0.000000
6099,0.000000
61,0.000000
610,0.998252
6100,0.000000
6101,0.000000
6102,0.000000
6103,0.999395
6104,0.081700
6105,1.000000
6106,1.000000
6107,1.000000
6108,1.000000
6109,0.999916
611,0.000000
6110,0.000000
6111,0.999965
6112,0.000370
6113,0.000007
6114,0.000000
6115,0.000000
6116,1.000000
6117,1.000000
6118,0.968099
6119,0.000000
612,0.999643
6120,1.000000
6121,0.999992
6122,0.000000
6123,0.994358
6124,0.000000
6125,1.000000
6126,0.999003
6127,0.000008
6128,1.000000
6129,0.000000
613,0.000000
6130,1.000000
6131,0.000000
6132,0.000000
6133,0.000000
6134,1.000000
6135,0.000000
6136,0.000000
6137,0.999570
6138,0.000000
6139,1.000000
614,0.000000
6140,0.998569
6141,0.999997
6142,0.999854
6143,0.000000
6144,0.000000
6145,0.000021
6146,0.000000
6147,0.000000
6148,1.000000
6149,0.000000
615,0.000000
6150,0.000000
6151,0.965130
6152,0.000000
6153,0.000000
6154,0.999986
6155,1.000000
6156,0.000000
6157,0.999516
6158,0.000000
6159,0.000000
616,0.581062
6160,1.000000
6161,0.000000
6162,1.000000
6163,1.000000
6164,0.000000
6165,0.000000
6166,0.000000
6167,0.000000
6168,0.000000
6169,0.962049
617,0.999259
6170,0.000000
6171,0.000000
6172,0.000000
6173,0.075788
6174,0.000000
6175,0.951612
6176,1.000000
6177,1.000000
6178,0.000000
6179,0.000000
618,0.000000
6180,0.999993
6181,0.000000
6182,0.000000
6183,1.000000
6184,0.000000
6185,0.000000
6186,0.999994
6187,1.000000
6188,1.000000
6189,0.000000
619,0.000049
6190,0.000000
6191,0.098223
6192,0.998369
6193,0.999557
6194,0.000000
6195,0.000000
6196,0.000000
6197,0.000002
6198,0.000000
6199,1.000000
62,0.999368
620,0.756727
6200,1.000000
6201,1.000000
6202,0.000000
6203,0.999478
6204,0.000000
6205,0.000000
6206,1.000000
6207,0.991731
6208,0.999996
6209,0.999999
621,0.000000
6210,0.000000
6211,0.000000
6212,0.000000
6213,0.000000
6214,1.000000
6215,0.958499
6216,0.000000
6217,1.000000
6218,1.000000
6219,0.922978
622,0.000000
6220,0.000000
6221,1.000000
6222,0.996084
6223,0.995411
6224,0.999923
6225,1.000000
6226,0.001757
6227,0.000000
6228,0.000000
6229,0.999599
623,0.000000
6230,0.745035
6231,1.000000
6232,1.000000
6233,0.000000
6234,0.009977
6235,0.000000
6236,1.000000
6237,0.999999
6238,0.000000
6239,0.999685
624,0.000000
6240,0.000000
6241,0.997808
6242,1.000000
6243,0.000000
6244,0.928163
6245,1.000000
6246,1.000000
6247,0.000000
6248,0.999912
6249,1.000000
625,0.000000
6250,0.000000
6251,0.000000
6252,0.000000
6253,1.000000
6254,1.000000
6255,0.999585
6256,0.000000
6257,0.999969
6258,0.000000
6259,0.000000
626,0.999993
6260,0.994343
6261,0.000000
6262,0.000000
6263,0.000000
6264,1.000000
6265,1.000000
6266,1.000000
6267,0.000000
6268,0.000000
6269,0.000000
627,0.000000
6270,0.000000
6271,0.000000
6272,0.000000
6273,0.129441
6274,0.000000
6275,0.000000
6276,0.000000
6277,1.000000
6278,0.000000
6279,0.999796
628,0.000000
6280,0.983478
6281,1.000000
6282,0.000061
6283,0.997725
6284,1.000000
6285,0.975082
6286,0.000001
6287,1.000000
6288,1.000000
6289,1.000000
629,1.000000
6290,1.000000
6291,0.000000
6292,0.982670
6293,0.995528
6294,0.999065
6295,1.000000
6296,0.000000
6297,0.000000
6298,0.000000
6299,0.000000
63,0.000000
630,1.000000
6300,0.000000
6301,1.000000
6302,0.998709
6303,0.000000
6304,0.000000
6305,1.000000
6306,0.999999
6307,1.000000
6308,0.000000
6309,1.000000
631,1.000000
6310,0.792569
6311,0.000000
6312,0.150644
6313,1.000000
6314,0.000000
6315,1.000000
6316,0.000000
6317,1.000000
6318,1.000000
6319,1.000000
632,1.000000
6320,0.000000
6321,1.000000
6322,0.187404
6323,0.999573
6324,0.000000
6325,0.000004
6326,0.000000
6327,0.995537
6328,0.000000
6329,0.000000
633,0.999999
6330,0.000000
6331,0.999747
6332,1.000000
6333,0.000000
6334,0.000098
6335,0.000000
6336,0.000000
6337,0.000000
6338,0.000000
6339,0.000000
634,0.000000
6340,1.000000
6341,1.000000
6342,0.000000
6343,0.000000
6344,0.000000
6345,0.000000
6346,0.000000
6347,0.604756
6348,0.826607
6349,0.999684
635,0.987692
6350,0.000000
6351,0.999997
6352,0.000000
6353,0.000005
6354,0.982437
6355,1.000000
6356,0.596473
6357,0.000000
6358,0.000000
6359,0.000000
636,0.534025
6360,0.000000
6361,0.720308
6362,0.000000
6363,0.555500
6364,0.000000
6365,1.000000
6366,0.000000
6367,1.000000
6368,0.999990
6369,0.000000
637,1.000000
6370,0.000000
6371,0.000000
6372,0.000000
6373,0.847359
6374,0.000000
6375,0.997474
6376,0.000000
6377,1.000000
6378,0.000022
6379,1.000000
638,0.000000
6380,0.000000
6381,0.000000
6382,0.000000
6383,0.000000
6384,1.000000
6385,1.000000
6386,0.000000
6387,0.991137
6388,0.999370
6389,0.999998
639,0.000001
6390,0.000000
6391,0.973995
6392,0.000000
6393,0.994819
6394,0.999999
6395,1.000000
6396,0.000000
6397,0.888747
6398,1.000000
6399,1.000000
64,0.000000
640,0.000000
6400,1.000000
6401,0.000000
6402,1.000000
6403,0.000000
6404,0.988538
6405,0.000000
6406,1.000000
6407,0.000000
6408,0.000000
6409,1.000000
641,1.000000
6410,0.000000
6411,0.000000
6412,0.000000
6413,0.000000
6414,0.000000
6415,0.723266
6416,0.000000
6417,0.012592
6418,0.000000
6419,0.000000
642,0.000001
6420,1.000000
6421,0.984948
6422,1.000000
6423,0.000000
6424,0.000000
6425,0.000000
6426,0.997870
6427,0.000000
6428,1.000000
6429,1.000000
643,1.000000
6430,0.000000
6431,0.950968
6432,0.999995
6433,0.937194
6434,0.000000
6435,0.999968
6436,1.000000
6437,0.000000
6438,0.999998
6439,1.000000
644,1.000000
6440,0.000000
6441,0.000000
6442,0.000000
6443,0.998996
6444,0.285477
6445,1.000000
6446,1.000000
6447,1.000000
6448,0.994758
6449,0.999896
645,0.000000
6450,1.000000
6451,0.000000
6452,0.000000
6453,0.999711
6454,0.000000
6455,0.999947
6456,0.000000
6457,0.999998
6458,0.000000
6459,0.000000
646,0.000000
6460,0.999543
6461,0.999999
6462,1.000000
6463,0.000000
6464,0.999722
6465,0.000000
6466,1.000000
6467,0.998096
6468,0.959004
6469,0.999113
647,0.000000
6470,0.000000
6471,0.000000
6472,0.000061
6473,0.999978
6474,0.000000
6475,0.770895
6476,0.996060
6477,0.000000
6478,1.000000
6479,0.000000
648,0.000000
6480,1.000000
6481,0.487429
6482,1.000000
6483,0.000000
6484,0.000000
6485,1.000000
6486,0.000000
6487,0.000000
6488,0.000000
6489,0.000261
649,0.000000
6490,0.000000
6491,1.000000
6492,0.999998
6493,0.995427
6494,0.000000
6495,0.000000
6496,0.000000
6497,0.999213
6498,0.000000
6499,0.999996
65,1.000000
650,1.000000
6500,0.991246
6501,0.000000
6502,1.000000
6503,1.000000
6504,0.000000
6505,0.000000
6506,1.000000
6507,0.987938
6508,0.000000
6509,0.000000
651,0.989792
6510,0.771705
6511,1.000000
6512,0.999419
6513,0.000000
6514,0.999920
6515,0.000000
6516,0.999727
6517,0.990473
6518,0.000000
6519,0.000000
652,1.000000
6520,0.000000
6521,0.000000
6522,0.000000
6523,0.994516
6524,1.000000
6525,0.996808
6526,0.997158
6527,0.892650
6528,0.000000
6529,0.998447
653,0.000000
6530,0.999299
6531,0.000000
6532,1.000000
6533,0.000011
6534,0.000000
6535,0.000000
6536,1.000000
6537,0.000000
6538,0.000000
6539,1.000000
654,1.000000
6540,0.999995
6541,0.000000
6542,0.923306
6543,0.000000
6544,0.999995
6545,0.999976
6546,0.999999
6547,0.000000
6548,0.000000
6549,1.000000
655,0.999728
6550,0.000000
6551,0.999994
6552,0.018360
6553,0.000000
6554,1.000000
6555,0.000000
6556,1.000000
6557,0.000000
6558,0.000000
6559,0.000000
656,1.000000
6560,0.957135
6561,0.000000
6562,0.000000
6563,0.000003
6564,1.000000
6565,0.000000
6566,0.999064
6567,1.000000
6568,0.000000
6569,0.981085
657,1.000000
6570,0.000000
6571,0.000000
6572,1.000000
6573,1.000000
6574,0.999579
6575,0.000000
6576,0.000000
6577,0.999627
6578,0.000000
6579,0.000000
658,1.000000
6580,0.999997
6581,0.000000
6582,0.918661
6583,0.970584
6584,0.000000
6585,1.000000
6586,1.000000
6587,0.000000
6588,0.906874
6589,1.000000
659,0.000000
6590,1.000000
6591,1.000000
6592,0.999995
6593,0.999997
6594,0.000000
6595,0.000000
6596,0.999999
6597,0.000000
6598,0.000000
6599,1.000000
66,0.899244
660,0.000000
6600,1.000000
6601,0.000000
6602,1.000000
6603,0.000000
6604,0.000000
6605,0.000000
6606,0.999997
6607,1.000000
6608,0.999997
6609,0.000000
661,1.000000
6610,1.000000
6611,0.999362
6612,0.000000
6613,0.000000
6614,0.000111
6615,0.999998
6616,0.000000
6617,0.000000
6618,0.000000
6619,1.000000
662,0.000000
6620,1.000000
6621,1.000000
6622,0.993508
6623,0.000000
6624,0.000000
6625,0.999997
6626,0.000000
6627,0.999532
6628,0.997387
6629,0.999615
663,0.000000
6630,0.507083
6631,1.000000
6632,0.999555
6633,0.000000
6634,0.000000
6635,0.999778
6636,1.000000
6637,1.000000
6638,0.000000
6639,0.000000
664,0.000000
6640,1.000000
6641,0.901074
6642,0.000000
6643,0.999832
6644,0.000000
6645,0.000000
6646,0.618864
6647,0.000000
6648,1.000000
6649,0.985139
665,0.000000
6650,0.991612
6651,1.000000
6652,1.000000
6653,1.000000
6654,1.000000
6655,0.000000
6656,0.000000
6657,0.000000
6658,0.000000
6659,0.998522
666,0.000053
6660,0.000000
6661,1.000000
6662,1.000000
6663,0.999901
6664,1.000000
6665,0.999998
6666,0.010184
6667,0.000000
6668,0.999563
6669,0.000000
667,1.000000
6670,1.000000
6671,0.988756
6672,0.999842
6673,0.000000
6674,1.000000
6675,1.000000
6676,0.962675
6677,0.000000
6678,0.000000
6679,0.997631
668,0.999574
6680,0.000000
6681,0.000000
6682,0.000000
6683,0.000000
6684,0.029407
6685,0.999999
6686,0.000000
6687,0.000000
6688,1.000000
6689,0.000000
669,1.000000
6690,0.000000
6691,0.000000
6692,0.000000
6693,0.000000
6694,0.000000
6695,0.004127
6696,0.000000
6697,0.000000
6698,0.000000
6699,1.000000
67,1.000000
670,0.962721
6700,1.000000
6701,1.000000
6702,0.000000
6703,0.999774
6704,0.999956
6705,0.000000
6706,0.000000
6707,1.000000
6708,1.000000
6709,0.000000
671,0.000000
6710,1.000000
6711,0.000000
6712,1.000000
6713,0.000000
6714,0.000000
6715,1.000000
6716,1.000000
6717,0.000000
6718,1.000000
6719,0.000749
672,0.000000
6720,0.998650
6721,0.999983
6722,1.000000
6723,0.000000
6724,0.000000
6725,0.999944
6726,0.000000
6727,0.000000
6728,1.000000
6729,1.000000
673,0.000000
6730,0.000000
6731,0.999039
6732,0.999877
6733,0.966794
6734,1.000000
6735,0.986903
6736,0.000000
6737,0.997855
6738,1.000000
6739,0.000000
674,0.000000
6740,0.000000
6741,1.000000
6742,0.999901
6743,0.000028
6744,0.000000
6745,0.999984
6746,0.000000
6747,0.000044
6748,0.000000
6749,0.002095
675,0.892222
6750,0.000000
6751,1.000000
6752,0.000000
6753,1.000000
6754,1.000000
6755,0.000000
6756,0.000000
6757,1.000000
6758,0.000000
6759,0.997073
676,0.999989
6760,0.000000
6761,0.999701
6762,0.000000
6763,1.000000
6764,0.000000
6765,0.000000
6766,0.907684
6767,0.902898
6768,0.000000
6769,0.000000
677,0.000000
6770,0.000000
6771,1.000000
6772,0.976354
6773,0.999988
6774,0.998261
6775,1.000000
6776,0.000000
6777,0.000000
6778,0.000000
6779,0.142911
678,0.029297
6780,0.000000
6781,0.000000
6782,0.000000
6783,0.000000
6784,0.000000
6785,0.000000
6786,1.000000
6787,0.999587
6788,0.000000
6789,0.000000
679,1.000000
6790,1.000000
6791,0.992058
6792,1.000000
6793,0.000000
6794,1.000000
6795,0.000000
6796,0.000000
6797,1.000000
6798,0.000000
6799,1.000000
68,0.000000
680,0.000000
6800,0.999994
6801,0.000000
6802,1.000000
6803,0.999999
6804,0.990656
6805,0.000000
6806,0.999988
6807,0.000000
6808,0.000000
6809,0.894659
681,0.998450
6810,0.000000
6811,1.000000
6812,0.000000
6813,0.999340
6814,0.999998
6815,0.893546
6816,0.968727
6817,0.000000
6818,0.999983
6819,1.000000
682,0.000000
6820,0.998738
6821,0.000000
6822,0.999980
6823,0.987036
6824,1.000000
6825,0.999995
6826,0.000000
6827,0.996516
6828,0.998507
6829,0.000000
683,0.000000
6830,0.000000
6831,1.000000
6832,0.999938
6833,0.306706
6834,1.000000
6835,1.000000
6836,0.000000
6837,0.000002
6838,0.000000
6839,0.999999
684,1.000000
6840,1.000000
6841,0.000000
6842,0.999994
6843,1.000000
6844,0.999999
6845,0.000000
6846,0.975586
6847,1.000000
6848,0.000000
6849,0.999642
685,0.999999
6850,1.000000
6851,0.000000
6852,1.000000
6853,1.000000
6854,0.997098
6855,0.000000
6856,1.000000
6857,0.829786
6858,0.999491
6859,1.000000
686,0.996842
6860,0.000000
6861,0.000000
6862,0.999999
6863,0.000000
6864,0.000000
6865,0.000000
6866,1.000000
6867,0.000000
6868,0.999939
6869,0.987560
687,1.000000
6870,1.000000
6871,0.000000
6872,1.000000
6873,0.000000
6874,0.000000
6875,0.887745
6876,0.981664
6877,0.000000
6878,0.000000
6879,0.994363
688,1.000000
6880,0.000000
6881,0.000000
6882,0.000000
6883,0.981253
6884,0.001712
6885,1.000000
6886,1.000000
6887,1.000000
6888,0.000000
6889,0.000001
689,0.000000
6890,0.000000
6891,0.000000
6892,0.984091
6893,0.000000
6894,0.000000
6895,1.000000
6896,0.000000
6897,0.000000
6898,0.000000
6899,1.000000
69,0.990642
690,0.999853
6900,0.000000
6901,1.000000
6902,0.788949
6903,0.000000
6904,0.000000
6905,0.000000
6906,1.000000
6907,1.000000
6908,0.972311
6909,0.134080
691,1.000000
6910,0.754663
6911,1.000000
6912,1.000000
6913,0.000000
6914,0.999944
6915,0.000000
6916,0.643502
6917,0.000000
6918,1.000000
6919,0.000000
692,0.000000
6920,1.000000
6921,0.000000
6922,0.000000
6923,1.000000
6924,0.000000
6925,0.000000
6926,1.000000
6927,0.000000
6928,0.997620
6929,0.999737
693,0.905045
6930,0.000000
6931,0.000000
6932,0.998749
6933,0.000000
6934,1.000000
6935,0.000000
6936,1.000000
6937,0.000000
6938,0.999990
6939,0.000000
694,0.167592
6940,0.000000
6941,0.999858
6942,0.000000
6943,0.000000
6944,1.000000
6945,0.994455
6946,0.000000
6947,0.998802
6948,1.000000
6949,1.000000
695,1.000000
6950,0.000040
6951,0.000000
6952,0.990759
6953,1.000000
6954,0.000000
6955,1.000000
6956,0.941764
6957,0.000000
6958,0.999995
6959,0.000000
696,0.000000
6960,0.000000
6961,0.000000
6962,0.866256
6963,1.000000
6964,0.000000
6965,0.000000
6966,0.000000
6967,0.863304
6968,0.000000
6969,0.000000
697,0.000106
6970,0.000000
6971,0.000000
6972,1.000000
6973,0.000000
6974,1.000000
6975,0.000000
6976,0.291152
6977,0.000000
6978,0.999982
6979,0.000001
698,0.000000
6980,1.000000
6981,0.000000
6982,0.993588
6983,0.000000
6984,1.000000
6985,1.000000
6986,1.000000
6987,0.063317
6988,0.000000
6989,0.000000
699,0.000000
6990,0.000000
6991,0.000000
6992,1.000000
6993,0.000000
6994,1.000000
6995,0.000000
6996,0.947621
6997,0.998760
6998,0.000000
6999,1.000000
7,0.000000
70,1.000000
700,0.999781
7000,0.992311
7001,1.000000
7002,0.998357
7003,0.000000
7004,0.000000
7005,0.000000
7006,1.000000
7007,0.000000
7008,0.830300
7009,0.000000
701,0.000000
7010,1.000000
7011,0.000000
7012,0.000000
7013,1.000000
7014,0.000000
7015,0.000000
7016,0.000000
7017,1.000000
7018,1.000000
7019,0.000000
702,0.000000
7020,0.000001
7021,0.000000
7022,0.000000
7023,0.000000
7024,0.000000
7025,0.000000
7026,1.000000
7027,0.000000
7028,0.000000
7029,0.000000
703,0.000000
7030,0.000000
7031,0.996588
7032,0.000000
7033,0.000313
7034,0.990186
7035,1.000000
7036,1.000000
7037,0.972731
7038,0.000000
7039,0.000474
704,0.000000
7040,0.000000
7041,0.000000
7042,0.000035
7043,1.000000
7044,0.000027
7045,0.000000
7046,0.000000
7047,0.999997
7048,0.000000
7049,0.000000
705,0.998640
7050,0.000000
7051,1.000000
7052,1.000000
7053,0.012159
7054,1.000000
7055,1.000000
7056,0.000000
7057,0.000000
7058,0.000000
7059,1.000000
706,1.000000
7060,0.000000
7061,0.000000
7062,0.000000
7063,0.000000
7064,0.000000
7065,1.000000
7066,1.000000
7067,0.000000
7068,1.000000
7069,1.000000
707,1.000000
7070,0.000000
7071,0.000000
7072,0.994634
7073,0.993073
7074,1.000000
7075,0.000001
7076,1.000000
7077,1.000000
7078,1.000000
7079,0.999801
708,1.000000
7080,1.000000
7081,0.998723
7082,1.000000
7083,1.000000
7084,0.000000
7085,0.987218
7086,0.000000
7087,0.000000
7088,0.999410
7089,0.000000
709,1.000000
7090,0.110462
7091,0.000000
7092,0.000000
7093,0.992173
7094,0.000000
7095,0.000000
7096,1.000000
7097,1.000000
7098,0.999997
7099,0.000000
71,0.998396
710,0.965080
7100,0.000004
7101,0.000769
7102,0.999991
7103,0.000000
7104,1.000000
7105,0.013534
7106,0.000000
7107,0.998918
7108,0.000000
7109,0.000000
711,0.000000
7110,0.999890
7111,1.000000
7112,0.944788
7113,0.000000
7114,0.993672
7115,0.000000
7116,0.999994
7117,0.999835
7118,0.000000
7119,1.000000
712,1.000000
7120,1.000000
7121,1.000000
7122,0.000000
7123,1.000000
7124,0.000000
7125,0.000000
7126,0.000000
7127,0.879033
7128,0.000000
7129,0.721306
713,1.000000
7130,1.000000
7131,0.985802
7132,0.000000
7133,0.998930
7134,0.718048
7135,0.999810
7136,1.000000
7137,0.000000
7138,0.999991
7139,0.992945
714,0.000000
7140,0.000000
7141,1.000000
7142,1.000000
7143,0.999967
7144,1.000000
7145,0.000000
7146,0.000000
7147,0.000000
7148,0.999888
7149,0.999949
715,1.000000
7150,0.000000
7151,0.000044
7152,0.000000
7153,1.000000
7154,0.000000
7155,0.000000
7156,0.000000
7157,0.000000
7158,0.989937
7159,0.000000
716,0.023702
7160,0.000000
7161,0.999172
7162,0.000000
7163,0.000000
7164,0.000000
7165,0.136236
7166,0.974598
7167,0.000000
7168,1.000000
7169,1.000000
717,0.000000
7170,0.000000
7171,0.000000
7172,0.000000
7173,0.000000
7174,0.000000
7175,0.000000
7176,0.000000
7177,0.000000
7178,0.000000
7179,0.997241
718,1.000000
7180,1.000000
7181,1.000000
7182,0.000000
7183,0.999996
7184,0.000000
7185,0.000017
7186,0.925797
7187,0.000000
7188,0.999102
7189,1.000000
719,0.977244
7190,1.000000
7191,0.000020
7192,0.000000
7193,0.000000
7194,0.000000
7195,0.976142
7196,0.000000
7197,0.000000
7198,0.999766
7199,0.000000
72,1.000000
720,0.000000
7200,0.999872
7201,0.000000
7202,0.000000
7203,0.000000
7204,0.000000
7205,0.000000
7206,1.000000
7207,0.000000
7208,0.000000
7209,0.981296
721,0.000000
7210,0.000000
7211,0.000000
7212,0.000000
7213,1.000000
7214,0.998055
7215,0.000000
7216,0.000000
7217,0.000000
7218,0.987401
7219,1.000000
722,0.000000
7220,0.999766
7221,0.007366
7222,0.000000
7223,1.000000
7224,0.000000
7225,0.013621
7226,1.000000
7227,0.000000
7228,0.995530
7229,0.000000
723,0.977320
7230,0.723141
7231,1.000000
7232,0.000093
7233,0.000000
7234,0.999859
7235,0.000000
7236,0.000002
7237,0.995253
7238,0.999416
7239,0.000000
724,1.000000
7240,0.000000
7241,0.000000
7242,0.000000
7243,0.000000
7244,0.000000
7245,0.999981
7246,1.000000
7247,0.999999
7248,1.000000
7249,0.000000
725,1.000000
7250,0.000000
7251,1.000000
7252,0.999971
7253,0.000000
7254,0.999996
7255,0.981410
7256,1.000000
7257,0.999994
7258,0.000000
7259,0.999999
726,0.000000
7260,0.999938
7261,1.000000
7262,0.000000
7263,0.000000
7264,1.000000
7265,0.999994
7266,0.000000
7267,0.962484
7268,0.000841
7269,0.000000
727,0.937575
7270,0.000000
7271,1.000000
7272,0.000000
7273,0.000000
7274,0.999720
7275,0.000051
7276,0.000000
7277,0.000000
7278,0.000000
7279,0.897840
728,0.000000
7280,0.932191
7281,0.991322
7282,0.000000
7283,0.999944
7284,0.000000
7285,1.000000
7286,0.000000
7287,0.000000
7288,0.000000
7289,0.000000
729,0.000000
7290,0.000050
7291,0.999994
7292,0.000000
7293,0.931611
7294,1.000000
7295,0.000000
7296,0.000000
7297,0.000000
7298,0.947810
7299,0.000000
73,1.000000
730,1.000000
7300,1.000000
7301,0.000000
7302,0.000001
7303,0.000002
7304,0.000000
7305,1.000000
7306,0.959181
7307,0.000000
7308,0.000000
7309,0.999999
731,1.000000
7310,0.000000
7311,0.000000
7312,0.000000
7313,0.000000
7314,0.999994
7315,1.000000
7316,1.000000
7317,0.000000
7318,0.000000
7319,0.995549
732,0.999987
7320,0.000000
7321,0.743667
7322,0.000000
7323,0.994586
7324,0.000000
7325,0.000000
7326,0.999404
7327,0.995260
7328,0.999948
7329,0.000000
733,0.000000
7330,0.000000
7331,0.000000
7332,0.999958
7333,0.000000
7334,1.000000
7335,0.000000
7336,1.000000
7337,0.000000
7338,1.000000
7339,0.000000
734,0.000000
7340,0.000000
7341,0.952910
7342,0.000000
7343,1.000000
7344,0.996935
7345,0.000000
7346,1.000000
7347,1.000000
7348,1.000000
7349,0.000009
735,0.999994
7350,0.999806
7351,0.000000
7352,0.999998
7353,1.000000
7354,0.000000
7355,0.000000
7356,0.000000
7357,0.000000
7358,1.000000
7359,0.886542
736,0.999997
7360,0.000004
7361,0.999994
7362,0.000000
7363,0.000000
7364,1.000000
7365,1.000000
7366,0.000000
7367,1.000000
7368,0.997763
7369,0.000000
737,0.000000
7370,0.959586
7371,1.000000
7372,1.000000
7373,0.000000
7374,1.000000
7375,1.000000
7376,0.000225
7377,0.000000
7378,0.941103
7379,0.999568
738,1.000000
7380,0.000000
7381,0.000000
7382,0.000000
7383,0.000000
7384,0.000001
7385,0.000000
7386,0.000000
7387,0.000000
7388,0.000000
7389,0.000000
739,0.961500
7390,0.783994
7391,0.000000
7392,0.966646
7393,1.000000
7394,0.000000
7395,0.999861
7396,0.000000
7397,0.000000
7398,1.000000
7399,0.999998
74,0.999999
740,0.000000
7400,0.987426
7401,0.000000
7402,0.000000
7403,1.000000
7404,1.000000
7405,0.000000
7406,0.995261
7407,1.000000
7408,0.000000
7409,0.000000
741,0.000000
7410,0.720849
7411,0.000108
7412,1.000000
7413,1.000000
7414,0.000000
7415,0.997890
7416,0.000000
7417,1.000000
7418,0.718828
7419,0.000000
742,1.000000
7420,0.999998
7421,1.000000
7422,0.999978
7423,1.000000
7424,0.000000
7425,0.000000
7426,0.000000
7427,1.000000
7428,0.000000
7429,0.000000
743,0.983644
7430,1.000000
7431,0.999999
7432,0.000000
7433,0.000000
7434,0.882108
7435,0.999777
7436,1.000000
7437,0.000000
7438,0.000000
7439,0.999926
744,0.918971
7440,0.000000
7441,0.000000
7442,0.000000
7443,1.000000
7444,0.000000
7445,0.928541
7446,0.999374
7447,0.041029
7448,1.000000
7449,1.000000
745,1.000000
7450,1.000000
7451,0.982746
7452,0.000000
7453,0.961670
7454,1.000000
7455,1.000000
7456,0.000000
7457,0.999583
7458,1.000000
7459,0.000000
746,0.995700
7460,0.000000
7461,0.999602
7462,0.999991
7463,0.974868
7464,0.000000
7465,1.000000
7466,0.000000
7467,0.999993
7468,1.000000
7469,1.000000
747,1.000000
7470,1.000000
7471,0.000000
7472,0.000000
7473,0.999972
7474,0.000000
7475,1.000000
7476,0.000000
7477,0.000000
7478,0.000000
7479,1.000000
748,0.000000
7480,0.000008
7481,0.000000
7482,0.000000
7483,0.000000
7484,1.000000
7485,0.000000
7486,0.000000
7487,0.999836
7488,0.000000
7489,1.000000
749,0.000000
7490,0.999336
7491,0.000000
7492,1.000000
7493,1.000000
7494,1.000000
7495,0.000000
7496,0.999997
7497,0.000000
7498,0.000000
7499,1.000000
75,0.000001
750,0.999974
7500,0.114214
7501,0.000000
7502,1.000000
7503,0.432404
7504,1.000000
7505,1.000000
7506,0.000000
7507,0.000000
7508,0.000000
7509,1.000000
751,0.000000
7510,1.000000
7511,0.000000
7512,0.000000
7513,0.000000
7514,0.270748
7515,0.000114
7516,1.000000
7517,1.000000
7518,1.000000
7519,0.930351
752,0.999902
7520,0.999961
7521,1.000000
7522,0.000000
7523,1.000000
7524,1.000000
7525,0.000000
7526,0.998420
7527,0.000000
7528,0.999180
7529,1.000000
753,0.000013
7530,0.999996
7531,0.999966
7532,0.978605
7533,0.000000
7534,1.000000
7535,0.000000
7536,0.999997
7537,1.000000
7538,1.000000
7539,0.000000
754,0.000000
7540,0.000000
7541,0.868329
7542,1.000000
7543,0.615498
7544,1.000000
7545,1.000000
7546,0.991852
7547,1.000000
7548,0.999934
7549,0.000000
755,0.000000
7550,0.846522
7551,1.000000
7552,0.999945
7553,1.000000
7554,1.000000
7555,1.000000
7556,0.000000
7557,0.000000
7558,1.000000
7559,0.981778
756,0.000000
7560,1.000000
7561,0.000000
7562,0.987858
7563,1.000000
7564,1.000000
7565,0.000000
7566,0.000000
7567,1.000000
7568,0.000000
7569,0.999847
757,0.999981
7570,0.000000
7571,0.065489
7572,1.000000
7573,0.000000
7574,0.732241
7575,0.000000
7576,0.000001
7577,1.000000
7578,0.966394
7579,1.000000
758,0.000000
7580,1.000000
7581,0.000000
7582,0.998097
7583,0.000000
7584,0.728454
7585,1.000000
7586,0.000000
7587,0.931262
7588,0.000000
7589,1.000000
759,0.000000
7590,0.554716
7591,0.999475
7592,0.018023
7593,0.000000
7594,1.000000
7595,0.994285
7596,0.991574
7597,0.000000
7598,0.000000
7599,0.969253
76,0.999988
760,0.999907
7600,1.000000
7601,1.000000
7602,0.000000
7603,1.000000
7604,0.000000
7605,0.000000
7606,1.000000
7607,0.000000
7608,0.999945
7609,1.000000
761,1.000000
7610,0.000000
7611,0.000000
7612,1.000000
7613,1.000000
7614,0.000000
7615,1.000000
7616,0.999991
7617,0.000000
7618,0.000000
7619,0.000000
762,0.000000
7620,0.000000
7621,0.000000
7622,0.991109
7623,0.999895
7624,0.000000
7625,0.999998
7626,0.000000
7627,0.992445
7628,1.000000
7629,0.000000
763,1.000000
7630,0.000000
7631,0.997355
7632,0.000000
7633,0.000000
7634,0.000000
7635,0.000021
7636,0.000003
7637,1.000000
7638,0.000000
7639,0.000000
764,0.000000
7640,0.000000
7641,0.993489
7642,0.995756
7643,1.000000
7644,1.000000
7645,1.000000
7646,0.000000
7647,1.000000
7648,1.000000
7649,0.000000
765,1.000000
7650,0.000001
7651,0.000000
7652,0.997618
7653,1.000000
7654,0.997948
7655,0.000001
7656,0.000000
7657,0.000000
7658,1.000000
7659,0.999998
766,0.990894
7660,1.000000
7661,0.000000
7662,1.000000
7663,0.999998
7664,0.977865
7665,1.000000
7666,1.000000
7667,0.999695
7668,1.000000
7669,1.000000
767,1.000000
7670,0.000000
7671,0.996762
7672,0.000000
7673,0.000000
7674,1.000000
7675,0.000000
7676,0.000000
7677,0.000000
7678,0.999937
7679,0.000000
768,1.000000
7680,1.000000
7681,1.000000
7682,0.000000
7683,0.999979
7684,0.999589
7685,0.000000
7686,0.000000
7687,0.000000
7688,0.000000
7689,0.000000
769,0.999826
7690,0.000000
7691,0.999965
7692,0.000000
7693,0.000000
7694,0.999999
7695,0.980416
7696,1.000000
7697,0.000000
7698,0.000000
7699,0.000000
77,1.000000
770,0.999968
7700,0.112980
7701,0.997543
7702,0.000000
7703,0.000000
7704,1.000000
7705,1.000000
7706,0.999739
7707,0.993668
7708,0.000000
7709,0.000000
771,0.000000
7710,0.397570
7711,1.000000
7712,0.000000
7713,0.999901
7714,0.000000
7715,0.998386
7716,0.999605
7717,1.000000
7718,0.000000
7719,0.981966
772,0.000000
7720,0.000000
7721,0.000000
7722,0.996113
7723,1.000000
7724,0.000000
7725,1.000000
7726,0.000000
7727,0.000000
7728,0.999983
7729,0.338085
773,1.000000
7730,0.000000
7731,0.000000
7732,0.999993
7733,0.000000
7734,1.000000
7735,1.000000
7736,0.983819
7737,0.999955
7738,1.000000
7739,0.000000
774,0.000000
7740,0.000000
7741,0.000000
7742,0.000000
7743,0.000000
7744,0.000000
7745,1.000000
7746,0.000000
7747,1.000000
7748,1.000000
7749,0.000000
775,0.000000
7750,0.000000
7751,1.000000
7752,0.878186
7753,0.000000
7754,0.000000
7755,0.000000
7756,0.978532
7757,0.000000
7758,0.999752
7759,0.000000
776,0.000000
7760,0.563821
7761,0.000000
7762,0.000000
7763,0.000000
7764,1.000000
7765,0.988098
7766,0.999290
7767,0.000000
7768,0.000000
7769,1.000000
777,0.999980
7770,0.000000
7771,0.000000
7772,0.000000
7773,0.000000
7774,1.000000
7775,1.000000
7776,1.000000
7777,0.000000
7778,0.000000
7779,0.000000
778,0.000000
7780,0.000000
7781,0.000000
7782,0.160106
7783,0.999999
7784,0.000000
7785,1.000000
7786,0.000000
7787,0.895831
7788,0.996729
7789,1.000000
779,1.000000
7790,1.000000
7791,0.000000
7792,0.000000
7793,0.000000
7794,0.000000
7795,0.000000
7796,1.000000
7797,1.000000
7798,1.000000
7799,1.000000
78,0.954468
780,1.000000
7800,0.999314
7801,0.000123
7802,0.000000
7803,1.000000
7804,0.999996
7805,0.000000
7806,0.000000
7807,0.999300
7808,0.000000
7809,0.000000
781,1.000000
7810,0.000000
7811,0.000000
7812,0.997778
7813,0.998645
7814,1.000000
7815,0.999175
7816,0.999946
7817,1.000000
7818,1.000000
7819,0.000000
782,0.001869
7820,1.000000
7821,0.000000
7822,0.999978
7823,0.999915
7824,0.000000
7825,0.000000
7826,0.999834
7827,1.000000
7828,1.000000
7829,0.000601
783,1.000000
7830,0.849425
7831,0.000008
7832,0.000000
7833,0.000000
7834,1.000000
7835,0.593427
7836,0.999992
7837,1.000000
7838,0.999998
7839,1.000000
784,1.000000
7840,0.998792
7841,0.000000
7842,0.965537
7843,0.989573
7844,0.000000
7845,0.999940
7846,0.160615
7847,0.000000
7848,0.999276
7849,1.000000
785,0.000000
7850,0.000000
7851,0.000000
7852,0.000001
7853,1.000000
7854,0.000000
7855,0.000000
7856,1.000000
7857,0.000000
7858,0.000000
7859,0.000000
786,1.000000
7860,0.045281
7861,0.996912
7862,0.000000
7863,0.000000
7864,0.999998
7865,0.000000
7866,0.000000
7867,0.000000
7868,0.000000
7869,0.999892
787,0.000000
7870,0.000000
7871,0.000000
7872,0.000007
7873,1.000000
7874,1.000000
7875,0.999985
7876,0.008234
7877,0.000000
7878,0.000000
7879,0.000000
788,0.000000
7880,1.000000
7881,1.000000
7882,0.000000
7883,0.000000
7884,0.000000
7885,1.000000
7886,0.000000
7887,1.000000
7888,0.000000
7889,0.000000
789,0.999974
7890,0.000015
7891,0.992889
7892,0.999754
7893,1.000000
7894,1.000000
7895,0.000000
7896,1.000000
7897,0.000000
7898,0.997970
7899,0.000002
79,0.999973
790,1.000000
7900,1.000000
7901,0.997134
7902,1.000000
7903,1.000000
7904,0.000000
7905,0.000000
7906,0.999705
7907,1.000000
7908,0.934864
7909,0.998713
791,0.999987
7910,0.000000
7911,0.983215
7912,0.975329
7913,1.000000
7914,0.971422
7915,0.000000
7916,1.000000
7917,0.000000
7918,1.000000
7919,0.000000
792,1.000000
7920,1.000000
7921,0.970598
7922,1.000000
7923,0.151582
7924,0.000000
7925,1.000000
7926,0.000000
7927,1.000000
7928,0.999838
7929,1.000000
793,1.000000
7930,0.000000
7931,0.000000
7932,1.000000
7933,0.999747
7934,1.000000
7935,1.000000
7936,0.000000
7937,1.000000
7938,0.993472
7939,1.000000
794,1.000000
7940,0.000000
7941,0.993529
7942,0.000000
7943,0.000000
7944,0.000000
7945,1.000000
7946,1.000000
7947,0.999984
7948,0.000000
7949,1.000000
795,0.000000
7950,0.000000
7951,0.000000
7952,0.001087
7953,0.000000
7954,0.000000
7955,0.000001
7956,0.954037
7957,0.938118
7958,0.000000
7959,0.999121
796,0.000028
7960,0.000000
7961,0.000000
7962,0.000000
7963,0.991967
7964,0.997538
7965,0.000000
7966,0.999505
7967,0.999939
7968,0.000001
7969,1.000000
797,1.000000
7970,0.000000
7971,0.000000
7972,0.000000
7973,0.000000
7974,0.000000
7975,1.000000
7976,0.000000
7977,1.000000
7978,0.000000
7979,0.000000
798,0.999960
7980,0.000000
7981,1.000000
7982,0.999988
7983,0.000000
7984,0.000000
7985,0.812958
7986,0.996584
7987,0.000000
7988,1.000000
7989,0.995224
799,0.000000
7990,1.000000
7991,0.000000
7992,0.000000
7993,0.901520
7994,0.000000
7995,0.000000
7996,0.000000
7997,0.000000
7998,0.756801
7999,0.581237
8,0.000000
80,0.000001
800,0.999988
8000,0.000000
8001,0.000000
8002,0.000000
8003,0.999277
8004,0.000000
8005,1.000000
8006,0.000000
8007,0.000000
8008,1.000000
8009,0.000000
801,0.000000
8010,0.999921
8011,1.000000
8012,0.000013
8013,0.000014
8014,0.999998
8015,0.000000
8016,0.505917
8017,0.000000
8018,1.000000
8019,0.999552
802,0.000000
8020,0.000000
8021,0.892806
8022,0.000000
8023,1.000000
8024,1.000000
8025,0.000000
8026,0.000000
8027,1.000000
8028,0.999999
8029,0.000000
803,0.000000
8030,0.000202
8031,1.000000
8032,1.000000
8033,1.000000
8034,0.000000
8035,0.000000
8036,0.000000
8037,0.975002
8038,0.000000
8039,0.000000
804,0.000000
8040,0.000000
8041,0.000000
8042,0.000000
8043,1.000000
8044,0.000000
8045,0.994989
8046,0.000000
8047,0.000000
8048,0.000000
8049,1.000000
805,0.972903
8050,1.000000
8051,0.999998
8052,0.000000
8053,0.000000
8054,1.000000
8055,0.980880
8056,1.000000
8057,0.999660
8058,1.000000
8059,0.000000
806,1.000000
8060,0.372443
8061,1.000000
8062,0.000000
8063,0.000000
8064,0.999972
8065,0.998710
8066,0.000000
8067,1.000000
8068,1.000000
8069,0.000000
807,1.000000
8070,1.000000
8071,0.000000
8072,0.990230
8073,0.000000
8074,0.999999
8075,0.999214
8076,0.999645
8077,1.000000
8078,1.000000
8079,0.000022
808,0.995330
8080,0.000188
8081,0.000000
8082,1.000000
8083,1.000000
8084,0.947097
8085,0.000000
8086,1.000000
8087,0.000000
8088,0.982066
8089,0.000000
809,1.000000
8090,0.000000
8091,1.000000
8092,0.999943
8093,0.000000
8094,0.000000
8095,0.999986
8096,1.000000
8097,0.000000
8098,0.999998
8099,0.000000
81,0.533012
810,0.995609
8100,0.000000
8101,1.000000
8102,0.999996
8103,0.000009
8104,0.000000
8105,0.000000
8106,0.000000
8107,0.000000
8108,0.999752
8109,0.000000
811,0.000000
8110,0.999756
8111,0.000000
8112,0.067659
8113,1.000000
8114,1.000000
8115,0.000000
8116,0.000000
8117,0.999959
8118,0.998993
8119,0.000000
812,1.000000
8120,0.000000
8121,1.000000
8122,0.999922
8123,1.000000
8124,0.000000
8125,0.000000
8126,1.000000
8127,1.000000
8128,0.000000
8129,0.000000
813,0.858229
8130,0.000000
8131,0.999233
8132,0.000000
8133,1.000000
8134,0.993393
8135,0.000000
8136,0.000000
8137,0.228580
8138,0.100752
8139,1.000000
814,1.000000
8140,0.874282
8141,0.000000
8142,0.999904
8143,0.999998
8144,0.000000
8145,0.982197
8146,0.000000
8147,0.999999
8148,0.995606
8149,0.000000
815,0.999999
8150,0.000000
8151,0.000002
8152,0.000000
8153,1.000000
8154,0.000000
8155,1.000000
8156,0.000090
8157,0.999999
8158,1.000000
8159,0.995286
816,1.000000
8160,1.000000
8161,0.000030
8162,1.000000
8163,0.000000
8164,0.730155
8165,0.000000
8166,0.956188
8167,0.000000
8168,0.804706
8169,1.000000
817,0.000000
8170,0.000000
8171,0.000000
8172,0.000000
8173,0.000000
8174,1.000000
8175,0.000000
8176,0.000000
8177,0.953345
8178,0.000000
8179,0.000091
818,1.000000
8180,1.000000
8181,0.000000
8182,0.999915
8183,1.000000
8184,0.000000
8185,0.989259
8186,0.000000
8187,1.000000
8188,0.000000
8189,0.000000
819,1.000000
8190,0.998518
8191,0.996968
8192,0.000000
8193,0.999994
8194,1.000000
8195,0.000000
8196,0.000000
8197,1.000000
8198,0.000000
8199,0.996261
82,0.000000
820,0.000000
8200,0.000000
8201,1.000000
8202,1.000000
8203,0.000000
8204,0.000000
8205,1.000000
8206,0.659395
8207,1.000000
8208,0.991774
8209,0.000000
821,0.997667
8210,0.000000
8211,0.984063
8212,0.998812
8213,0.999574
8214,0.000000
8215,1.000000
8216,1.000000
8217,0.001138
8218,0.000000
8219,1.000000
822,0.000000
8220,0.000000
8221,1.000000
8222,0.000000
8223,1.000000
8224,0.992550
8225,0.000000
8226,0.000000
8227,1.000000
8228,1.000000
8229,1.000000
823,0.999743
8230,0.999818
8231,0.000000
8232,0.000000
8233,0.000000
8234,1.000000
8235,0.000000
8236,0.008652
8237,0.000000
8238,1.000000
8239,0.000000
824,0.000000
8240,0.951464
8241,0.000000
8242,0.999994
8243,0.987176
8244,0.000000
8245,0.000000
8246,0.999451
8247,0.000000
8248,1.000000
8249,1.000000
825,0.000000
8250,0.000000
8251,0.000000
8252,0.000000
8253,0.000000
8254,0.000000
8255,1.000000
8256,0.986890
8257,0.000000
8258,0.858089
8259,0.999903
826,1.000000
8260,1.000000
8261,0.000000
8262,0.000000
8263,1.000000
8264,0.832031
8265,0.000000
8266,0.000000
8267,0.999990
8268,0.000000
8269,0.761809
827,0.000000
8270,0.000000
8271,0.999569
8272,0.000000
8273,0.000000
8274,0.000000
8275,0.000000
8276,1.000000
8277,0.000000
8278,0.999998
8279,0.999815
828,1.000000
8280,1.000000
8281,0.999967
8282,0.000000
8283,0.970739
8284,0.000000
8285,0.999416
8286,0.999720
8287,0.034792
8288,0.999732
8289,0.000000
829,0.999973
8290,0.000000
8291,0.969842
8292,0.999999
8293,0.000000
8294,0.000000
8295,0.000000
8296,0.000000
8297,0.000000
8298,0.000000
8299,0.000000
83,1.000000
830,0.000000
8300,0.000000
8301,1.000000
8302,0.000000
8303,0.993905
8304,0.999999
8305,0.999989
8306,1.000000
8307,0.000000
8308,1.000000
8309,0.995409
831,0.000000
8310,1.000000
8311,0.000000
8312,0.000000
8313,0.000000
8314,0.000000
8315,0.000000
8316,0.999999
8317,0.000000
8318,0.000000
8319,0.999988
832,1.000000
8320,0.000000
8321,1.000000
8322,0.000040
8323,0.999991
8324,1.000000
8325,0.999930
8326,1.000000
8327,0.992905
8328,0.000000
8329,0.000000
833,0.991603
8330,0.000000
8331,1.000000
8332,1.000000
8333,0.000000
8334,0.000000
8335,0.996549
8336,0.000000
8337,1.000000
8338,0.000000
8339,1.000000
834,1.000000
8340,0.000000
8341,1.000000
8342,1.000000
8343,1.000000
8344,1.000000
8345,0.000000
8346,1.000000
8347,0.999511
8348,0.000000
8349,0.000000
835,1.000000
8350,1.000000
8351,0.000000
8352,0.000000
8353,0.000000
8354,0.000000
8355,0.999847
8356,0.000000
8357,0.883241
8358,0.820039
8359,0.000000
836,0.000000
8360,1.000000
8361,1.000000
8362,0.885270
8363,0.000000
8364,0.999178
8365,0.000000
8366,0.000000
8367,0.000000
8368,0.000000
8369,1.000000
837,0.999904
8370,0.563789
8371,0.000000
8372,0.000000
8373,0.000000
8374,0.000000
8375,0.841519
8376,0.000000
8377,0.000000
8378,0.986765
8379,1.000000
838,0.000000
8380,1.000000
8381,0.000000
8382,1.000000
8383,0.000000
8384,1.000000
8385,0.515086
8386,0.000069
8387,0.000000
8388,0.999128
8389,0.999998
839,0.998181
8390,0.993490
8391,0.000000
8392,1.000000
8393,0.000000
8394,1.000000
8395,0.967331
8396,1.000000
8397,0.000000
8398,1.000000
8399,0.999924
84,0.000000
840,0.000000
8400,0.000000
8401,0.000000
8402,0.000000
8403,0.997660
8404,0.000000
8405,0.000000
8406,0.000000
8407,1.000000
8408,0.000000
8409,0.000000
841,0.000000
8410,0.001292
8411,1.000000
8412,0.999999
8413,0.000000
8414,1.000000
8415,1.000000
8416,1.000000
8417,0.000000
8418,0.000000
8419,0.999943
842,1.000000
8420,0.000000
8421,0.000000
8422,1.000000
8423,0.000000
8424,1.000000
8425,0.000038
8426,0.000000
8427,0.000000
8428,0.000000
8429,0.000000
843,0.000000
8430,0.968511
8431,0.000000
8432,0.000000
8433,0.999278
8434,1.000000
8435,0.000000
8436,0.000000
8437,0.000000
8438,0.999996
8439,1.000000
844,1.000000
8440,0.983134
8441,0.999999
8442,0.994204
8443,0.000000
8444,0.991046
8445,1.000000
8446,0.000000
8447,0.000000
8448,0.996300
8449,0.999691
845,0.999997
8450,0.000000
8451,0.000000
8452,0.000000
8453,0.000000
8454,0.000000
8455,1.000000
8456,0.000000
8457,1.000000
8458,0.000000
8459,0.000000
846,1.000000
8460,0.000000
8461,0.994626
8462,0.000000
8463,0.999712
8464,0.968259
8465,0.000000
8466,0.000000
8467,1.000000
8468,0.000000
8469,0.000000
847,0.000000
8470,0.987170
8471,0.000000
8472,0.006736
8473,0.000000
8474,0.999994
8475,0.000000
8476,1.000000
8477,0.000000
8478,1.000000
8479,0.600887
848,0.999997
8480,0.000000
8481,0.999995
8482,0.000005
8483,0.984682
8484,0.000000
8485,1.000000
8486,1.000000
8487,0.000000
8488,1.000000
8489,0.000000
849,0.000000
8490,0.000000
8491,0.000000
8492,0.000000
8493,0.000000
8494,0.000000
8495,0.000078
8496,0.966190
8497,1.000000
8498,0.000000
8499,0.000846
85,1.000000
850,0.000000
8500,0.000000
8501,0.000000
8502,0.000000
8503,1.000000
8504,0.000000
8505,0.999272
8506,0.000000
8507,0.000000
8508,0.000000
8509,0.990769
851,0.934027
8510,0.000000
8511,0.000000
8512,0.996983
8513,0.000053
8514,0.000000
8515,1.000000
8516,0.998592
8517,0.000001
8518,0.999471
8519,0.999993
852,0.000000
8520,0.000000
8521,0.000000
8522,0.000000
8523,0.000000
8524,0.000000
8525,0.000000
8526,0.000000
8527,0.999969
8528,1.000000
8529,0.000000
853,1.000000
8530,0.000000
8531,0.000000
8532,0.997435
8533,0.000000
8534,1.000000
8535,0.000000
8536,0.000000
8537,0.000000
8538,0.000000
8539,1.000000
854,1.000000
8540,0.999978
8541,0.999999
8542,0.999995
8543,0.999941
8544,0.999983
8545,1.000000
8546,0.000000
8547,1.000000
8548,0.998963
8549,0.000000
855,0.000000
8550,0.000000
8551,1.000000
8552,0.002016
8553,0.000000
8554,0.000000
8555,0.000000
8556,1.000000
8557,0.999960
8558,0.000000
8559,1.000000
856,0.000000
8560,0.998441
8561,1.000000
8562,1.000000
8563,0.000000
8564,1.000000
8565,0.999999
8566,0.000000
8567,0.000000
8568,0.000000
8569,1.000000
857,1.000000
8570,0.000000
8571,0.999954
8572,0.961921
8573,1.000000
8574,0.000000
8575,0.000000
8576,0.000000
8577,0.000000
8578,0.079729
8579,0.999524
858,0.999974
8580,0.000000
8581,0.999998
8582,0.000000
8583,0.999983
8584,0.000000
8585,0.000000
8586,0.000000
8587,0.000000
8588,0.000000
8589,1.000000
859,0.000000
8590,1.000000
8591,0.000000
8592,0.996497
8593,0.000000
8594,0.000008
8595,0.000000
8596,0.999795
8597,0.000000
8598,0.000000
8599,0.000000
86,0.599629
860,0.000000
8600,1.000000
8601,1.000000
8602,0.000000
8603,0.995173
8604,0.000000
8605,0.000000
8606,0.000000
8607,0.000036
8608,0.000000
8609,0.931800
861,1.000000
8610,1.000000
8611,1.000000
8612,1.000000
8613,0.999720
8614,0.000000
8615,0.998044
8616,0.000000
8617,0.000000
8618,0.002242
8619,0.000000
862,1.000000
8620,0.999978
8621,0.005360
8622,1.000000
8623,0.000001
8624,0.000000
8625,0.000000
8626,0.999988
8627,0.005266
8628,1.000000
8629,1.000000
863,1.000000
8630,0.999996
8631,0.000000
8632,0.999200
8633,1.000000
8634,1.000000
8635,0.999999
8636,1.000000
8637,1.000000
8638,0.999728
8639,0.000000
864,1.000000
8640,0.000009
8641,0.000000
8642,0.988415
8643,0.995714
8644,0.000000
8645,0.999331
8646,0.999522
8647,0.000000
8648,1.000000
8649,0.000000
865,1.000000
8650,0.000000
8651,1.000000
8652,0.000000
8653,0.999999
8654,1.000000
8655,0.000000
8656,0.000000
8657,0.000000
8658,0.000000
8659,0.000000
866,1.000000
8660,0.000000
8661,0.893886
8662,0.000000
8663,1.000000
8664,0.000000
8665,0.000000
8666,1.000000
8667,0.000000
8668,1.000000
8669,0.000000
867,0.000000
8670,1.000000
8671,0.962228
8672,1.000000
8673,0.998566
8674,0.000003
8675,0.999938
8676,0.999993
8677,0.999984
8678,0.000000
8679,0.000000
868,0.000000
8680,0.000000
8681,0.000000
8682,0.000000
8683,0.999998
8684,0.000000
8685,0.000000
8686,0.000002
8687,0.000001
8688,0.997501
8689,0.000000
869,0.000000
8690,0.000000
8691,0.964196
8692,0.000000
8693,1.000000
8694,1.000000
8695,0.999131
8696,0.908302
8697,0.999998
8698,0.000000
8699,0.999977
87,0.999410
870,0.998795
8700,0.999844
8701,0.000000
8702,0.999480
8703,1.000000
8704,0.000000
8705,0.000000
8706,1.000000
8707,0.999986
8708,1.000000
8709,0.000000
871,1.000000
8710,0.000000
8711,0.000000
8712,1.000000
8713,1.000000
8714,0.000000
8715,1.000000
8716,0.015348
8717,0.000000
8718,0.000000
8719,1.000000
872,0.000000
8720,0.904366
8721,1.000000
8722,1.000000
8723,0.000000
8724,0.000000
8725,0.054904
8726,0.000000
8727,0.999089
8728,0.999999
8729,0.999983
873,1.000000
8730,0.989147
8731,0.742760
8732,0.993053
8733,0.988594
8734,0.000000
8735,0.002801
8736,0.999988
8737,0.000000
8738,0.958839
8739,0.084916
874,1.000000
8740,1.000000
8741,0.000000
8742,0.000000
8743,0.000000
8744,0.000000
8745,1.000000
8746,0.999999
8747,0.000000
8748,0.000000
8749,0.000000
875,0.000000
8750,0.000000
8751,0.000000
8752,0.123193
8753,0.000000
8754,0.000000
8755,0.999963
8756,1.000000
8757,0.000000
8758,1.000000
8759,0.999979
876,1.000000
8760,0.000000
8761,0.910486
8762,0.999724
8763,0.896696
8764,0.000000
8765,0.000000
8766,0.000000
8767,0.999842
8768,0.872380
8769,0.000000
877,0.000000
8770,0.000000
8771,0.999673
8772,0.924327
8773,0.000000
8774,0.000000
8775,1.000000
8776,0.000000
8777,0.000000
8778,0.000142
8779,0.982799
878,0.000233
8780,0.000000
8781,0.000000
8782,0.000000
8783,0.000000
8784,1.000000
8785,0.000000
8786,1.000000
8787,0.000000
8788,0.918027
8789,1.000000
879,0.999960
8790,0.000000
8791,0.936037
8792,1.000000
8793,1.000000
8794,0.999992
8795,0.000000
8796,1.000000
8797,1.000000
8798,0.000000
8799,0.999927
88,1.000000
880,0.000000
8800,0.999995
8801,1.000000
8802,1.000000
8803,0.000000
8804,0.999834
8805,0.000000
8806,0.865167
8807,1.000000
8808,0.000000
8809,0.999975
881,0.000000
8810,0.000000
8811,0.999977
8812,0.999832
8813,0.000000
8814,0.000000
8815,0.999904
8816,1.000000
8817,1.000000
8818,0.999998
8819,0.997516
882,1.000000
8820,0.000000
8821,0.999994
8822,0.555506
8823,1.000000
8824,0.000000
8825,0.000000
8826,0.000000
8827,1.000000
8828,0.999960
8829,0.981180
883,1.000000
8830,1.000000
8831,1.000000
8832,0.000000
8833,0.000000
8834,0.000035
8835,1.000000
8836,0.000000
8837,1.000000
8838,0.997271
8839,0.946286
884,0.999999
8840,0.000001
8841,0.000000
8842,1.000000
8843,1.000000
8844,0.000000
8845,0.000000
8846,0.989193
8847,0.990905
8848,0.000000
8849,0.000000
885,0.999614
8850,0.007094
8851,0.000000
8852,0.000000
8853,0.000000
8854,0.000000
8855,0.999997
8856,0.000000
8857,0.999300
8858,0.000000
8859,0.000000
886,0.000000
8860,0.998044
8861,1.000000
8862,1.000000
8863,0.999533
8864,1.000000
8865,0.999999
8866,0.000000
8867,0.000000
8868,0.999896
8869,1.000000
887,0.824289
8870,1.000000
8871,0.000000
8872,0.000000
8873,0.000000
8874,0.000000
8875,0.000000
8876,0.000000
8877,0.973091
8878,1.000000
8879,1.000000
888,0.000000
8880,0.687025
8881,1.000000
8882,0.198778
8883,1.000000
8884,1.000000
8885,0.000000
8886,0.000000
8887,0.000000
8888,1.000000
8889,0.999380
889,0.000000
8890,0.000000
8891,1.000000
8892,1.000000
8893,0.000000
8894,0.000000
8895,0.000000
8896,0.000000
8897,1.000000
8898,1.000000
8899,0.000000
89,0.000000
890,0.930276
8900,0.000000
8901,1.000000
8902,0.141178
8903,1.000000
8904,0.000000
8905,0.000000
8906,0.000000
8907,0.999988
8908,0.000000
8909,0.000000
891,0.299011
8910,0.000000
8911,0.000000
8912,0.000000
8913,0.999961
8914,0.000000
8915,0.986244
8916,0.000000
8917,0.000000
8918,0.989181
8919,0.968447
892,1.000000
8920,1.000000
8921,0.000000
8922,0.000000
8923,0.816119
8924,1.000000
8925,0.000000
8926,0.000000
8927,1.000000
8928,0.000000
8929,0.000000
893,0.995390
8930,0.000000
8931,0.000000
8932,0.000000
8933,1.000000
8934,0.000039
8935,0.999978
8936,1.000000
8937,0.000000
8938,0.999998
8939,1.000000
894,0.000000
8940,0.982860
8941,0.000000
8942,0.000000
8943,0.000000
8944,0.999999
8945,0.000000
8946,0.000000
8947,1.000000
8948,0.999146
8949,0.000000
895,0.000436
8950,1.000000
8951,0.000000
8952,0.999997
8953,0.999998
8954,0.000000
8955,0.000000
8956,0.000000
8957,0.000000
8958,1.000000
8959,1.000000
896,0.000000
8960,1.000000
8961,1.000000
8962,0.000000
8963,0.000000
8964,1.000000
8965,1.000000
8966,0.714110
8967,0.981274
8968,0.680861
8969,0.999865
897,0.000000
8970,1.000000
8971,0.395746
8972,0.000054
8973,0.999956
8974,1.000000
8975,0.997022
8976,1.000000
8977,1.000000
8978,0.000002
8979,0.000000
898,0.000000
8980,0.000000
8981,0.000000
8982,1.000000
8983,0.924955
8984,0.000000
8985,1.000000
8986,0.999106
8987,1.000000
8988,0.000000
8989,0.000000
899,1.000000
8990,1.000000
8991,1.000000
8992,0.999997
8993,0.996654
8994,0.000000
8995,0.771817
8996,0.000000
8997,0.614045
8998,0.999345
8999,0.000000
9,0.000000
90,0.000367
900,0.999999
9000,1.000000
9001,1.000000
9002,0.000002
9003,0.994880
9004,0.956975
9005,0.000000
9006,1.000000
9007,0.000000
9008,0.000000
9009,1.000000
901,1.000000
9010,0.000000
9011,0.999904
9012,0.000002
9013,0.999997
9014,0.000000
9015,0.000000
9016,0.003858
9017,0.999818
9018,1.000000
9019,0.000000
902,0.000000
9020,0.000000
9021,1.000000
9022,0.999974
9023,0.999887
9024,0.000000
9025,0.999378
9026,1.000000
9027,0.996711
9028,0.000000
9029,0.000001
903,0.988918
9030,0.999999
9031,1.000000
9032,0.000000
9033,0.000000
9034,0.000000
9035,0.000000
9036,0.998990
9037,0.000000
9038,1.000000
9039,0.870856
904,1.000000
9040,1.000000
9041,0.000000
9042,0.000000
9043,0.000000
9044,1.000000
9045,0.999636
9046,0.000000
9047,0.000000
9048,0.000000
9049,0.000000
905,0.000000
9050,0.000000
9051,1.000000
9052,0.000000
9053,0.000000
9054,0.961628
9055,0.902131
9056,0.000000
9057,0.000000
9058,0.761632
9059,1.000000
906,0.000000
9060,0.000000
9061,1.000000
9062,1.000000
9063,1.000000
9064,0.999911
9065,0.000146
9066,0.985111
9067,1.000000
9068,0.000000
9069,1.000000
907,0.999995
9070,0.000000
9071,0.000000
9072,1.000000
9073,1.000000
9074,0.000000
9075,0.999995
9076,0.999999
9077,0.000000
9078,0.000000
9079,0.000000
908,1.000000
9080,0.997403
9081,0.000000
9082,0.992452
9083,0.940381
9084,1.000000
9085,1.000000
9086,1.000000
9087,0.000018
9088,0.000000
9089,0.000000
909,0.000000
9090,0.000000
9091,0.000000
9092,0.999982
9093,1.000000
9094,0.000000
9095,0.010640
9096,0.000000
9097,0.000000
9098,0.000000
9099,1.000000
91,0.000000
910,0.000000
9100,0.000000
9101,1.000000
9102,0.997801
9103,0.000000
9104,0.000000
9105,0.992450
9106,1.000000
9107,0.000001
9108,0.999941
9109,0.000000
911,0.000000
9110,0.000000
9111,0.999984
9112,0.000000
9113,0.000000
9114,0.000000
9115,1.000000
9116,0.000000
9117,0.972353
9118,0.000000
9119,1.000000
912,1.000000
9120,0.000000
9121,0.000000
9122,0.000000
9123,0.000000
9124,0.000000
9125,0.000000
9126,1.000000
9127,0.000000
9128,0.999999
9129,1.000000
913,0.997632
9130,0.000000
9131,0.000197
9132,0.999999
9133,1.000000
9134,0.999990
9135,1.000000
9136,1.000000
9137,0.000000
9138,1.000000
9139,0.999881
914,0.000140
9140,0.999936
9141,0.057021
9142,0.000000
9143,1.000000
9144,0.999909
9145,0.000000
9146,0.000000
9147,0.000000
9148,0.999992
9149,0.000000
915,0.973030
9150,0.000000
9151,1.000000
9152,0.000000
9153,1.000000
9154,0.000000
9155,0.999696
9156,0.000000
9157,0.000000
9158,0.901378
9159,0.926703
916,0.959921
9160,0.000000
9161,0.999604
9162,0.814056
9163,0.000000
9164,1.000000
9165,1.000000
9166,0.000000
9167,0.999913
9168,0.994685
9169,0.981774
917,0.000000
9170,1.000000
9171,1.000000
9172,0.209126
9173,0.000000
9174,1.000000
9175,0.958799
9176,0.000000
9177,1.000000
9178,0.000000
9179,1.000000
918,1.000000
9180,0.000000
9181,1.000000
9182,0.000000
9183,0.000000
9184,1.000000
9185,1.000000
9186,0.000000
9187,0.996891
9188,1.000000
9189,1.000000
919,0.000000
9190,1.000000
9191,0.323652
9192,0.000000
9193,0.999912
9194,0.000000
9195,0.000000
9196,0.000000
9197,0.000000
9198,0.000000
9199,0.984480
92,0.000000
920,0.000000
9200,1.000000
9201,0.000000
9202,0.999441
9203,0.000000
9204,1.000000
9205,0.000000
9206,1.000000
9207,1.000000
9208,0.000000
9209,0.000000
921,0.000000
9210,0.000000
9211,0.000000
9212,0.999999
9213,0.000010
9214,0.999444
9215,0.000000
9216,0.000000
9217,1.000000
9218,0.998793
9219,0.000000
922,0.993506
9220,0.000000
9221,0.000000
9222,1.000000
9223,0.000000
9224,1.000000
9225,0.000000
9226,0.000000
9227,0.926439
9228,0.000000
9229,0.000000
923,1.000000
9230,0.999875
9231,1.000000
9232,0.000000
9233,1.000000
9234,0.910211
9235,0.000004
9236,0.000000
9237,0.000000
9238,0.931540
9239,0.000000
924,0.000000
9240,0.000001
9241,1.000000
9242,0.986839
9243,0.000002
9244,1.000000
9245,0.834372
9246,1.000000
9247,0.000237
9248,1.000000
9249,1.000000
925,0.000000
9250,0.000000
9251,0.000000
9252,0.000000
9253,0.996463
9254,0.999239
9255,1.000000
9256,0.000000
9257,0.000000
9258,0.126363
9259,1.000000
926,0.000000
9260,0.998046
9261,0.999996
9262,0.000000
9263,1.000000
9264,0.000000
9265,0.000000
9266,1.000000
9267,0.000000
9268,0.000000
9269,1.000000
927,0.000000
9270,0.844508
9271,0.000000
9272,0.999999
9273,1.000000
9274,0.999875
9275,1.000000
9276,0.000000
9277,1.000000
9278,0.000000
9279,0.999848
928,0.000000
9280,1.000000
9281,1.000000
9282,1.000000
9283,0.000000
9284,0.999994
9285,1.000000
9286,0.982542
9287,1.000000
9288,0.000000
9289,1.000000
929,0.000000
9290,1.000000
9291,1.000000
9292,0.000000
9293,0.000019
9294,0.999999
9295,1.000000
9296,0.998858
9297,1.000000
9298,0.999991
9299,0.000000
93,0.000000
930,1.000000
9300,0.929577
9301,0.002755
9302,1.000000
9303,0.000000
9304,1.000000
9305,0.000000
9306,0.512073
9307,0.000000
9308,0.002150
9309,0.000001
931,0.000000
9310,1.000000
9311,0.909899
9312,1.000000
9313,0.000000
9314,0.000000
9315,1.000000
9316,0.999616
9317,0.000000
9318,0.000000
9319,1.000000
932,0.000000
9320,0.000002
9321,0.979550
9322,0.753041
9323,1.000000
9324,0.000000
9325,0.000000
9326,1.000000
9327,0.000000
9328,0.000000
9329,0.164167
933,0.000000
9330,1.000000
9331,0.999902
9332,0.000000
9333,0.999956
9334,1.000000
9335,1.000000
9336,0.999980
9337,0.000000
9338,0.000000
9339,0.000018
934,0.969247
9340,0.000000
9341,0.956041
9342,1.000000
9343,1.000000
9344,1.000000
9345,0.994783
9346,1.000000
9347,1.000000
9348,0.000000
9349,0.000000
935,0.996731
9350,0.994715
9351,0.000000
9352,0.000000
9353,0.000000
9354,0.958051
9355,0.000000
9356,0.999614
9357,0.999994
9358,1.000000
9359,0.000000
936,0.000000
9360,1.000000
9361,0.999918
9362,0.006177
9363,0.000000
9364,0.996606
9365,1.000000
9366,0.999991
9367,0.548738
9368,0.000000
9369,0.999963
937,0.000000
9370,0.000000
9371,0.000000
9372,1.000000
9373,0.000074
9374,0.000000
9375,1.000000
9376,0.000000
9377,1.000000
9378,1.000000
9379,0.000000
938,0.000000
9380,0.911079
9381,1.000000
9382,0.000000
9383,0.000000
9384,0.000000
9385,0.000000
9386,0.999999
9387,0.000000
9388,1.000000
9389,0.000000
939,0.922471
9390,0.000000
9391,0.000000
9392,0.000000
9393,1.000000
9394,0.972494
9395,0.001342
9396,1.000000
9397,1.000000
9398,0.982868
9399,0.000000
94,1.000000
940,1.000000
9400,0.000000
9401,0.979805
9402,0.999173
9403,0.000000
9404,0.000000
9405,0.000000
9406,0.000000
9407,0.999932
9408,0.000000
9409,1.000000
941,0.000000
9410,1.000000
9411,0.000000
9412,0.000000
9413,0.998680
9414,1.000000
9415,0.995305
9416,1.000000
9417,0.999997
9418,0.000000
9419,1.000000
942,0.000000
9420,1.000000
9421,0.996382
9422,0.000000
9423,0.000000
9424,0.910466
9425,0.000000
9426,0.999995
9427,0.999984
9428,0.999931
9429,0.000000
943,0.000000
9430,0.999999
9431,1.000000
9432,0.000000
9433,1.000000
9434,0.000000
9435,1.000000
9436,0.994599
9437,1.000000
9438,0.716120
9439,0.000000
944,0.984206
9440,0.000000
9441,1.000000
9442,0.000000
9443,1.000000
9444,0.000000
9445,0.999999
9446,0.000000
9447,0.000000
9448,1.000000
9449,1.000000
945,0.998223
9450,0.000000
9451,0.000000
9452,0.000000
9453,1.000000
9454,0.000000
9455,0.000000
9456,1.000000
9457,0.000000
9458,0.999604
9459,0.000000
946,1.000000
9460,0.996085
9461,0.000000
9462,0.000000
9463,0.000000
9464,0.000000
9465,1.000000
9466,0.000000
9467,0.000000
9468,0.000000
9469,0.000000
947,0.000000
9470,1.000000
9471,0.000000
9472,0.999835
9473,1.000000
9474,0.000000
9475,0.000000
9476,0.988060
9477,0.788183
9478,1.000000
9479,1.000000
948,0.000000
9480,1.000000
9481,0.999997
9482,0.000000
9483,0.000000
9484,0.000000
9485,0.000000
9486,0.000000
9487,0.000000
9488,0.999991
9489,1.000000
949,1.000000
9490,0.999967
9491,0.000000
9492,0.000000
9493,1.000000
9494,0.000000
9495,1.000000
9496,0.000000
9497,1.000000
9498,0.000000
9499,0.000000
95,1.000000
950,0.999194
9500,0.999987
9501,1.000000
9502,0.000000
9503,0.000002
9504,0.997840
9505,0.998872
9506,0.000000
9507,0.000000
9508,0.000000
9509,0.997222
951,0.000000
9510,1.000000
9511,0.000000
9512,0.000000
9513,0.999896
9514,0.000000
9515,1.000000
9516,0.995981
9517,0.000000
9518,0.000000
9519,0.000000
952,0.000000
9520,0.999996
9521,1.000000
9522,0.000000
9523,0.000000
9524,0.700101
9525,0.000000
9526,1.000000
9527,0.000000
9528,0.000000
9529,0.000000
953,0.998747
9530,0.977046
9531,0.999972
9532,0.000000
9533,1.000000
9534,0.999988
9535,1.000000
9536,0.000032
9537,0.999987
9538,0.000000
9539,1.000000
954,0.000000
9540,0.000000
9541,0.000000
9542,0.000000
9543,0.000000
9544,0.769615
9545,0.000000
9546,0.998468
9547,0.998845
9548,0.999843
9549,1.000000
955,0.998824
9550,1.000000
9551,1.000000
9552,1.000000
9553,0.000000
9554,1.000000
9555,0.000000
9556,0.444389
9557,0.839870
9558,0.962310
9559,1.000000
956,1.000000
9560,0.999998
9561,0.000000
9562,0.000000
9563,1.000000
9564,0.000000
9565,1.000000
9566,0.993874
9567,1.000000
9568,0.999491
9569,0.210194
957,0.962725
9570,0.000000
9571,0.000000
9572,1.000000
9573,0.953023
9574,0.000000
9575,0.000000
9576,1.000000
9577,1.000000
9578,0.000000
9579,0.000052
958,1.000000
9580,0.000000
9581,0.000000
9582,0.000000
9583,0.987748
9584,0.999875
9585,0.000000
9586,0.000000
9587,0.000000
9588,0.000000
9589,0.360427
959,0.000000
9590,0.000000
9591,0.000000
9592,0.000000
9593,0.000000
9594,0.991934
9595,0.000000
9596,0.079652
9597,0.000132
9598,0.999897
9599,1.000000
96,0.000000
960,0.999988
9600,0.982281
9601,0.000001
9602,1.000000
9603,0.000000
9604,0.999999
9605,0.000000
9606,0.984414
9607,0.999994
9608,1.000000
9609,0.000000
961,0.000000
9610,0.000000
9611,0.003631
9612,0.993560
9613,1.000000
9614,0.943316
9615,0.960033
9616,1.000000
9617,0.000000
9618,1.000000
9619,1.000000
962,1.000000
9620,0.000438
9621,0.000000
9622,0.000000
9623,0.000000
9624,1.000000
9625,0.959805
9626,0.000000
9627,0.000000
9628,0.000000
9629,0.000000
963,1.000000
9630,0.892808
9631,0.964213
9632,0.000000
9633,0.000000
9634,0.977363
9635,0.000000
9636,0.000000
9637,1.000000
9638,0.000000
9639,0.999684
964,0.000000
9640,0.000000
9641,0.997506
9642,0.000000
9643,1.000000
9644,0.000000
9645,0.882952
9646,0.999985
9647,1.000000
9648,0.000000
9649,1.000000
965,0.000000
9650,0.000000
9651,1.000000
9652,0.956370
9653,0.000000
9654,0.982526
9655,0.998866
9656,0.000000
9657,1.000000
9658,0.000000
9659,1.000000
966,1.000000
9660,1.000000
9661,0.999999
9662,0.000000
9663,0.997894
9664,0.999995
9665,0.000000
9666,0.000000
9667,1.000000
9668,0.401772
9669,0.979501
967,0.000000
9670,0.000000
9671,1.000000
9672,0.000000
9673,0.000000
9674,1.000000
9675,1.000000
9676,0.000000
9677,1.000000
9678,0.999144
9679,1.000000
968,1.000000
9680,1.000000
9681,0.999936
9682,0.000000
9683,0.000000
9684,1.000000
9685,0.000000
9686,1.000000
9687,1.000000
9688,0.000000
9689,0.000017
969,0.999999
9690,1.000000
9691,0.134278
9692,0.000000
9693,0.000000
9694,0.999999
9695,0.999659
9696,0.931877
9697,0.000000
9698,1.000000
9699,0.997013
97,1.000000
970,0.999999
9700,0.000000
9701,0.991610
9702,1.000000
9703,0.982020
9704,0.000000
9705,0.000000
9706,0.332176
9707,0.997599
9708,1.000000
9709,0.000000
971,0.997415
9710,0.000000
9711,0.000000
9712,0.000000
9713,0.999904
9714,0.680548
9715,0.003901
9716,0.000000
9717,0.000000
9718,0.000000
9719,0.000000
972,0.969079
9720,0.000001
9721,0.000000
9722,0.000000
9723,0.996879
9724,0.000000
9725,0.000000
9726,0.000000
9727,0.999639
9728,0.000000
9729,0.000000
973,0.000000
9730,0.000000
9731,1.000000
9732,0.000000
9733,0.000000
9734,0.000000
9735,0.000000
9736,0.000000
9737,0.000000
9738,0.401080
9739,0.000000
974,1.000000
9740,0.993365
9741,0.000000
9742,0.999879
9743,0.982434
9744,0.000000
9745,0.000000
9746,0.000000
9747,1.000000
9748,1.000000
9749,1.000000
975,0.000000
9750,0.000000
9751,1.000000
9752,0.000000
9753,0.000000
9754,0.000000
9755,0.000000
9756,0.999473
9757,0.000000
9758,1.000000
9759,0.000000
976,0.000000
9760,0.000000
9761,0.000000
9762,0.000000
9763,0.000000
9764,0.999206
9765,1.000000
9766,0.747542
9767,0.000000
9768,0.999693
9769,0.997726
977,0.000000
9770,0.981514
9771,0.999747
9772,0.999998
9773,0.000000
9774,1.000000
9775,0.999999
9776,0.952228
9777,1.000000
9778,1.000000
9779,0.993983
978,0.000000
9780,0.000000
9781,0.000017
9782,0.000000
9783,0.996122
9784,1.000000
9785,1.000000
9786,0.998244
9787,0.000000
9788,1.000000
9789,1.000000
979,1.000000
9790,0.000000
9791,0.000000
9792,0.000000
9793,0.000000
9794,0.000000
9795,0.000000
9796,0.000000
9797,0.999976
9798,0.999955
9799,0.992832
98,1.000000
980,0.999990
9800,0.000000
9801,0.000000
9802,0.000000
9803,0.000000
9804,0.000000
9805,0.000000
9806,0.999314
9807,1.000000
9808,1.000000
9809,0.966164
981,1.000000
9810,0.000000
9811,0.000000
9812,0.000000
9813,0.000000
9814,0.433126
9815,1.000000
9816,1.000000
9817,0.996948
9818,0.999565
9819,0.002926
982,0.972085
9820,0.000000
9821,0.997968
9822,0.911087
9823,1.000000
9824,0.000000
9825,0.020404
9826,0.949630
9827,0.058653
9828,1.000000
9829,0.000005
983,1.000000
9830,0.989751
9831,0.000000
9832,1.000000
9833,1.000000
9834,0.000000
9835,0.999999
9836,0.999983
9837,1.000000
9838,0.000000
9839,1.000000
984,0.990821
9840,0.997876
9841,0.991262
9842,0.000000
9843,0.999927
9844,1.000000
9845,0.055882
9846,0.000000
9847,1.000000
9848,0.000000
9849,1.000000
985,0.000000
9850,0.999996
9851,1.000000
9852,0.406798
9853,0.000000
9854,0.000000
9855,0.000000
9856,0.000000
9857,0.000000
9858,1.000000
9859,0.995886
986,0.000000
9860,0.000000
9861,1.000000
9862,0.000000
9863,0.000000
9864,0.000000
9865,0.000000
9866,0.999955
9867,1.000000
9868,0.000091
9869,0.877315
987,0.000000
9870,0.000000
9871,1.000000
9872,0.000000
9873,1.000000
9874,0.000000
9875,0.000134
9876,0.000000
9877,0.000000
9878,0.000000
9879,0.000000
988,0.000000
9880,0.999838
9881,0.000000
9882,0.996489
9883,0.000000
9884,0.000000
9885,1.000000
9886,1.000000
9887,1.000000
9888,0.000000
9889,1.000000
989,0.980856
9890,0.999917
9891,1.000000
9892,0.000000
9893,0.000000
9894,0.000000
9895,0.998902
9896,1.000000
9897,0.000000
9898,0.000000
9899,0.000000
99,0.000000
990,0.000000
9900,0.000000
9901,0.000000
9902,0.000000
9903,0.999976
9904,0.000000
9905,0.000000
9906,0.000000
9907,0.000000
9908,0.000000
9909,0.000000
991,0.000000
9910,0.999994
9911,0.923201
9912,0.982944
9913,0.000000
9914,1.000000
9915,0.000000
9916,1.000000
9917,1.000000
9918,0.992271
9919,1.000000
992,1.000000
9920,1.000000
9921,1.000000
9922,0.000000
9923,0.000000
9924,0.000000
9925,1.000000
9926,1.000000
9927,0.000000
9928,0.000000
9929,0.000000
993,0.999928
9930,0.000000
9931,0.999986
9932,1.000000
9933,1.000000
9934,1.000000
9935,0.983201
9936,0.000000
9937,0.999913
9938,0.977305
9939,0.570500
994,0.000000
9940,0.999994
9941,1.000000
9942,0.000000
9943,1.000000
9944,0.999997
9945,0.000000
9946,0.999930
9947,1.000000
9948,0.000077
9949,0.000000
995,0.997600
9950,0.000000
9951,0.000000
9952,0.000000
9953,0.000000
9954,1.000000
9955,1.000000
9956,0.000000
9957,0.270715
9958,0.000000
9959,0.999998
996,0.000000
9960,0.999032
9961,0.000000
9962,0.160314
9963,0.000000
9964,0.000000
9965,0.975959
9966,0.000000
9967,1.000000
9968,0.982352
9969,0.999811
997,0.999463
9970,0.889180
9971,0.000000
9972,0.000000
9973,0.998377
9974,0.000000
9975,0.000000
9976,0.999880
9977,0.640560
9978,0.000000
9979,0.000024
998,1.000000
9980,0.000000
9981,0.000000
9982,1.000000
9983,0.027380
9984,1.000000
9985,0.999997
9986,0.999997
9987,1.000000
9988,0.999994
9989,0.999999
999,0.000000
9990,0.907455
9991,0.999999
9992,0.931664
9993,0.000000
9994,0.000000
9995,0.000000
9996,0.945674
9997,1.000000
9998,0.000000
9999,0.000000
